"STATION","DATE","PRCP","SNOW","SNWD","TMAX","TMIN"
"USW00094728","2022-01-01","0.79","0.0","0.0","56","50"
"USW00094728","2022-01-02","0.04","0.0","0.0","59","37"
"USW00094728","2022-01-03","0.00","0.0","0.0","37","22"
"USW00094728","2022-01-04","0.00","0.0","0.0","34","19"
"USW00094728","2022-01-05","0.23","0.0","0.0","47","31"
"USW00094728","2022-01-06","0.00","0.0","0.0","41","34"
"USW00094728","2022-01-07","0.38","5.8","5.9","34","25"
"USW00094728","2022-01-08","0.00","0.0","3.1","30","20"
"USW00094728","2022-01-09","0.10","0.0","3.1","40","29"
"USW00094728","2022-01-10","0.00","0.0","0.0","40","24"
"USW00094728","2022-01-11","0.00","0.0","0.0","24","15"
"USW00094728","2022-01-12","0.00","0.0","0.0","40","20"
"USW00094728","2022-01-13","0.00","0.0","0.0","48","34"
"USW00094728","2022-01-14","0.00","0.0","0.0","43","21"
"USW00094728","2022-01-15","0.00","0.0","0.0","21","10"
"USW00094728","2022-01-16","0.37","0.8","0.0","37","10"
"USW00094728","2022-01-17","1.16","0.0","0.0","44","34"
"USW00094728","2022-01-18","0.00","0.0","0.0","36","29"
"USW00094728","2022-01-19","0.00","0.0","0.0","49","28"
"USW00094728","2022-01-20","0.30","0.0","0.0","46","22"
"USW00094728","2022-01-21","0.00","0.0","0.0","22","14"
"USW00094728","2022-01-22","0.00","0.0","0.0","29","13"
"USW00094728","2022-01-23","0.02","0.2","0.0","37","24"
"USW00094728","2022-01-24","0.00","0.0","0.0","36","26"
"USW00094728","2022-01-25","0.00","0.0","0.0","42","28"
"USW00094728","2022-01-26","0.00","0.0","0.0","28","20"
"USW00094728","2022-01-27","0.00","0.0","0.0","32","17"
"USW00094728","2022-01-28","0.13","1.2","0.0","32","29"
"USW00094728","2022-01-29","0.77","7.3","5.9","29","12"
"USW00094728","2022-01-30","0.00","0.0","7.1","26","12"
"USW00094728","2022-01-31","0.00","0.0","5.9","31","21"
"USW00094728","2022-02-01","0.00","0.0","5.9","36","23"
"USW00094728","2022-02-02","0.00","0.0","3.9","47","32"
"USW00094728","2022-02-03","0.42","0.0","2.0","52","42"
"USW00094728","2022-02-04","0.72","0.0","0.0","57","26"
"USW00094728","2022-02-05","0.00","0.0","0.0","27","19"
"USW00094728","2022-02-06","0.00","0.0","0.0","30","17"
"USW00094728","2022-02-07","0.15","0.0","0.0","37","30"
"USW00094728","2022-02-08","0.07","0.0","0.0","45","32"
"USW00094728","2022-02-09","0.00","0.0","0.0","46","29"
"USW00094728","2022-02-10","0.00","0.0","0.0","54","37"
"USW00094728","2022-02-11","0.00","0.0","0.0","57","38"
"USW00094728","2022-02-12","0.00","0.0","0.0","59","42"
"USW00094728","2022-02-13","0.23","1.6","1.2","42","25"
"USW00094728","2022-02-14","0.00","0.0","1.2","25","16"
"USW00094728","2022-02-15","0.00","0.0","0.0","30","16"
"USW00094728","2022-02-16","0.00","0.0","0.0","49","28"
"USW00094728","2022-02-17","0.31","0.0","0.0","68","49"
"USW00094728","2022-02-18","0.33","0.0","0.0","63","27"
"USW00094728","2022-02-19","0.00","0.0","0.0","40","23"
"USW00094728","2022-02-20","0.00","0.0","0.0","36","21"
"USW00094728","2022-02-21","0.00","0.0","0.0","55","32"
"USW00094728","2022-02-22","0.26","0.0","0.0","61","37"
"USW00094728","2022-02-23","0.00","0.0","0.0","68","35"
"USW00094728","2022-02-24","0.00","0.0","0.0","35","29"
"USW00094728","2022-02-25","0.74","0.4","0.0","41","26"
"USW00094728","2022-02-26","0.00","0.0","0.0","37","24"
"USW00094728","2022-02-27","0.00","0.0","0.0","48","28"
"USW00094728","2022-02-28","0.00","0.0","0.0","36","26"
"USW00094728","2022-03-01","0.00","0.0","0.0","48","31"
"USW00094728","2022-03-02","0.00","0.0","0.0","52","40"
"USW00094728","2022-03-03","0.03","0.0","0.0","48","24"
"USW00094728","2022-03-04","0.00","0.0","0.0","37","21"
"USW00094728","2022-03-05","0.00","0.0","0.0","46","32"
"USW00094728","2022-03-06","0.06","0.0","0.0","68","43"
"USW00094728","2022-03-07","0.03","0.0","0.0","74","50"
"USW00094728","2022-03-08","0.00","0.0","0.0","50","39"
"USW00094728","2022-03-09","0.56","0.4","0.0","41","33"
"USW00094728","2022-03-10","0.00","0.0","0.0","51","33"
"USW00094728","2022-03-11","0.00","0.0","0.0","55","40"
"USW00094728","2022-03-12","0.50","0.0","0.0","48","24"
"USW00094728","2022-03-13","0.00","0.0","0.0","35","22"
"USW00094728","2022-03-14","0.00","0.0","0.0","56","33"
"USW00094728","2022-03-15","0.00","0.0","0.0","68","46"
"USW00094728","2022-03-16","0.00","0.0","0.0","67","48"
"USW00094728","2022-03-17","0.08","0.0","0.0","53","45"
"USW00094728","2022-03-18","0.00","0.0","0.0","74","50"
"USW00094728","2022-03-19","0.05","0.0","0.0","70","49"
"USW00094728","2022-03-20","0.00","0.0","0.0","61","46"
"USW00094728","2022-03-21","0.00","0.0","0.0","62","44"
"USW00094728","2022-03-22","0.00","0.0","0.0","58","43"
"USW00094728","2022-03-23","0.06","0.0","0.0","49","38"
"USW00094728","2022-03-24","0.93","0.0","0.0","47","38"
"USW00094728","2022-03-25","0.02","0.0","0.0","60","44"
"USW00094728","2022-03-26","0.00","0.0","0.0","53","42"
"USW00094728","2022-03-27","0.00","0.0","0.0","46","28"
"USW00094728","2022-03-28","0.00","0.0","0.0","33","23"
"USW00094728","2022-03-29","0.00","0.0","0.0","38","24"
"USW00094728","2022-03-30","0.00","0.0","0.0","47","29"
"USW00094728","2022-03-31","0.07","0.0","0.0","66","45"
"USW00094728","2022-04-01","0.28","0.0","0.0","61","43"
"USW00094728","2022-04-02","0.00","0.0","0.0","54","38"
"USW00094728","2022-04-03","0.12","0.0","0.0","48","40"
"USW00094728","2022-04-04","0.00","0.0","0.0","54","39"
"USW00094728","2022-04-05","0.04","0.0","0.0","57","45"
"USW00094728","2022-04-06","0.45","0.0","0.0","53","44"
"USW00094728","2022-04-07","1.12","0.0","0.0","54","45"
"USW00094728","2022-04-08","0.03","0.0","0.0","65","49"
"USW00094728","2022-04-09","0.05","0.0","0.0","55","47"
"USW00094728","2022-04-10","0.00","0.0","0.0","50","42"
"USW00094728","2022-04-11","0.00","0.0","0.0","61","40"
"USW00094728","2022-04-12","0.07","0.0","0.0","72","50"
"USW00094728","2022-04-13","0.00","0.0","0.0","71","55"
"USW00094728","2022-04-14","0.06","0.0","0.0","79","57"
"USW00094728","2022-04-15","0.00","0.0","0.0","70","52"
"USW00094728","2022-04-16","0.20","0.0","0.0","73","44"
"USW00094728","2022-04-17","0.00","0.0","0.0","51","41"
"USW00094728","2022-04-18","0.85","0.0","0.0","54","39"
"USW00094728","2022-04-19","1.24","0.0","0.0","50","39"
"USW00094728","2022-04-20","0.00","0.0","0.0","60","42"
"USW00094728","2022-04-21","0.00","0.0","0.0","59","44"
"USW00094728","2022-04-22","0.00","0.0","0.0","70","53"
"USW00094728","2022-04-23","0.00","0.0","0.0","65","51"
"USW00094728","2022-04-24","0.00","0.0","0.0","63","48"
"USW00094728","2022-04-25","0.00","0.0","0.0","58","46"
"USW00094728","2022-04-26","0.02","0.0","0.0","60","52"
"USW00094728","2022-04-27","0.00","0.0","0.0","58","41"
"USW00094728","2022-04-28","0.00","0.0","0.0","58","40"
"USW00094728","2022-04-29","0.00","0.0","0.0","63","41"
"USW00094728","2022-04-30","0.00","0.0","0.0","68","44"
"USW00094728","2022-05-01","0.00","0.0","0.0","69","47"
"USW00094728","2022-05-02","0.23","0.0","0.0","56","51"
"USW00094728","2022-05-03","0.00","0.0","0.0","62","51"
"USW00094728","2022-05-04","0.08","0.0","0.0","65","50"
"USW00094728","2022-05-05","0.00","0.0","0.0","74","56"
"USW00094728","2022-05-06","0.69","0.0","0.0","61","49"
"USW00094728","2022-05-07","0.92","0.0","0.0","50","45"
"USW00094728","2022-05-08","0.00","0.0","0.0","58","45"
"USW00094728","2022-05-09","0.00","0.0","0.0","70","47"
"USW00094728","2022-05-10","0.00","0.0","0.0","73","51"
"USW00094728","2022-05-11","0.00","0.0","0.0","75","53"
"USW00094728","2022-05-12","0.00","0.0","0.0","75","58"
"USW00094728","2022-05-13","0.03","0.0","0.0","72","57"
"USW00094728","2022-05-14","0.22","0.0","0.0","72","60"
"USW00094728","2022-05-15","0.10","0.0","0.0","76","60"
"USW00094728","2022-05-16","0.12","0.0","0.0","75","61"
"USW00094728","2022-05-17","0.00","0.0","0.0","77","57"
"USW00094728","2022-05-18","0.01","0.0","0.0","72","55"
"USW00094728","2022-05-19","0.73","0.0","0.0","66","54"
"USW00094728","2022-05-20","0.40","0.0","0.0","69","55"
"USW00094728","2022-05-21","0.00","0.0","0.0","90","62"
"USW00094728","2022-05-22","0.00","0.0","0.0","89","72"
"USW00094728","2022-05-23","0.00","0.0","0.0","73","61"
"USW00094728","2022-05-24","0.00","0.0","0.0","67","57"
"USW00094728","2022-05-25","0.00","0.0","0.0","70","53"
"USW00094728","2022-05-26","0.00","0.0","0.0","70","54"
"USW00094728","2022-05-27","0.27","0.0","0.0","80","65"
"USW00094728","2022-05-28","0.72","0.0","0.0","74","63"
"USW00094728","2022-05-29","0.00","0.0","0.0","77","59"
"USW00094728","2022-05-30","0.00","0.0","0.0","84","63"
"USW00094728","2022-05-31","0.00","0.0","0.0","93","65"
"USW00094728","2022-06-01","0.71","0.0","0.0","72","60"
"USW00094728","2022-06-02","0.45","0.0","0.0","79","62"
"USW00094728","2022-06-03","0.00","0.0","0.0","76","62"
"USW00094728","2022-06-04","0.00","0.0","0.0","80","61"
"USW00094728","2022-06-05","0.00","0.0","0.0","77","57"
"USW00094728","2022-06-06","0.00","0.0","0.0","80","63"
"USW00094728","2022-06-07","0.08","0.0","0.0","78","63"
"USW00094728","2022-06-08","0.03","0.0","0.0","82","66"
"USW00094728","2022-06-09","0.83","0.0","0.0","81","65"
"USW00094728","2022-06-10","0.00","0.0","0.0","77","63"
"USW00094728","2022-06-11","0.00","0.0","0.0","74","66"
"USW00094728","2022-06-12","0.05","0.0","0.0","72","63"
"USW00094728","2022-06-13","0.00","0.0","0.0","85","68"
"USW00094728","2022-06-14","0.00","0.0","0.0","81","68"
"USW00094728","2022-06-15","0.00","0.0","0.0","83","66"
"USW00094728","2022-06-16","0.32","0.0","0.0","71","61"
"USW00094728","2022-06-17","0.00","0.0","0.0","88","69"
"USW00094728","2022-06-18","0.00","0.0","0.0","75","58"
"USW00094728","2022-06-19","0.00","0.0","0.0","73","54"
"USW00094728","2022-06-20","0.00","0.0","0.0","78","57"
"USW00094728","2022-06-21","0.06","0.0","0.0","80","63"
"USW00094728","2022-06-22","0.02","0.0","0.0","67","62"
"USW00094728","2022-06-23","0.08","0.0","0.0","74","61"
"USW00094728","2022-06-24","0.00","0.0","0.0","81","63"
"USW00094728","2022-06-25","0.00","0.0","0.0","90","69"
"USW00094728","2022-06-26","0.00","0.0","0.0","89","74"
"USW00094728","2022-06-27","0.29","0.0","0.0","77","69"
"USW00094728","2022-06-28","0.00","0.0","0.0","79","66"
"USW00094728","2022-06-29","0.00","0.0","0.0","84","66"
"USW00094728","2022-06-30","0.00","0.0","0.0","86","69"
"USW00094728","2022-07-01","0.00","0.0","0.0","91","73"
"USW00094728","2022-07-02","0.00","0.0","0.0","87","73"
"USW00094728","2022-07-03","0.00","0.0","0.0","88","73"
"USW00094728","2022-07-04","0.00","0.0","0.0","85","65"
"USW00094728","2022-07-05","0.09","0.0","0.0","87","70"
"USW00094728","2022-07-06","0.00","0.0","0.0","85","71"
"USW00094728","2022-07-07","0.00","0.0","0.0","84","69"
"USW00094728","2022-07-08","0.24","0.0","0.0","83","68"
"USW00094728","2022-07-09","0.00","0.0","0.0","85","71"
"USW00094728","2022-07-10","0.00","0.0","0.0","83","67"
"USW00094728","2022-07-11","0.00","0.0","0.0","85","67"
"USW00094728","2022-07-12","0.00","0.0","0.0","90","70"
"USW00094728","2022-07-13","0.00","0.0","0.0","91","74"
"USW00094728","2022-07-14","0.00","0.0","0.0","90","72"
"USW00094728","2022-07-15","0.00","0.0","0.0","86","73"
"USW00094728","2022-07-16","1.11","0.0","0.0","85","66"
"USW00094728","2022-07-17","0.00","0.0","0.0","83","71"
"USW00094728","2022-07-18","1.85","0.0","0.0","81","69"
"USW00094728","2022-07-19","0.00","0.0","0.0","90","73"
"USW00094728","2022-07-20","0.00","0.0","0.0","95","78"
"USW00094728","2022-07-21","0.16","0.0","0.0","92","74"
"USW00094728","2022-07-22","0.00","0.0","0.0","94","78"
"USW00094728","2022-07-23","0.00","0.0","0.0","95","78"
"USW00094728","2022-07-24","0.00","0.0","0.0","95","79"
"USW00094728","2022-07-25","0.98","0.0","0.0","86","73"
"USW00094728","2022-07-26","0.00","0.0","0.0","81","71"
"USW00094728","2022-07-27","0.00","0.0","0.0","85","70"
"USW00094728","2022-07-28","0.02","0.0","0.0","87","73"
"USW00094728","2022-07-29","0.10","0.0","0.0","85","72"
"USW00094728","2022-07-30","0.00","0.0","0.0","87","73"
"USW00094728","2022-07-31","0.00","0.0","0.0","86","71"
"USW00094728","2022-08-01","0.48","0.0","0.0","77","68"
"USW00094728","2022-08-02","0.00","0.0","0.0","90","72"
"USW00094728","2022-08-03","0.00","0.0","0.0","89","71"
"USW00094728","2022-08-04","0.00","0.0","0.0","93","76"
"USW00094728","2022-08-05","0.00","0.0","0.0","89","78"
"USW00094728","2022-08-06","0.00","0.0","0.0","92","77"
"USW00094728","2022-08-07","0.16","0.0","0.0","92","76"
"USW00094728","2022-08-08","0.00","0.0","0.0","93","79"
"USW00094728","2022-08-09","0.03","0.0","0.0","97","78"
"USW00094728","2022-08-10","0.00","0.0","0.0","87","75"
"USW00094728","2022-08-11","0.11","0.0","0.0","89","72"
"USW00094728","2022-08-12","0.00","0.0","0.0","85","71"
"USW00094728","2022-08-13","0.00","0.0","0.0","79","65"
"USW00094728","2022-08-14","0.00","0.0","0.0","82","66"
"USW00094728","2022-08-15","0.00","0.0","0.0","83","68"
"USW00094728","2022-08-16","0.00","0.0","0.0","83","66"
"USW00094728","2022-08-17","0.34","0.0","0.0","81","63"
"USW00094728","2022-08-18","0.00","0.0","0.0","87","62"
"USW00094728","2022-08-19","0.00","0.0","0.0","90","69"
"USW00094728","2022-08-20","0.00","0.0","0.0","90","74"
"USW00094728","2022-08-21","0.00","0.0","0.0","82","72"
"USW00094728","2022-08-22","0.23","0.0","0.0","79","73"
"USW00094728","2022-08-23","0.00","0.0","0.0","86","72"
"USW00094728","2022-08-24","0.00","0.0","0.0","90","71"
"USW00094728","2022-08-25","0.00","0.0","0.0","91","72"
"USW00094728","2022-08-26","0.24","0.0","0.0","87","74"
"USW00094728","2022-08-27","0.00","0.0","0.0","90","74"
"USW00094728","2022-08-28","0.00","0.0","0.0","82","73"
"USW00094728","2022-08-29","0.00","0.0","0.0","85","75"
"USW00094728","2022-08-30","0.12","0.0","0.0","89","73"
"USW00094728","2022-08-31","0.00","0.0","0.0","85","69"
"USW00094728","2022-09-01","0.00","0.0","0.0","86","69"
"USW00094728","2022-09-02","0.00","0.0","0.0","79","62"
"USW00094728","2022-09-03","0.00","0.0","0.0","82","65"
"USW00094728","2022-09-04","0.00","0.0","0.0","90","71"
"USW00094728","2022-09-05","0.06","0.0","0.0","88","73"
"USW00094728","2022-09-06","0.78","0.0","0.0","74","67"
"USW00094728","2022-09-07","0.00","0.0","0.0","72","65"
"USW00094728","2022-09-08","0.00","0.0","0.0","78","65"
"USW00094728","2022-09-09","0.00","0.0","0.0","80","62"
"USW00094728","2022-09-10","0.00","0.0","0.0","86","64"
"USW00094728","2022-09-11","0.32","0.0","0.0","76","67"
"USW00094728","2022-09-12","0.81","0.0","0.0","81","68"
"USW00094728","2022-09-13","0.41","0.0","0.0","82","68"
"USW00094728","2022-09-14","0.00","0.0","0.0","80","62"
"USW00094728","2022-09-15","0.00","0.0","0.0","74","62"
"USW00094728","2022-09-16","0.00","0.0","0.0","75","57"
"USW00094728","2022-09-17","0.00","0.0","0.0","76","64"
"USW00094728","2022-09-18","0.00","0.0","0.0","83","67"
"USW00094728","2022-09-19","0.14","0.0","0.0","85","68"
"USW00094728","2022-09-20","0.00","0.0","0.0","79","67"
"USW00094728","2022-09-21","0.00","0.0","0.0","80","62"
"USW00094728","2022-09-22","0.47","0.0","0.0","75","57"
"USW00094728","2022-09-23","0.00","0.0","0.0","63","51"
"USW00094728","2022-09-24","0.00","0.0","0.0","69","49"
"USW00094728","2022-09-25","1.11","0.0","0.0","72","59"
"USW00094728","2022-09-26","0.00","0.0","0.0","74","58"
"USW00094728","2022-09-27","0.00","0.0","0.0","70","59"
"USW00094728","2022-09-28","0.00","0.0","0.0","69","53"
"USW00094728","2022-09-29","0.00","0.0","0.0","66","53"
"USW00094728","2022-09-30","0.00","0.0","0.0","62","52"
"USW00094728","2022-10-01","0.59","0.0","0.0","61","51"
"USW00094728","2022-10-02","0.00","0.0","0.0","60","50"
"USW00094728","2022-10-03","0.47","0.0","0.0","53","47"
"USW00094728","2022-10-04","1.85","0.0","0.0","55","46"
"USW00094728","2022-10-05","0.37","0.0","0.0","59","54"
"USW00094728","2022-10-06","0.00","0.0","0.0","74","53"
"USW00094728","2022-10-07","0.00","0.0","0.0","76","58"
"USW00094728","2022-10-08","0.03","0.0","0.0","58","47"
"USW00094728","2022-10-09","0.00","0.0","0.0","61","44"
"USW00094728","2022-10-10","0.00","0.0","0.0","67","52"
"USW00094728","2022-10-11","0.00","0.0","0.0","70","51"
"USW00094728","2022-10-12","0.00","0.0","0.0","70","57"
"USW00094728","2022-10-13","0.80","0.0","0.0","69","54"
"USW00094728","2022-10-14","0.19","0.0","0.0","67","52"
"USW00094728","2022-10-15","0.00","0.0","0.0","68","50"
"USW00094728","2022-10-16","0.00","0.0","0.0","64","52"
"USW00094728","2022-10-17","0.14","0.0","0.0","66","53"
"USW00094728","2022-10-18","0.00","0.0","0.0","56","46"
"USW00094728","2022-10-19","0.00","0.0","0.0","54","42"
"USW00094728","2022-10-20","0.00","0.0","0.0","58","44"
"USW00094728","2022-10-21","0.00","0.0","0.0","62","46"
"USW00094728","2022-10-22","0.00","0.0","0.0","66","49"
"USW00094728","2022-10-23","0.02","0.0","0.0","61","54"
"USW00094728","2022-10-24","0.52","0.0","0.0","61","55"
"USW00094728","2022-10-25","0.00","0.0","0.0","70","61"
"USW00094728","2022-10-26","0.00","0.0","0.0","72","60"
"USW00094728","2022-10-27","0.00","0.0","0.0","65","52"
"USW00094728","2022-10-28","0.00","0.0","0.0","56","45"
"USW00094728","2022-10-29","0.00","0.0","0.0","58","43"
"USW00094728","2022-10-30","0.00","0.0","0.0","63","43"
"USW00094728","2022-10-31","0.10","0.0","0.0","65","51"
"USW00094728","2022-11-01","0.08","0.0","0.0","67","59"
"USW00094728","2022-11-02","0.00","0.0","0.0","70","54"
"USW00094728","2022-11-03","0.00","0.0","0.0","67","52"
"USW00094728","2022-11-04","0.00","0.0","0.0","70","53"
"USW00094728","2022-11-05","0.00","0.0","0.0","76","64"
"USW00094728","2022-11-06","0.00","0.0","0.0","75","66"
"USW00094728","2022-11-07","0.00","0.0","0.0","77","54"
"USW00094728","2022-11-08","0.00","0.0","0.0","58","47"
"USW00094728","2022-11-09","0.00","0.0","0.0","53","40"
"USW00094728","2022-11-10","0.00","0.0","0.0","66","47"
"USW00094728","2022-11-11","0.89","0.0","0.0","68","59"
"USW00094728","2022-11-12","0.08","0.0","0.0","69","60"
"USW00094728","2022-11-13","0.04","0.0","0.0","61","41"
"USW00094728","2022-11-14","0.00","0.0","0.0","45","37"
"USW00094728","2022-11-15","0.56","0.0","0.0","46","35"
"USW00094728","2022-11-16","0.28","0.0","0.0","50","39"
"USW00094728","2022-11-17","0.00","0.0","0.0","46","37"
"USW00094728","2022-11-18","0.00","0.0","0.0","44","34"
"USW00094728","2022-11-19","0.00","0.0","0.0","40","31"
"USW00094728","2022-11-20","0.00","0.0","0.0","40","30"
"USW00094728","2022-11-21","0.00","0.0","0.0","41","27"
"USW00094728","2022-11-22","0.00","0.0","0.0","51","37"
"USW00094728","2022-11-23","0.00","0.0","0.0","55","42"
"USW00094728","2022-11-24","0.00","0.0","0.0","54","40"
"USW00094728","2022-11-25","0.02","0.0","0.0","55","46"
"USW00094728","2022-11-26","0.00","0.0","0.0","57","42"
"USW00094728","2022-11-27","0.70","0.0","0.0","60","48"
"USW00094728","2022-11-28","0.00","0.0","0.0","54","41"
"USW00094728","2022-11-29","0.00","0.0","0.0","44","36"
"USW00094728","2022-11-30","0.50","0.0","0.0","58","40"
"USW00094728","2022-12-01","0.00","0.0","0.0","43","35"
"USW00094728","2022-12-02","0.00","0.0","0.0","47","32"
"USW00094728","2022-12-03","0.49","0.0","0.0","58","45"
"USW00094728","2022-12-04","0.00","0.0","0.0","45","38"
"USW00094728","2022-12-05","0.00","0.0","0.0","48","36"
"USW00094728","2022-12-06","1.05","0.0","0.0","58","42"
"USW00094728","2022-12-07","0.26","0.0","0.0","59","54"
"USW00094728","2022-12-08","0.00","0.0","0.0","55","42"
"USW00094728","2022-12-09","0.00","0.0","0.0","45","36"
"USW00094728","2022-12-10","0.00","0.0","0.0","39","32"
"USW00094728","2022-12-11","0.32","0.0","0.0","40","33"
"USW00094728","2022-12-12","0.01","0.0","0.0","38","28"
"USW00094728","2022-12-13","0.00","0.0","0.0","40","25"
"USW00094728","2022-12-14","0.00","0.0","0.0","39","31"
"USW00094728","2022-12-15","0.51","0.0","0.0","42","33"
"USW00094728","2022-12-16","0.85","0.0","0.0","44","38"
"USW00094728","2022-12-17","0.00","0.0","0.0","44","36"
"USW00094728","2022-12-18","0.00","0.0","0.0","40","32"
"USW00094728","2022-12-19","0.00","0.0","0.0","39","31"
"USW00094728","2022-12-20","0.00","0.0","0.0","39","30"
"USW00094728","2022-12-21","0.00","0.0","0.0","40","27"
"USW00094728","2022-12-22","0.23","0.0","0.0","47","35"
"USW00094728","2022-12-23","1.83","0.0","0.0","58","8"
"USW00094728","2022-12-24","0.00","0.0","0.0","15","7"
"USW00094728","2022-12-25","0.00","0.0","0.0","28","14"
"USW00094728","2022-12-26","0.00","0.0","0.0","29","18"
"USW00094728","2022-12-27","0.00","0.0","0.0","35","29"
"USW00094728","2022-12-28","0.00","0.0","0.0","47","33"
"USW00094728","2022-12-29","0.00","0.0","0.0","51","40"
"USW00094728","2022-12-30","0.00","0.0","0.0","62","46"
"USW00094728","2022-12-31","0.28","0.0","0.0","55","50"
"USW00094728","2023-01-01","0.00","0.0","0.0","55","49"
"USW00094728","2023-01-02","0.02","0.0","0.0","56","49"
"USW00094728","2023-01-03","0.42","0.0","0.0","58","47"
"USW00094728","2023-01-04","0.02","0.0","0.0","66","49"
"USW00094728","2023-01-05","0.01","0.0","0.0","50","44"
"USW00094728","2023-01-06","0.27","0.0","0.0","49","39"
"USW00094728","2023-01-07","0.00","0.0","0.0","45","37"
"USW00094728","2023-01-08","0.00","0.0","0.0","41","33"
"USW00094728","2023-01-09","0.01","0.0","0.0","44","37"
"USW00094728","2023-01-10","0.00","0.0","0.0","41","38"
"USW00094728","2023-01-11","0.00","0.0","0.0","39","35"
"USW00094728","2023-01-12","0.30","0.0","0.0","55","37"
"USW00094728","2023-01-13","0.09","0.0","0.0","57","38"
"USW00094728","2023-01-14","0.00","0.0","0.0","38","31"
"USW00094728","2023-01-15","0.00","0.0","0.0","41","30"
"USW00094728","2023-01-16","0.00","0.0","0.0","48","28"
"USW00094728","2023-01-17","0.00","0.0","0.0","47","35"
"USW00094728","2023-01-18","0.05","0.0","0.0","53","42"
"USW00094728","2023-01-19","0.87","0.0","0.0","44","40"
"USW00094728","2023-01-20","0.00","0.0","0.0","49","40"
"USW00094728","2023-01-21","0.00","0.0","0.0","42","37"
"USW00094728","2023-01-22","0.51","0.0","0.0","42","36"
"USW00094728","2023-01-23","0.41","0.0","0.0","39","36"
"USW00094728","2023-01-24","0.00","0.0","0.0","46","35"
"USW00094728","2023-01-25","0.90","0.0","0.0","54","35"
"USW00094728","2023-01-26","0.44","0.0","0.0","57","41"
"USW00094728","2023-01-27","0.00","0.0","0.0","44","35"
"USW00094728","2023-01-28","0.00","0.0","0.0","52","36"
"USW00094728","2023-01-29","0.00","0.0","0.0","53","42"
"USW00094728","2023-01-30","0.00","0.0","0.0","55","43"
"USW00094728","2023-01-31","0.06","0.0","0.0","50","31"
"USW00094728","2023-02-01","0.02","0.4","0.0","38","26"
"USW00094728","2023-02-02","0.00","0.0","0.0","40","29"
"USW00094728","2023-02-03","0.00","0.0","0.0","35","11"
"USW00094728","2023-02-04","0.00","0.0","0.0","27","3"
"USW00094728","2023-02-05","0.00","0.0","0.0","49","27"
"USW00094728","2023-02-06","0.00","0.0","0.0","52","34"
"USW00094728","2023-02-07","0.02","0.0","0.0","43","30"
"USW00094728","2023-02-08","0.00","0.0","0.0","53","39"
"USW00094728","2023-02-09","0.00","0.0","0.0","55","42"
"USW00094728","2023-02-10","0.00","0.0","0.0","61","45"
"USW00094728","2023-02-11","0.00","0.0","0.0","46","36"
"USW00094728","2023-02-12","0.01","0.0","0.0","48","38"
"USW00094728","2023-02-13","0.00","0.0","0.0","57","41"
"USW00094728","2023-02-14","0.00","0.0","0.0","54","40"
"USW00094728","2023-02-15","0.00","0.0","0.0","67","47"
"USW00094728","2023-02-16","0.07","0.0","0.0","70","56"
"USW00094728","2023-02-17","0.18","0.0","0.0","61","32"
"USW00094728","2023-02-18","0.00","0.0","0.0","43","27"
"USW00094728","2023-02-19","0.00","0.0","0.0","50","37"
"USW00094728","2023-02-20","0.00","0.0","0.0","61","47"
"USW00094728","2023-02-21","0.27","0.0","0.0","50","37"
"USW00094728","2023-02-22","0.14","0.0","0.0","44","37"
"USW00094728","2023-02-23","0.02","0.0","0.0","44","38"
"USW00094728","2023-02-24","0.00","0.0","0.0","45","25"
"USW00094728","2023-02-25","0.00","0.0","0.0","33","23"
"USW00094728","2023-02-26","0.00","0.0","0.0","50","30"
"USW00094728","2023-02-27","0.21","0.9","0.0","46","33"
"USW00094728","2023-02-28","0.34","0.9","2.0","38","32"
"USW00094728","2023-03-01","0.00","0.0","1.2","44","33"
"USW00094728","2023-03-02","0.00","0.0","0.0","54","39"
"USW00094728","2023-03-03","0.15","0.0","0.0","47","37"
"USW00094728","2023-03-04","0.99","0.0","0.0","45","38"
"USW00094728","2023-03-05","0.00","0.0","0.0","53","38"
"USW00094728","2023-03-06","0.00","0.0","0.0","52","40"
"USW00094728","2023-03-07","0.06","0.1","0.0","47","33"
"USW00094728","2023-03-08","0.00","0.0","0.0","48","31"
"USW00094728","2023-03-09","0.00","0.0","0.0","51","33"
"USW00094728","2023-03-10","0.36","0.0","0.0","46","35"
"USW00094728","2023-03-11","0.40","0.0","0.0","45","35"
"USW00094728","2023-03-12","0.00","0.0","0.0","48","34"
"USW00094728","2023-03-13","0.67","0.0","0.0","45","38"
"USW00094728","2023-03-14","0.13","0.0","0.0","38","33"
"USW00094728","2023-03-15","0.00","0.0","0.0","45","34"
"USW00094728","2023-03-16","0.00","0.0","0.0","59","34"
"USW00094728","2023-03-17","0.00","0.0","0.0","60","47"
"USW00094728","2023-03-18","0.02","0.0","0.0","56","40"
"USW00094728","2023-03-19","0.00","0.0","0.0","40","29"
"USW00094728","2023-03-20","0.00","0.0","0.0","51","31"
"USW00094728","2023-03-21","0.00","0.0","0.0","63","40"
"USW00094728","2023-03-22","0.00","0.0","0.0","62","48"
"USW00094728","2023-03-23","0.09","0.0","0.0","60","48"
"USW00094728","2023-03-24","0.00","0.0","0.0","55","44"
"USW00094728","2023-03-25","0.15","0.0","0.0","47","42"
"USW00094728","2023-03-26","0.00","0.0","0.0","63","44"
"USW00094728","2023-03-27","0.29","0.0","0.0","62","43"
"USW00094728","2023-03-28","0.00","0.0","0.0","52","42"
"USW00094728","2023-03-29","0.00","0.0","0.0","55","39"
"USW00094728","2023-03-30","0.01","0.0","0.0","46","31"
"USW00094728","2023-03-31","0.00","0.0","0.0","57","38"
"USW00094728","2023-04-01","0.38","0.0","0.0","72","51"
"USW00094728","2023-04-02","0.00","0.0","0.0","51","40"
"USW00094728","2023-04-03","0.00","0.0","0.0","59","39"
"USW00094728","2023-04-04","0.00","0.0","0.0","73","48"
"USW00094728","2023-04-05","0.00","0.0","0.0","57","46"
"USW00094728","2023-04-06","0.00","0.0","0.0","80","47"
"USW00094728","2023-04-07","0.00","0.0","0.0","60","42"
"USW00094728","2023-04-08","0.00","0.0","0.0","54","37"
"USW00094728","2023-04-09","0.00","0.0","0.0","57","40"
"USW00094728","2023-04-10","0.00","0.0","0.0","68","42"
"USW00094728","2023-04-11","0.00","0.0","0.0","75","51"
"USW00094728","2023-04-12","0.00","0.0","0.0","84","64"
"USW00094728","2023-04-13","0.00","0.0","0.0","90","67"
"USW00094728","2023-04-14","0.00","0.0","0.0","91","70"
"USW00094728","2023-04-15","0.02","0.0","0.0","75","59"
"USW00094728","2023-04-16","0.00","0.0","0.0","71","57"
"USW00094728","2023-04-17","0.00","0.0","0.0","68","53"
"USW00094728","2023-04-18","0.00","0.0","0.0","57","45"
"USW00094728","2023-04-19","0.00","0.0","0.0","64","45"
"USW00094728","2023-04-20","0.00","0.0","0.0","66","45"
"USW00094728","2023-04-21","0.00","0.0","0.0","71","51"
"USW00094728","2023-04-22","0.68","0.0","0.0","67","51"
"USW00094728","2023-04-23","1.51","0.0","0.0","69","50"
"USW00094728","2023-04-24","0.00","0.0","0.0","62","44"
"USW00094728","2023-04-25","0.00","0.0","0.0","60","46"
"USW00094728","2023-04-26","0.00","0.0","0.0","60","46"
"USW00094728","2023-04-27","0.00","0.0","0.0","57","49"
"USW00094728","2023-04-28","0.33","0.0","0.0","56","47"
"USW00094728","2023-04-29","2.46","0.0","0.0","53","47"
"USW00094728","2023-04-30","2.32","0.0","0.0","60","50"
"USW00094728","2023-05-01","0.09","0.0","0.0","61","49"
"USW00094728","2023-05-02","0.25","0.0","0.0","56","44"
"USW00094728","2023-05-03","0.00","0.0","0.0","57","47"
"USW00094728","2023-05-04","0.05","0.0","0.0","55","48"
"USW00094728","2023-05-05","0.00","0.0","0.0","66","48"
"USW00094728","2023-05-06","0.00","0.0","0.0","73","48"
"USW00094728","2023-05-07","0.02","0.0","0.0","78","54"
"USW00094728","2023-05-08","0.00","0.0","0.0","77","58"
"USW00094728","2023-05-09","0.00","0.0","0.0","71","54"
"USW00094728","2023-05-10","0.00","0.0","0.0","73","50"
"USW00094728","2023-05-11","0.00","0.0","0.0","80","57"
"USW00094728","2023-05-12","0.00","0.0","0.0","87","65"
"USW00094728","2023-05-13","0.00","0.0","0.0","82","66"
"USW00094728","2023-05-14","0.00","0.0","0.0","74","59"
"USW00094728","2023-05-15","0.00","0.0","0.0","74","52"
"USW00094728","2023-05-16","0.00","0.0","0.0","79","58"
"USW00094728","2023-05-17","0.00","0.0","0.0","69","50"
"USW00094728","2023-05-18","0.00","0.0","0.0","61","43"
"USW00094728","2023-05-19","0.00","0.0","0.0","70","52"
"USW00094728","2023-05-20","0.77","0.0","0.0","65","57"
"USW00094728","2023-05-21","0.02","0.0","0.0","70","55"
"USW00094728","2023-05-22","0.00","0.0","0.0","75","57"
"USW00094728","2023-05-23","0.00","0.0","0.0","70","54"
"USW00094728","2023-05-24","0.08","0.0","0.0","77","53"
"USW00094728","2023-05-25","0.00","0.0","0.0","68","50"
"USW00094728","2023-05-26","0.00","0.0","0.0","72","53"
"USW00094728","2023-05-27","0.00","0.0","0.0","78","56"
"USW00094728","2023-05-28","0.00","0.0","0.0","79","59"
"USW00094728","2023-05-29","0.00","0.0","0.0","79","59"
"USW00094728","2023-05-30","0.00","0.0","0.0","72","55"
"USW00094728","2023-05-31","0.00","0.0","0.0","77","51"
"USW00094728","2023-06-01","0.00","0.0","0.0","87","59"
"USW00094728","2023-06-02","0.24","0.0","0.0","91","66"
"USW00094728","2023-06-03","0.00","0.0","0.0","69","54"
"USW00094728","2023-06-04","0.00","0.0","0.0","69","49"
"USW00094728","2023-06-05","0.00","0.0","0.0","76","56"
"USW00094728","2023-06-06","0.00","0.0","0.0","79","60"
"USW00094728","2023-06-07","0.00","0.0","0.0","69","57"
"USW00094728","2023-06-08","0.00","0.0","0.0","72","55"
"USW00094728","2023-06-09","0.00","0.0","0.0","72","58"
"USW00094728","2023-06-10","0.00","0.0","0.0","78","58"
"USW00094728","2023-06-11","0.01","0.0","0.0","82","64"
"USW00094728","2023-06-12","0.30","0.0","0.0","78","66"
"USW00094728","2023-06-13","0.00","0.0","0.0","78","64"
"USW00094728","2023-06-14","0.14","0.0","0.0","76","63"
"USW00094728","2023-06-15","0.00","0.0","0.0","77","61"
"USW00094728","2023-06-16","0.23","0.0","0.0","79","63"
"USW00094728","2023-06-17","0.00","0.0","0.0","77","62"
"USW00094728","2023-06-18","0.00","0.0","0.0","80","62"
"USW00094728","2023-06-19","0.00","0.0","0.0","81","65"
"USW00094728","2023-06-20","0.00","0.0","0.0","78","64"
"USW00094728","2023-06-21","0.00","0.0","0.0","73","62"
"USW00094728","2023-06-22","0.00","0.0","0.0","72","60"
"USW00094728","2023-06-23","0.04","0.0","0.0","71","65"
"USW00094728","2023-06-24","0.07","0.0","0.0","78","69"
"USW00094728","2023-06-25","0.00","0.0","0.0","85","71"
"USW00094728","2023-06-26","0.51","0.0","0.0","78","68"
"USW00094728","2023-06-27","0.08","0.0","0.0","79","66"
"USW00094728","2023-06-28","0.00","0.0","0.0","82","66"
"USW00094728","2023-06-29","0.00","0.0","0.0","82","65"
"USW00094728","2023-06-30","0.00","0.0","0.0","84","70"
"USW00094728","2023-07-01","0.00","0.0","0.0","82","69"
"USW00094728","2023-07-02","0.58","0.0","0.0","88","70"
"USW00094728","2023-07-03","0.45","0.0","0.0","89","72"
"USW00094728","2023-07-04","0.63","0.0","0.0","83","73"
"USW00094728","2023-07-05","0.00","0.0","0.0","93","72"
"USW00094728","2023-07-06","0.00","0.0","0.0","90","75"
"USW00094728","2023-07-07","0.00","0.0","0.0","87","74"
"USW00094728","2023-07-08","0.00","0.0","0.0","88","76"
"USW00094728","2023-07-09","0.98","0.0","0.0","82","72"
"USW00094728","2023-07-10","0.00","0.0","0.0","84","71"
"USW00094728","2023-07-11","0.00","0.0","0.0","89","68"
"USW00094728","2023-07-12","0.00","0.0","0.0","91","76"
"USW00094728","2023-07-13","0.00","0.0","0.0","88","77"
"USW00094728","2023-07-14","0.48","0.0","0.0","84","71"
"USW00094728","2023-07-15","0.04","0.0","0.0","88","71"
"USW00094728","2023-07-16","1.32","0.0","0.0","78","74"
"USW00094728","2023-07-17","0.00","0.0","0.0","88","74"
"USW00094728","2023-07-18","0.22","0.0","0.0","84","73"
"USW00094728","2023-07-19","0.00","0.0","0.0","80","72"
"USW00094728","2023-07-20","0.00","0.0","0.0","88","72"
"USW00094728","2023-07-21","0.15","0.0","0.0","84","71"
"USW00094728","2023-07-22","0.00","0.0","0.0","85","70"
"USW00094728","2023-07-23","0.00","0.0","0.0","88","69"
"USW00094728","2023-07-24","0.00","0.0","0.0","85","74"
"USW00094728","2023-07-25","0.28","0.0","0.0","86","68"
"USW00094728","2023-07-26","0.00","0.0","0.0","87","68"
"USW00094728","2023-07-27","0.15","0.0","0.0","92","75"
"USW00094728","2023-07-28","0.00","0.0","0.0","92","75"
"USW00094728","2023-07-29","0.06","0.0","0.0","89","70"
"USW00094728","2023-07-30","0.00","0.0","0.0","80","66"
"USW00094728","2023-07-31","0.00","0.0","0.0","85","66"
"USW00094728","2023-08-01","0.00","0.0","0.0","82","65"
"USW00094728","2023-08-02","0.00","0.0","0.0","81","64"
"USW00094728","2023-08-03","0.00","0.0","0.0","80","66"
"USW00094728","2023-08-04","0.00","0.0","0.0","77","71"
"USW00094728","2023-08-05","0.00","0.0","0.0","87","71"
"USW00094728","2023-08-06","0.00","0.0","0.0","87","69"
"USW00094728","2023-08-07","1.12","0.0","0.0","81","68"
"USW00094728","2023-08-08","0.01","0.0","0.0","80","70"
"USW00094728","2023-08-09","0.00","0.0","0.0","86","69"
"USW00094728","2023-08-10","0.48","0.0","0.0","81","70"
"USW00094728","2023-08-11","0.00","0.0","0.0","85","67"
"USW00094728","2023-08-12","0.00","0.0","0.0","85","69"
"USW00094728","2023-08-13","0.69","0.0","0.0","88","69"
"USW00094728","2023-08-14","0.02","0.0","0.0","87","72"
"USW00094728","2023-08-15","0.77","0.0","0.0","80","70"
"USW00094728","2023-08-16","1.33","0.0","0.0","82","69"
"USW00094728","2023-08-17","0.00","0.0","0.0","79","72"
"USW00094728","2023-08-18","0.77","0.0","0.0","80","65"
"USW00094728","2023-08-19","0.00","0.0","0.0","78","63"
"USW00094728","2023-08-20","0.00","0.0","0.0","85","66"
"USW00094728","2023-08-21","0.00","0.0","0.0","88","73"
"USW00094728","2023-08-22","0.00","0.0","0.0","79","67"
"USW00094728","2023-08-23","0.00","0.0","0.0","80","64"
"USW00094728","2023-08-24","0.14","0.0","0.0","73","67"
"USW00094728","2023-08-25","0.44","0.0","0.0","78","69"
"USW00094728","2023-08-26","0.52","0.0","0.0","84","73"
"USW00094728","2023-08-27","0.00","0.0","0.0","84","70"
"USW00094728","2023-08-28","0.00","0.0","0.0","76","69"
"USW00094728","2023-08-29","0.00","0.0","0.0","80","68"
"USW00094728","2023-08-30","0.27","0.0","0.0","83","68"
"USW00094728","2023-08-31","0.00","0.0","0.0","77","64"
"USW00094728","2023-09-01","0.00","0.0","0.0","76","61"
"USW00094728","2023-09-02","0.00","0.0","0.0","79","62"
"USW00094728","2023-09-03","0.00","0.0","0.0","88","68"
"USW00094728","2023-09-04","0.00","0.0","0.0","89","73"
"USW00094728","2023-09-05","0.00","0.0","0.0","92","75"
"USW00094728","2023-09-06","0.00","0.0","0.0","93","77"
"USW00094728","2023-09-07","0.00","0.0","0.0","93","76"
"USW00094728","2023-09-08","0.10","0.0","0.0","90","71"
"USW00094728","2023-09-09","0.02","0.0","0.0","84","70"
"USW00094728","2023-09-10","1.80","0.0","0.0","77","69"
"USW00094728","2023-09-11","1.66","0.0","0.0","82","69"
"USW00094728","2023-09-12","0.00","0.0","0.0","82","68"
"USW00094728","2023-09-13","0.22","0.0","0.0","79","70"
"USW00094728","2023-09-14","0.00","0.0","0.0","77","63"
"USW00094728","2023-09-15","0.00","0.0","0.0","69","58"
"USW00094728","2023-09-16","0.00","0.0","0.0","75","60"
"USW00094728","2023-09-17","0.21","0.0","0.0","77","59"
"USW00094728","2023-09-18","1.34","0.0","0.0","68","60"
"USW00094728","2023-09-19","0.00","0.0","0.0","72","58"
"USW00094728","2023-09-20","0.00","0.0","0.0","74","58"
"USW00094728","2023-09-21","0.00","0.0","0.0","71","57"
"USW00094728","2023-09-22","0.00","0.0","0.0","71","59"
"USW00094728","2023-09-23","0.96","0.0","0.0","63","57"
"USW00094728","2023-09-24","1.25","0.0","0.0","66","62"
"USW00094728","2023-09-25","0.59","0.0","0.0","66","57"
"USW00094728","2023-09-26","0.20","0.0","0.0","60","54"
"USW00094728","2023-09-27","0.00","0.0","0.0","64","50"
"USW00094728","2023-09-28","0.38","0.0","0.0","65","56"
"USW00094728","2023-09-29","5.48","0.0","0.0","63","59"
"USW00094728","2023-09-30","0.04","0.0","0.0","66","57"
"USW00094728","2023-10-01","0.00","0.0","0.0","76","59"
"USW00094728","2023-10-02","0.00","0.0","0.0","77","63"
"USW00094728","2023-10-03","0.00","0.0","0.0","80","61"
"USW00094728","2023-10-04","0.00","0.0","0.0","83","66"
"USW00094728","2023-10-05","0.00","0.0","0.0","77","62"
"USW00094728","2023-10-06","0.14","0.0","0.0","71","67"
"USW00094728","2023-10-07","0.35","0.0","0.0","69","53"
"USW00094728","2023-10-08","0.00","0.0","0.0","59","50"
"USW00094728","2023-10-09","0.00","0.0","0.0","60","49"
"USW00094728","2023-10-10","0.02","0.0","0.0","63","52"
"USW00094728","2023-10-11","0.00","0.0","0.0","69","55"
"USW00094728","2023-10-12","0.00","0.0","0.0","69","53"
"USW00094728","2023-10-13","0.00","0.0","0.0","63","51"
"USW00094728","2023-10-14","0.81","0.0","0.0","56","49"
"USW00094728","2023-10-15","0.01","0.0","0.0","60","50"
"USW00094728","2023-10-16","0.00","0.0","0.0","63","48"
"USW00094728","2023-10-17","0.00","0.0","0.0","61","51"
"USW00094728","2023-10-18","0.00","0.0","0.0","63","52"
"USW00094728","2023-10-19","0.00","0.0","0.0","64","52"
"USW00094728","2023-10-20","0.84","0.0","0.0","63","59"
"USW00094728","2023-10-21","0.67","0.0","0.0","63","56"
"USW00094728","2023-10-22","0.00","0.0","0.0","57","48"
"USW00094728","2023-10-23","0.00","0.0","0.0","60","47"
"USW00094728","2023-10-24","0.00","0.0","0.0","65","47"
"USW00094728","2023-10-25","0.00","0.0","0.0","72","53"
"USW00094728","2023-10-26","0.00","0.0","0.0","77","58"
"USW00094728","2023-10-27","0.00","0.0","0.0","74","63"
"USW00094728","2023-10-28","0.00","0.0","0.0","80","63"
"USW00094728","2023-10-29","0.47","0.0","0.0","63","51"
"USW00094728","2023-10-30","0.59","0.0","0.0","60","50"
"USW00094728","2023-10-31","0.00","0.0","0.0","51","45"
"USW00094728","2023-11-01","0.01","0.0","0.0","49","39"
"USW00094728","2023-11-02","0.00","0.0","0.0","48","35"
"USW00094728","2023-11-03","0.00","0.0","0.0","55","42"
"USW00094728","2023-11-04","0.00","0.0","0.0","61","47"
"USW00094728","2023-11-05","0.00","0.0","0.0","65","49"
"USW00094728","2023-11-06","0.00","0.0","0.0","56","44"
"USW00094728","2023-11-07","0.06","0.0","0.0","64","53"
"USW00094728","2023-11-08","0.00","0.0","0.0","54","43"
"USW00094728","2023-11-09","0.00","0.0","0.0","57","42"
"USW00094728","2023-11-10","0.00","0.0","0.0","53","45"
"USW00094728","2023-11-11","0.00","0.0","0.0","55","42"
"USW00094728","2023-11-12","0.00","0.0","0.0","44","36"
"USW00094728","2023-11-13","0.00","0.0","0.0","49","35"
"USW00094728","2023-11-14","0.00","0.0","0.0","53","42"
"USW00094728","2023-11-15","0.00","0.0","0.0","53","39"
"USW00094728","2023-11-16","0.00","0.0","0.0","65","46"
"USW00094728","2023-11-17","0.00","0.0","0.0","67","52"
"USW00094728","2023-11-18","0.00","0.0","0.0","63","41"
"USW00094728","2023-11-19","0.00","0.0","0.0","55","40"
"USW00094728","2023-11-20","0.00","0.0","0.0","46","37"
"USW00094728","2023-11-21","0.59","0.0","0.0","48","33"
"USW00094728","2023-11-22","1.93","0.0","0.0","54","48"
"USW00094728","2023-11-23","0.00","0.0","0.0","52","44"
"USW00094728","2023-11-24","0.00","0.0","0.0","51","33"
"USW00094728","2023-11-25","0.00","0.0","0.0","40","30"
"USW00094728","2023-11-26","0.28","0.0","0.0","56","35"
"USW00094728","2023-11-27","0.08","0.0","0.0","56","36"
"USW00094728","2023-11-28","0.00","0.0","0.0","41","32"
"USW00094728","2023-11-29","0.00","0.0","0.0","38","27"
"USW00094728","2023-11-30","0.00","0.0","0.0","51","34"
"USW00094728","2023-12-01","0.41","0.0","0.0","51","43"
"USW00094728","2023-12-02","0.00","0.0","0.0","60","47"
"USW00094728","2023-12-03","0.55","0.0","0.0","53","48"
"USW00094728","2023-12-04","0.00","0.0","0.0","54","42"
"USW00094728","2023-12-05","0.00","0.0","0.0","43","38"
"USW00094728","2023-12-06","0.00","0.0","0.0","43","33"
"USW00094728","2023-12-07","0.00","0.0","0.0","39","32"
"USW00094728","2023-12-08","0.00","0.0","0.0","51","38"
"USW00094728","2023-12-09","0.00","0.0","0.0","59","44"
"USW00094728","2023-12-10","1.12","0.0","0.0","61","50"
"USW00094728","2023-12-11","0.55","0.0","0.0","50","38"
"USW00094728","2023-12-12","0.00","0.0","0.0","44","36"
"USW00094728","2023-12-13","0.00","0.0","0.0","47","36"
"USW00094728","2023-12-14","0.00","0.0","0.0","41","33"
"USW00094728","2023-12-15","0.00","0.0","0.0","58","37"
"USW00094728","2023-12-16","0.00","0.0","0.0","54","46"
"USW00094728","2023-12-17","0.26","0.0","0.0","59","47"
"USW00094728","2023-12-18","2.21","0.0","0.0","62","42"
"USW00094728","2023-12-19","0.00","0.0","0.0","44","32"
"USW00094728","2023-12-20","0.00","0.0","0.0","46","30"
"USW00094728","2023-12-21","0.00","0.0","0.0","42","30"
"USW00094728","2023-12-22","0.00","0.0","0.0","37","25"
"USW00094728","2023-12-23","0.00","0.0","0.0","44","34"
"USW00094728","2023-12-24","0.02","0.0","0.0","49","40"
"USW00094728","2023-12-25","0.00","0.0","0.0","49","43"
"USW00094728","2023-12-26","0.00","0.0","0.0","51","44"
"USW00094728","2023-12-27","0.32","0.0","0.0","50","45"
"USW00094728","2023-12-28","1.22","0.0","0.0","55","49"
"USW00094728","2023-12-29","0.05","0.0","0.0","55","46"
"USW00094728","2023-12-30","0.00","0.0","0.0","46","39"
"USW00094728","2023-12-31","0.00","0.0","0.0","43","39"
"USW00094728","2024-01-01","0.03","0.0","0.0","47","35"
"USW00094728","2024-01-02","0.00","0.0","0.0","42","29"
"USW00094728","2024-01-03","0.00","0.0","0.0","43","34"
"USW00094728","2024-01-04","0.00","0.0","0.0","45","28"
"USW00094728","2024-01-05","0.00","0.0","0.0","37","26"
"USW00094728","2024-01-06","0.41","0.2","0.0","38","31"
"USW00094728","2024-01-07","0.24","0.0","0.0","38","34"
"USW00094728","2024-01-08","0.00","0.0","0.0","45","36"
"USW00094728","2024-01-09","1.73","0.0","0.0","57","36"
"USW00094728","2024-01-10","0.22","0.0","0.0","57","44"
"USW00094728","2024-01-11","0.00","0.0","0.0","47","41"
"USW00094728","2024-01-12","0.08","0.0","0.0","50","40"
"USW00094728","2024-01-13","0.81","0.0","0.0","60","35"
"USW00094728","2024-01-14","0.00","0.0","0.0","44","26"
"USW00094728","2024-01-15","0.04","0.4","0.0","29","23"
"USW00094728","2024-01-16","0.28","1.3","1.2","32","22"
"USW00094728","2024-01-17","0.00","0.0","1.2","24","17"
"USW00094728","2024-01-18","0.00","0.0","1.2","34","22"
"USW00094728","2024-01-19","0.04","0.4","1.2","32","26"
"USW00094728","2024-01-20","0.00","0.0","1.2","26","18"
"USW00094728","2024-01-21","0.00","0.0","1.2","31","20"
"USW00094728","2024-01-22","0.00","0.0","1.2","38","25"
"USW00094728","2024-01-23","0.05","0.0","1.2","40","34"
"USW00094728","2024-01-24","0.05","0.0","0.0","48","38"
"USW00094728","2024-01-25","0.24","0.0","0.0","59","46"
"USW00094728","2024-01-26","0.19","0.0","0.0","46","42"
"USW00094728","2024-01-27","0.00","0.0","0.0","49","43"
"USW00094728","2024-01-28","0.82","0.0","0.0","44","37"
"USW00094728","2024-01-29","0.05","0.0","0.0","40","36"
"USW00094728","2024-01-30","0.00","0.0","0.0","38","35"
"USW00094728","2024-01-31","0.00","0.0","0.0","40","34"
"USW00094728","2024-02-01","0.00","0.0","0.0","46","37"
"USW00094728","2024-02-02","0.32","0.0","0.0","46","38"
"USW00094728","2024-02-03","0.00","0.0","0.0","43","32"
"USW00094728","2024-02-04","0.00","0.0","0.0","46","31"
"USW00094728","2024-02-05","0.00","0.0","0.0","45","32"
"USW00094728","2024-02-06","0.00","0.0","0.0","42","29"
"USW00094728","2024-02-07","0.00","0.0","0.0","48","33"
"USW00094728","2024-02-08","0.00","0.0","0.0","53","37"
"USW00094728","2024-02-09","0.00","0.0","0.0","55","43"
"USW00094728","2024-02-10","0.00","0.0","0.0","60","47"
"USW00094728","2024-02-11","0.00","0.0","0.0","56","43"
"USW00094728","2024-02-12","0.00","0.0","0.0","48","37"
"USW00094728","2024-02-13","0.77","3.2","1.2","41","33"
"USW00094728","2024-02-14","0.00","0.0","2.0","38","29"
"USW00094728","2024-02-15","0.00","0.0","0.0","39","27"
"USW00094728","2024-02-16","0.00","0.0","0.0","43","36"
"USW00094728","2024-02-17","0.18","2.0","2.0","36","27"
"USW00094728","2024-02-18","0.00","0.0","0.0","40","26"
"USW00094728","2024-02-19","0.00","0.0","0.0","41","31"
"USW00094728","2024-02-20","0.00","0.0","0.0","40","26"
"USW00094728","2024-02-21","0.00","0.0","0.0","43","30"
"USW00094728","2024-02-22","0.04","0.0","0.0","45","35"
"USW00094728","2024-02-23","0.04","0.0","0.0","47","42"
"USW00094728","2024-02-24","0.00","0.0","0.0","44","28"
"USW00094728","2024-02-25","0.00","0.0","0.0","41","23"
"USW00094728","2024-02-26","0.01","0.0","0.0","55","35"
"USW00094728","2024-02-27","0.52","0.0","0.0","55","40"
"USW00094728","2024-02-28","0.17","0.0","0.0","62","44"
"USW00094728","2024-02-29","0.00","0.0","0.0","43","31"
"USW00094728","2024-03-01","0.00","0.0","0.0","48","30"
"USW00094728","2024-03-02","1.27","0.0","0.0","55","42"
"USW00094728","2024-03-03","0.00","0.0","0.0","68","48"
"USW00094728","2024-03-04","0.00","0.0","0.0","59","46"
"USW00094728","2024-03-05","0.43","0.0","0.0","49","42"
"USW00094728","2024-03-06","1.20","0.0","0.0","53","47"
"USW00094728","2024-03-07","0.11","0.0","0.0","54","44"
"USW00094728","2024-03-08","0.00","0.0","0.0","57","40"
"USW00094728","2024-03-09","1.53","0.0","0.0","49","41"
"USW00094728","2024-03-10","0.03","0.0","0.0","51","37"
"USW00094728","2024-03-11","0.00","0.0","0.0","52","35"
"USW00094728","2024-03-12","0.00","0.0","0.0","66","43"
"USW00094728","2024-03-13","0.00","0.0","0.0","62","48"
"USW00094728","2024-03-14","0.00","0.0","0.0","74","46"
"USW00094728","2024-03-15","0.00","0.0","0.0","73","51"
"USW00094728","2024-03-16","0.00","0.0","0.0","61","47"
"USW00094728","2024-03-17","0.00","0.0","0.0","63","48"
"USW00094728","2024-03-18","0.00","0.0","0.0","51","38"
"USW00094728","2024-03-19","0.00","0.0","0.0","48","36"
"USW00094728","2024-03-20","0.01","0.0","0.0","57","34"
"USW00094728","2024-03-21","0.00","0.0","0.0","43","30"
"USW00094728","2024-03-22","0.00","0.0","0.0","46","29"
"USW00094728","2024-03-23","3.66","0.0","0.0","50","35"
"USW00094728","2024-03-24","0.00","0.0","0.0","48","31"
"USW00094728","2024-03-25","0.00","0.0","0.0","53","35"
"USW00094728","2024-03-26","0.00","0.0","0.0","53","39"
"USW00094728","2024-03-27","0.06","0.0","0.0","52","42"
"USW00094728","2024-03-28","0.70","0.0","0.0","51","44"
"USW00094728","2024-03-29","0.00","0.0","0.0","56","42"
"USW00094728","2024-03-30","0.04","0.0","0.0","62","41"
"USW00094728","2024-03-31","0.02","0.0","0.0","62","47"
"USW00094728","2024-04-01","0.01","0.0","0.0","54","49"
"USW00094728","2024-04-02","0.87","0.0","0.0","51","44"
"USW00094728","2024-04-03","1.55","0.0","0.0","45","41"
"USW00094728","2024-04-04","0.21","0.0","0.0","53","37"
"USW00094728","2024-04-05","0.00","0.0","0.0","50","38"
"USW00094728","2024-04-06","0.00","0.0","0.0","54","42"
"USW00094728","2024-04-07","0.00","0.0","0.0","60","43"
"USW00094728","2024-04-08","0.00","0.0","0.0","69","43"
"USW00094728","2024-04-09","0.00","0.0","0.0","80","55"
"USW00094728","2024-04-10","0.00","0.0","0.0","67","51"
"USW00094728","2024-04-11","0.24","0.0","0.0","61","50"
"USW00094728","2024-04-12","0.34","0.0","0.0","63","56"
"USW00094728","2024-04-13","0.01","0.0","0.0","56","47"
"USW00094728","2024-04-14","0.10","0.0","0.0","75","48"
"USW00094728","2024-04-15","0.00","0.0","0.0","82","58"
"USW00094728","2024-04-16","0.00","0.0","0.0","73","54"
"USW00094728","2024-04-17","0.02","0.0","0.0","62","50"
"USW00094728","2024-04-18","0.01","0.0","0.0","50","45"
"USW00094728","2024-04-19","0.00","0.0","0.0","60","46"
"USW00094728","2024-04-20","0.05","0.0","0.0","71","47"
"USW00094728","2024-04-21","0.00","0.0","0.0","54","42"
"USW00094728","2024-04-22","0.00","0.0","0.0","64","42"
"USW00094728","2024-04-23","0.00","0.0","0.0","65","46"
"USW00094728","2024-04-24","0.00","0.0","0.0","74","50"
"USW00094728","2024-04-25","0.00","0.0","0.0","60","43"
"USW00094728","2024-04-26","0.00","0.0","0.0","65","43"
"USW00094728","2024-04-27","0.00","0.0","0.0","64","46"
"USW00094728","2024-04-28","0.01","0.0","0.0","79","52"
"USW00094728","2024-04-29","0.02","0.0","0.0","87","63"
"USW00094728","2024-04-30","0.03","0.0","0.0","66","52"
"USW00094728","2024-05-01","0.02","0.0","0.0","80","53"
"USW00094728","2024-05-02","0.00","0.0","0.0","79","53"
"USW00094728","2024-05-03","0.00","0.0","0.0","65","52"
"USW00094728","2024-05-04","0.00","0.0","0.0","63","49"
"USW00094728","2024-05-05","0.31","0.0","0.0","54","49"
"USW00094728","2024-05-06","0.00","0.0","0.0","74","53"
"USW00094728","2024-05-07","0.00","0.0","0.0","80","59"
"USW00094728","2024-05-08","0.21","0.0","0.0","84","65"
"USW00094728","2024-05-09","0.00","0.0","0.0","70","56"
"USW00094728","2024-05-10","0.23","0.0","0.0","56","48"
"USW00094728","2024-05-11","0.00","0.0","0.0","64","47"
"USW00094728","2024-05-12","0.15","0.0","0.0","57","48"
"USW00094728","2024-05-13","0.00","0.0","0.0","65","49"
"USW00094728","2024-05-14","0.03","0.0","0.0","72","55"
"USW00094728","2024-05-15","0.28","0.0","0.0","64","59"
"USW00094728","2024-05-16","0.27","0.0","0.0","64","59"
"USW00094728","2024-05-17","0.00","0.0","0.0","72","58"
"USW00094728","2024-05-18","0.04","0.0","0.0","69","59"
"USW00094728","2024-05-19","0.00","0.0","0.0","75","56"
"USW00094728","2024-05-20","0.00","0.0","0.0","74","55"
"USW00094728","2024-05-21","0.00","0.0","0.0","83","58"
"USW00094728","2024-05-22","0.00","0.0","0.0","84","67"
"USW00094728","2024-05-23","0.78","0.0","0.0","79","67"
"USW00094728","2024-05-24","0.00","0.0","0.0","84","68"
"USW00094728","2024-05-25","0.00","0.0","0.0","81","66"
"USW00094728","2024-05-26","0.00","0.0","0.0","82","65"
"USW00094728","2024-05-27","0.96","0.0","0.0","73","66"
"USW00094728","2024-05-28","0.00","0.0","0.0","79","65"
"USW00094728","2024-05-29","0.65","0.0","0.0","76","60"
"USW00094728","2024-05-30","0.18","0.0","0.0","71","57"
"USW00094728","2024-05-31","0.00","0.0","0.0","75","59"
"USW00094728","2024-06-01","0.00","0.0","0.0","83","60"
"USW00094728","2024-06-02","0.00","0.0","0.0","81","67"
"USW00094728","2024-06-03","0.00","0.0","0.0","86","72"
"USW00094728","2024-06-04","0.00","0.0","0.0","79","65"
"USW00094728","2024-06-05","0.00","0.0","0.0","79","65"
"USW00094728","2024-06-06","0.77","0.0","0.0","81","68"
"USW00094728","2024-06-07","0.00","0.0","0.0","82","66"
"USW00094728","2024-06-08","0.00","0.0","0.0","76","63"
"USW00094728","2024-06-09","0.00","0.0","0.0","74","65"
"USW00094728","2024-06-10","0.00","0.0","0.0","75","62"
"USW00094728","2024-06-11","0.00","0.0","0.0","73","59"
"USW00094728","2024-06-12","0.00","0.0","0.0","76","61"
"USW00094728","2024-06-13","0.00","0.0","0.0","84","65"
"USW00094728","2024-06-14","0.28","0.0","0.0","85","65"
"USW00094728","2024-06-15","0.00","0.0","0.0","80","65"
"USW00094728","2024-06-16","0.00","0.0","0.0","78","63"
"USW00094728","2024-06-17","0.00","0.0","0.0","83","65"
"USW00094728","2024-06-18","0.00","0.0","0.0","86","71"
"USW00094728","2024-06-19","0.00","0.0","0.0","89","72"
"USW00094728","2024-06-20","0.00","0.0","0.0","91","72"
"USW00094728","2024-06-21","0.00","0.0","0.0","94","76"
"USW00094728","2024-06-22","0.11","0.0","0.0","93","75"
"USW00094728","2024-06-23","0.00","0.0","0.0","92","73"
"USW00094728","2024-06-24","0.00","0.0","0.0","80","72"
"USW00094728","2024-06-25","0.00","0.0","0.0","90","69"
"USW00094728","2024-06-26","0.08","0.0","0.0","93","70"
"USW00094728","2024-06-27","0.23","0.0","0.0","84","67"
"USW00094728","2024-06-28","0.00","0.0","0.0","79","64"
"USW00094728","2024-06-29","0.06","0.0","0.0","79","66"
"USW00094728","2024-06-30","0.18","0.0","0.0","85","70"
"USW00094728","2024-07-01","0.00","0.0","0.0","81","64"
"USW00094728","2024-07-02","0.00","0.0","0.0","86","66"
"USW00094728","2024-07-03","0.00","0.0","0.0","83","69"
"USW00094728","2024-07-04","0.04","0.0","0.0","89","70"
"USW00094728","2024-07-05","0.10","0.0","0.0","90","74"
"USW00094728","2024-07-06","0.05","0.0","0.0","92","73"
"USW00094728","2024-07-07","0.00","0.0","0.0","93","79"
"USW00094728","2024-07-08","0.00","0.0","0.0","95","77"
"USW00094728","2024-07-09","0.00","0.0","0.0","89","75"
"USW00094728","2024-07-10","0.00","0.0","0.0","91","78"
"USW00094728","2024-07-11","0.11","0.0","0.0","89","75"
"USW00094728","2024-07-12","0.06","0.0","0.0","84","72"
"USW00094728","2024-07-13","2.06","0.0","0.0","87","72"
"USW00094728","2024-07-14","0.00","0.0","0.0","90","75"
"USW00094728","2024-07-15","0.12","0.0","0.0","91","73"
"USW00094728","2024-07-16","0.00","0.0","0.0","94","78"
"USW00094728","2024-07-17","1.46","0.0","0.0","90","72"
"USW00094728","2024-07-18","0.00","0.0","0.0","86","72"
"USW00094728","2024-07-19","0.00","0.0","0.0","83","67"
"USW00094728","2024-07-20","0.00","0.0","0.0","83","71"
"USW00094728","2024-07-21","0.00","0.0","0.0","88","73"
"USW00094728","2024-07-22","0.01","0.0","0.0","84","71"
"USW00094728","2024-07-23","0.11","0.0","0.0","81","71"
"USW00094728","2024-07-24","0.00","0.0","0.0","81","73"
"USW00094728","2024-07-25","0.00","0.0","0.0","83","72"
"USW00094728","2024-07-26","0.00","0.0","0.0","84","67"
"USW00094728","2024-07-27","0.00","0.0","0.0","87","69"
"USW00094728","2024-07-28","0.00","0.0","0.0","89","70"
"USW00094728","2024-07-29","0.05","0.0","0.0","84","68"
"USW00094728","2024-07-30","0.00","0.0","0.0","88","75"
"USW00094728","2024-07-31","0.03","0.0","0.0","89","73"
"USW00094728","2024-08-01","0.00","0.0","0.0","95","76"
"USW00094728","2024-08-02","0.52","0.0","0.0","92","74"
"USW00094728","2024-08-03","0.73","0.0","0.0","93","73"
"USW00094728","2024-08-04","0.17","0.0","0.0","83","71"
"USW00094728","2024-08-05","0.00","0.0","0.0","90","73"
"USW00094728","2024-08-06","2.08","0.0","0.0","90","72"
"USW00094728","2024-08-07","0.13","0.0","0.0","72","64"
"USW00094728","2024-08-08","0.36","0.0","0.0","70","65"
"USW00094728","2024-08-09","0.11","0.0","0.0","80","70"
"USW00094728","2024-08-10","0.00","0.0","0.0","85","73"
"USW00094728","2024-08-11","0.00","0.0","0.0","80","69"
"USW00094728","2024-08-12","0.00","0.0","0.0","81","66"
"USW00094728","2024-08-13","0.00","0.0","0.0","81","64"
"USW00094728","2024-08-14","0.00","0.0","0.0","85","67"
"USW00094728","2024-08-15","0.00","0.0","0.0","86","68"
"USW00094728","2024-08-16","0.00","0.0","0.0","87","70"
"USW00094728","2024-08-17","0.04","0.0","0.0","79","67"
"USW00094728","2024-08-18","2.29","0.0","0.0","81","69"
"USW00094728","2024-08-19","0.25","0.0","0.0","84","68"
"USW00094728","2024-08-20","0.00","0.0","0.0","72","61"
"USW00094728","2024-08-21","0.00","0.0","0.0","73","57"
"USW00094728","2024-08-22","0.00","0.0","0.0","76","59"
"USW00094728","2024-08-23","0.00","0.0","0.0","80","62"
"USW00094728","2024-08-24","0.00","0.0","0.0","83","65"
"USW00094728","2024-08-25","0.00","0.0","0.0","85","68"
"USW00094728","2024-08-26","0.04","0.0","0.0","85","69"
"USW00094728","2024-08-27","0.00","0.0","0.0","86","67"
"USW00094728","2024-08-28","0.00","0.0","0.0","91","74"
"USW00094728","2024-08-29","0.00","0.0","0.0","82","70"
"USW00094728","2024-08-30","0.30","0.0","0.0","74","61"
"USW00094728","2024-08-31","0.00","0.0","0.0","77","67"
"USW00094728","2024-09-01","0.00","0.0","0.0","81","73"
"USW00094728","2024-09-02","0.00","0.0","0.0","79","63"
"USW00094728","2024-09-03","0.00","0.0","0.0","74","58"
"USW00094728","2024-09-04","0.00","0.0","0.0","77","59"
"USW00094728","2024-09-05","0.00","0.0","0.0","77","61"
"USW00094728","2024-09-06","0.00","0.0","0.0","78","63"
"USW00094728","2024-09-07","0.24","0.0","0.0","76","59"
"USW00094728","2024-09-08","0.00","0.0","0.0","69","55"
"USW00094728","2024-09-09","0.00","0.0","0.0","75","55"
"USW00094728","2024-09-10","0.00","0.0","0.0","78","62"
"USW00094728","2024-09-11","0.00","0.0","0.0","79","59"
"USW00094728","2024-09-12","0.00","0.0","0.0","80","62"
"USW00094728","2024-09-13","0.00","0.0","0.0","82","63"
"USW00094728","2024-09-14","0.00","0.0","0.0","83","65"
"USW00094728","2024-09-15","0.00","0.0","0.0","80","63"
"USW00094728","2024-09-16","0.00","0.0","0.0","77","60"
"USW00094728","2024-09-17","0.00","0.0","0.0","79","65"
"USW00094728","2024-09-18","0.00","0.0","0.0","75","67"
"USW00094728","2024-09-19","0.00","0.0","0.0","84","67"
"USW00094728","2024-09-20","0.00","0.0","0.0","81","67"
"USW00094728","2024-09-21","0.00","0.0","0.0","79","63"
"USW00094728","2024-09-22","0.00","0.0","0.0","74","61"
"USW00094728","2024-09-23","0.04","0.0","0.0","67","59"
"USW00094728","2024-09-24","0.00","0.0","0.0","68","59"
"USW00094728","2024-09-25","0.00","0.0","0.0","68","62"
"USW00094728","2024-09-26","0.08","0.0","0.0","74","64"
"USW00094728","2024-09-27","0.18","0.0","0.0","74","63"
"USW00094728","2024-09-28","0.26","0.0","0.0","68","61"
"USW00094728","2024-09-29","0.78","0.0","0.0","63","60"
"USW00094728","2024-09-30","0.00","0.0","0.0","72","60"
"USW00094728","2024-10-01","0.00","0.0","0.0","69","60"
"USW00094728","2024-10-02","0.00","0.0","0.0","68","58"
"USW00094728","2024-10-03","0.00","0.0","0.0","72","62"
"USW00094728","2024-10-04","0.00","0.0","0.0","73","60"
"USW00094728","2024-10-05","0.00","0.0","0.0","75","61"
"USW00094728","2024-10-06","0.00","0.0","0.0","71","55"
"USW00094728","2024-10-07","0.00","0.0","0.0","75","58"
"USW00094728","2024-10-08","0.00","0.0","0.0","68","53"
"USW00094728","2024-10-09","0.00","0.0","0.0","68","54"
"USW00094728","2024-10-10","0.00","0.0","0.0","62","49"
"USW00094728","2024-10-11","0.00","0.0","0.0","68","46"
"USW00094728","2024-10-12","0.00","0.0","0.0","74","56"
"USW00094728","2024-10-13","0.00","0.0","0.0","69","55"
"USW00094728","2024-10-14","0.00","0.0","0.0","66","48"
"USW00094728","2024-10-15","0.00","0.0","0.0","57","45"
"USW00094728","2024-10-16","0.00","0.0","0.0","59","44"
"USW00094728","2024-10-17","0.00","0.0","0.0","58","43"
"USW00094728","2024-10-18","0.00","0.0","0.0","66","48"
"USW00094728","2024-10-19","0.00","0.0","0.0","71","50"
"USW00094728","2024-10-20","0.00","0.0","0.0","73","52"
"USW00094728","2024-10-21","0.00","0.0","0.0","79","57"
"USW00094728","2024-10-22","0.00","0.0","0.0","81","62"
"USW00094728","2024-10-23","0.00","0.0","0.0","75","59"
"USW00094728","2024-10-24","0.00","0.0","0.0","69","53"
"USW00094728","2024-10-25","0.00","0.0","0.0","62","46"
"USW00094728","2024-10-26","0.00","0.0","0.0","64","51"
"USW00094728","2024-10-27","0.00","0.0","0.0","57","45"
"USW00094728","2024-10-28","0.00","0.0","0.0","61","46"
"USW00094728","2024-10-29","0.01","0.0","0.0","63","52"
"USW00094728","2024-10-30","0.00","0.0","0.0","76","58"
"USW00094728","2024-10-31","0.00","0.0","0.0","81","61"
"USW00094728","2024-11-01","0.00","0.0","0.0","79","57"
"USW00094728","2024-11-02","0.00","0.0","0.0","60","47"
"USW00094728","2024-11-03","0.00","0.0","0.0","54","41"
"USW00094728","2024-11-04","0.00","0.0","0.0","58","44"
"USW00094728","2024-11-05","0.00","0.0","0.0","73","54"
"USW00094728","2024-11-06","0.00","0.0","0.0","80","64"
"USW00094728","2024-11-07","0.00","0.0","0.0","73","54"
"USW00094728","2024-11-08","0.00","0.0","0.0","69","50"
"USW00094728","2024-11-09","0.00","0.0","0.0","54","43"
"USW00094728","2024-11-10","0.08","0.0","0.0","58","45"
"USW00094728","2024-11-11","0.10","0.0","0.0","68","55"
"USW00094728","2024-11-12","0.00","0.0","0.0","59","41"
"USW00094728","2024-11-13","0.00","0.0","0.0","50","37"
"USW00094728","2024-11-14","0.00","0.0","0.0","47","37"
"USW00094728","2024-11-15","0.00","0.0","0.0","58","41"
"USW00094728","2024-11-16","0.00","0.0","0.0","62","45"
"USW00094728","2024-11-17","0.00","0.0","0.0","63","44"
"USW00094728","2024-11-18","0.00","0.0","0.0","66","49"
"USW00094728","2024-11-19","0.00","0.0","0.0","60","47"
"USW00094728","2024-11-20","0.00","0.0","0.0","60","53"
"USW00094728","2024-11-21","1.57","0.0","0.0","54","37"
"USW00094728","2024-11-22","0.53","0.0","0.0","40","37"
"USW00094728","2024-11-23","0.02","0.0","0.0","49","37"
"USW00094728","2024-11-24","0.00","0.0","0.0","53","44"
"USW00094728","2024-11-25","0.00","0.0","0.0","54","41"
"USW00094728","2024-11-26","0.19","0.0","0.0","58","46"
"USW00094728","2024-11-27","0.00","0.0","0.0","52","43"
"USW00094728","2024-11-28","0.86","0.0","0.0","49","42"
"USW00094728","2024-11-29","0.00","0.0","0.0","47","34"
"USW00094728","2024-11-30","0.00","0.0","0.0","39","30"
"USW00094728","2024-12-01","0.00","0.0","0.0","38","27"
"USW00094728","2024-12-02","0.00","0.0","0.0","39","29"
"USW00094728","2024-12-03","0.00","0.0","0.0","42","32"
"USW00094728","2024-12-04","0.01","0.0","0.0","42","30"
"USW00094728","2024-12-05","0.09","0.0","0.0","40","31"
"USW00094728","2024-12-06","0.00","0.0","0.0","34","30"
"USW00094728","2024-12-07","0.00","0.0","0.0","41","31"
"USW00094728","2024-12-08","0.00","0.0","0.0","55","38"
"USW00094728","2024-12-09","0.18","0.0","0.0","51","44"
"USW00094728","2024-12-10","0.26","0.0","0.0","50","44"
"USW00094728","2024-12-11","0.85","0.0","0.0","60","41"
"USW00094728","2024-12-12","0.00","0.0","0.0","41","29"
"USW00094728","2024-12-13","0.00","0.0","0.0","33","27"
"USW00094728","2024-12-14","0.00","0.0","0.0","34","26"
"USW00094728","2024-12-15","0.06","0.0","0.0","41","28"
"USW00094728","2024-12-16","0.91","0.0","0.0","52","38"
"USW00094728","2024-12-17","0.02","0.0","0.0","59","49"
"USW00094728","2024-12-18","0.32","0.0","0.0","53","42"
"USW00094728","2024-12-19","0.05","0.0","0.0","45","37"
"USW00094728","2024-12-20","0.04","0.0","0.0","37","33"
"USW00094728","2024-12-21","0.15","1.8","2.0","33","19"
"USW00094728","2024-12-22","0.00","0.0","1.2","21","13"
"USW00094728","2024-12-23","0.00","0.0","1.2","31","13"
"USW00094728","2024-12-24","0.10","1.0","1.2","39","28"
"USW00094728","2024-12-25","0.00","0.0","1.2","35","28"
"USW00094728","2024-12-26","0.00","0.0","1.2","36","24"
"USW00094728","2024-12-27","0.00","0.0","1.2","44","26"
"USW00094728","2024-12-28","0.56","0.0","0.0","54","40"
"USW00094728","2024-12-29","0.16","0.0","0.0","60","50"
"USW00094728","2024-12-30","0.37","0.0","0.0","58","49"
"USW00094728","2024-12-31","0.40","0.0","0.0","53","44"
"USW00094728","2025-01-01","0.00","0.0","0.0","51","39"
"USW00094728","2025-01-02","0.00","0.0","0.0","43","33"
"USW00094728","2025-01-03","0.00","0.0","0.0","39","31"
"USW00094728","2025-01-04","0.00","0.0","0.0","33","28"
"USW00094728","2025-01-05","0.00","0.0","0.0","33","28"
"USW00094728","2025-01-06","0.08","0.9","0.0","30","22"
"USW00094728","2025-01-07","0.00","0.0","1.2","33","19"
"USW00094728","2025-01-08","0.00","0.0","0.0","30","23"
"USW00094728","2025-01-09","0.00","0.0","0.0","33","22"
"USW00094728","2025-01-10","0.00","0.0","0.0","39","27"
"USW00094728","2025-01-11","0.02","0.5","1.2","36","28"
"USW00094728","2025-01-12","0.00","0.0","0.0","42","30"
"USW00094728","2025-01-13","0.00","0.0","0.0","42","33"
"USW00094728","2025-01-14","0.00","0.0","0.0","35","25"
"USW00094728","2025-01-15","0.00","0.0","0.0","32","23"
"USW00094728","2025-01-16","0.00","0.0","0.0","30","23"
"USW00094728","2025-01-17","0.00","0.0","0.0","42","26"
"USW00094728","2025-01-18","0.09","0.0","0.0","46","35"
"USW00094728","2025-01-19","0.26","1.6","0.0","41","24"
"USW00094728","2025-01-20","0.00","0.0","1.2","26","17"
"USW00094728","2025-01-21","0.00","0.0","1.2","19","11"
"USW00094728","2025-01-22","0.00","0.0","1.2","20","10"
"USW00094728","2025-01-23","0.00","0.0","1.2","28","17"
"USW00094728","2025-01-24","0.00","0.0","1.2","33","23"
"USW00094728","2025-01-25","0.00","0.0","1.2","33","20"
"USW00094728","2025-01-26","0.00","0.0","0.0","43","31"
"USW00094728","2025-01-27","0.00","0.0","0.0","40","31"
"USW00094728","2025-01-28","0.00","0.0","0.0","42","32"
"USW00094728","2025-01-29","0.00","0.0","0.0","52","31"
"USW00094728","2025-01-30","0.00","0.0","0.0","38","25"
"USW00094728","2025-01-31","0.16","0.0","0.0","48","36"
"USW00094728","2025-02-01","0.00","0.0","0.0","48","21"
"USW00094728","2025-02-02","0.11","1.0","0.0","31","17"
"USW00094728","2025-02-03","0.00","0.0","1.2","49","31"
"USW00094728","2025-02-04","0.00","0.0","0.0","47","30"
"USW00094728","2025-02-05","0.00","0.0","0.0","36","26"
"USW00094728","2025-02-06","0.34","0.5","1.2","38","30"
"USW00094728","2025-02-07","0.00","0.0","0.0","43","30"
"USW00094728","2025-02-08","0.61","3.0","0.0","35","26"
"USW00094728","2025-02-09","0.06","0.1","3.1","36","30"
"USW00094728","2025-02-10","0.00","0.0","2.0","37","29"
"USW00094728","2025-02-11","0.12","1.2","1.2","35","28"
"USW00094728","2025-02-12","0.11","0.4","3.1","36","31"
"USW00094728","2025-02-13","0.15","0.0","2.0","46","35"
"USW00094728","2025-02-14","0.00","0.0","0.0","36","29"
"USW00094728","2025-02-15","0.31","0.5","0.0","35","28"
"USW00094728","2025-02-16","0.77","0.0","0.0","47","33"
"USW00094728","2025-02-17","0.00","0.0","0.0","36","26"
"USW00094728","2025-02-18","0.00","0.0","0.0","27","19"
"USW00094728","2025-02-19","0.00","0.0","0.0","30","17"
"USW00094728","2025-02-20","0.01","0.4","0.0","29","18"
"USW00094728","2025-02-21","0.00","0.0","0.0","35","21"
"USW00094728","2025-02-22","0.00","0.0","0.0","40","21"
"USW00094728","2025-02-23","0.00","0.0","0.0","46","33"
"USW00094728","2025-02-24","0.00","0.0","0.0","49","35"
"USW00094728","2025-02-25","0.00","0.0","0.0","57","43"
"USW00094728","2025-02-26","0.00","0.0","0.0","56","43"
"USW00094728","2025-02-27","0.01","0.0","0.0","54","44"
"USW00094728","2025-02-28","0.00","0.0","0.0","51","41"
"USW00094728","2025-03-01","0.00","0.0","0.0","64","27"
"USW00094728","2025-03-02","0.00","0.0","0.0","33","20"
"USW00094728","2025-03-03","0.00","0.0","0.0","39","23"
"USW00094728","2025-03-04","0.00","0.0","0.0","52","34"
"USW00094728","2025-03-05","1.71","0.0","0.0","54","42"
"USW00094728","2025-03-06","0.00","0.0","0.0","55","36"
"USW00094728","2025-03-07","0.00","0.0","0.0","50","34"
"USW00094728","2025-03-08","0.00","0.0","0.0","45","36"
"USW00094728","2025-03-09","0.00","0.0","0.0","53","32"
"USW00094728","2025-03-10","0.00","0.0","0.0","66","45"
"USW00094728","2025-03-11","0.00","0.0","0.0","65","44"
"USW00094728","2025-03-12","0.00","0.0","0.0","55","42"
"USW00094728","2025-03-13","0.00","0.0","0.0","50","39"
"USW00094728","2025-03-14","0.00","0.0","0.0","57","40"
"USW00094728","2025-03-15","0.00","0.0","0.0","49","41"
"USW00094728","2025-03-16","0.01","0.0","0.0","61","47"
"USW00094728","2025-03-17","0.92","0.0","0.0","59","37"
"USW00094728","2025-03-18","0.00","0.0","0.0","61","35"
"USW00094728","2025-03-19","0.00","0.0","0.0","63","43"
"USW00094728","2025-03-20","1.06","0.0","0.0","52","42"
"USW00094728","2025-03-21","0.03","0.0","0.0","51","38"
"USW00094728","2025-03-22","0.00","0.0","0.0","64","40"
"USW00094728","2025-03-23","0.00","0.0","0.0","48","31"
"USW00094728","2025-03-24","0.48","0.0","0.0","50","38"
"USW00094728","2025-03-25","0.00","0.0","0.0","58","47"
"USW00094728","2025-03-26","0.00","0.0","0.0","53","37"
"USW00094728","2025-03-27","0.00","0.0","0.0","53","34"
"USW00094728","2025-03-28","0.03","0.0","0.0","63","46"
"USW00094728","2025-03-29","0.00","0.0","0.0","81","43"
"USW00094728","2025-03-30","0.04","0.0","0.0","48","42"
"USW00094728","2025-03-31","1.24","0.0","0.0","73","45"
"USW00094728","2025-04-01","0.08","0.0","0.0","58","41"
"USW00094728","2025-04-02","0.00","0.0","0.0","49","37"
"USW00094728","2025-04-03","0.05","0.0","0.0","73","44"
"USW00094728","2025-04-04","0.09","0.0","0.0","73","57"
"USW00094728","2025-04-05","0.19","0.0","0.0","59","43"
"USW00094728","2025-04-06","0.76","0.0","0.0","56","43"
"USW00094728","2025-04-07","0.13","0.0","0.0","50","39"
"USW00094728","2025-04-08","0.00","0.0","0.0","45","35"
"USW00094728","2025-04-09","0.00","0.0","0.0","49","31"
"USW00094728","2025-04-10","0.01","0.0","0.0","51","40"
"USW00094728","2025-04-11","0.41","0.0","0.0","46","40"
"USW00094728","2025-04-12","0.63","0.0","0.0","40","36"
"USW00094728","2025-04-13","0.00","0.0","0.0","58","39"
"USW00094728","2025-04-14","0.07","0.0","0.0","66","48"
"USW00094728","2025-04-15","0.01","0.0","0.0","69","48"
"USW00094728","2025-04-16","0.00","0.0","0.0","50","44"
"USW00094728","2025-04-17","0.00","0.0","0.0","64","42"
"USW00094728","2025-04-18","0.00","0.0","0.0","68","48"
"USW00094728","2025-04-19","0.00","0.0","0.0","85","54"
"USW00094728","2025-04-20","0.00","0.0","0.0","73","55"
"USW00094728","2025-04-21","0.00","0.0","0.0","57","50"
"USW00094728","2025-04-22","0.00","0.0","0.0","82","53"
"USW00094728","2025-04-23","0.00","0.0","0.0","76","54"
"USW00094728","2025-04-24","0.00","0.0","0.0","77","56"
"USW00094728","2025-04-25","0.00","0.0","0.0","77","60"
"USW00094728","2025-04-26","0.82","0.0","0.0","74","53"
"USW00094728","2025-04-27","0.00","0.0","0.0","59","48"
"USW00094728","2025-04-28","0.00","0.0","0.0","76","51"
"USW00094728","2025-04-29","0.00","0.0","0.0","79","56"
"USW00094728","2025-04-30","0.00","0.0","0.0","73","59"
"USW00094728","2025-05-01","0.00","0.0","0.0","71","52"
"USW00094728","2025-05-02","0.00","0.0","0.0","84","57"
"USW00094728","2025-05-03","0.95","0.0","0.0","85","63"
"USW00094728","2025-05-04","0.15","0.0","0.0","69","60"
"USW00094728","2025-05-05","0.74","0.0","0.0","61","57"
"USW00094728","2025-05-06","0.24","0.0","0.0","64","57"
"USW00094728","2025-05-07","0.02","0.0","0.0","74","55"
"USW00094728","2025-05-08","0.00","0.0","0.0","78","60"
"USW00094728","2025-05-09","0.69","0.0","0.0","60","51"
"USW00094728","2025-05-10","0.00","0.0","0.0","72","50"
"USW00094728","2025-05-11","0.00","0.0","0.0","77","58"
"USW00094728","2025-05-12","0.00","0.0","0.0","72","57"
"USW00094728","2025-05-13","0.16","0.0","0.0","69","58"
"USW00094728","2025-05-14","1.22","0.0","0.0","62","56"
"USW00094728","2025-05-15","0.00","0.0","0.0","69","59"
"USW00094728","2025-05-16","0.11","0.0","0.0","72","61"
"USW00094728","2025-05-17","0.00","0.0","0.0","82","63"
"USW00094728","2025-05-18","0.00","0.0","0.0","73","61"
"USW00094728","2025-05-19","0.00","0.0","0.0","69","51"
"USW00094728","2025-05-20","0.00","0.0","0.0","67","49"
"USW00094728","2025-05-21","0.09","0.0","0.0","59","49"
"USW00094728","2025-05-22","0.90","0.0","0.0","51","48"
"USW00094728","2025-05-23","0.26","0.0","0.0","63","47"
"USW00094728","2025-05-24","0.00","0.0","0.0","64","48"
"USW00094728","2025-05-25","0.00","0.0","0.0","66","52"
"USW00094728","2025-05-26","0.00","0.0","0.0","73","52"
"USW00094728","2025-05-27","0.00","0.0","0.0","74","57"
"USW00094728","2025-05-28","0.49","0.0","0.0","65","52"
"USW00094728","2025-05-29","0.10","0.0","0.0","67","55"
"USW00094728","2025-05-30","0.00","0.0","0.0","75","62"
"USW00094728","2025-05-31","0.46","0.0","0.0","67","53"
"USW00094728","2025-06-01","0.00","0.0","0.0","66","50"
"USW00094728","2025-06-02","0.00","0.0","0.0","71","53"
"USW00094728","2025-06-03","0.00","0.0","0.0","79","56"
"USW00094728","2025-06-04","0.00","0.0","0.0","83","62"
"USW00094728","2025-06-05","0.00","0.0","0.0","87","70"
"USW00094728","2025-06-06","0.02","0.0","0.0","84","71"
"USW00094728","2025-06-07","0.70","0.0","0.0","76","66"
"USW00094728","2025-06-08","0.00","0.0","0.0","76","63"
"USW00094728","2025-06-09","0.01","0.0","0.0","64","62"
"USW00094728","2025-06-10","0.40","0.0","0.0","73","62"
"USW00094728","2025-06-11","0.00","0.0","0.0","81","65"
"USW00094728","2025-06-12","0.00","0.0","0.0","87","70"
"USW00094728","2025-06-13","0.00","0.0","0.0","78","67"
"USW00094728","2025-06-14","0.23","0.0","0.0","68","59"
"USW00094728","2025-06-15","0.03","0.0","0.0","64","59"
"USW00094728","2025-06-16","0.15","0.0","0.0","69","60"
"USW00094728","2025-06-17","0.02","0.0","0.0","67","62"
"USW00094728","2025-06-18","0.03","0.0","0.0","84","65"
"USW00094728","2025-06-19","0.65","0.0","0.0","88","70"
"USW00094728","2025-06-20","0.00","0.0","0.0","82","67"
"USW00094728","2025-06-21","0.00","0.0","0.0","86","72"
"USW00094728","2025-06-22","0.10","0.0","0.0","88","71"
"USW00094728","2025-06-23","0.00","0.0","0.0","96","80"
"USW00094728","2025-06-24","0.00","0.0","0.0","99","81"
"USW00094728","2025-06-25","0.00","0.0","0.0","96","81"
"USW00094728","2025-06-26","0.00","0.0","0.0","85","66"
"USW00094728","2025-06-27","0.07","0.0","0.0","72","62"
"USW00094728","2025-06-28","0.05","0.0","0.0","83","63"
"USW00094728","2025-06-29","0.00","0.0","0.0","89","77"
"USW00094728","2025-06-30","0.00","0.0","0.0","90","71"
"USW00094728","2025-07-01","0.43","0.0","0.0","89","72"
"USW00094728","2025-07-02","0.03","0.0","0.0","84","71"
"USW00094728","2025-07-03","0.00","0.0","0.0","88","69"
"USW00094728","2025-07-04","0.00","0.0","0.0","83","67"
"USW00094728","2025-07-05","0.00","0.0","0.0","84","68"
"USW00094728","2025-07-06","0.00","0.0","0.0","87","72"
"USW00094728","2025-07-07","0.00","0.0","0.0","87","76"
"USW00094728","2025-07-08","0.09","0.0","0.0","93","73"
"USW00094728","2025-07-09","0.05","0.0","0.0","90","73"
"USW00094728","2025-07-10","0.18","0.0","0.0","84","70"
"USW00094728","2025-07-11","0.00","0.0","0.0","84","73"
"USW00094728","2025-07-12","0.00","0.0","0.0","83","74"
"USW00094728","2025-07-13","0.00","0.0","0.0","83","71"
"USW00094728","2025-07-14","2.64","0.0","0.0","85","73"
"USW00094728","2025-07-15","0.00","0.0","0.0","86","72"
"USW00094728","2025-07-16","0.00","0.0","0.0","87","77"
"USW00094728","2025-07-17","0.00","0.0","0.0","90","75"
"USW00094728","2025-07-18","0.00","0.0","0.0","82","73"
"USW00094728","2025-07-19","0.00","0.0","0.0","81","69"
"USW00094728","2025-07-20","0.00","0.0","0.0","88","75"
"USW00094728","2025-07-21","0.00","0.0","0.0","85","71"
"USW00094728","2025-07-22","0.00","0.0","0.0","81","67"
"USW00094728","2025-07-23","0.00","0.0","0.0","80","69"
"USW00094728","2025-07-24","0.00","0.0","0.0","87","70"
"USW00094728","2025-07-25","0.01","0.0","0.0","95","76"
"USW00094728","2025-07-26","0.00","0.0","0.0","85","74"
"USW00094728","2025-07-27","0.00","0.0","0.0","84","73"
"USW00094728","2025-07-28","0.00","0.0","0.0","94","76"
"USW00094728","2025-07-29","0.00","0.0","0.0","97","78"
"USW00094728","2025-07-30","0.28","0.0","0.0","95","75"
"USW00094728","2025-07-31","0.32","0.0","0.0","89","65"
"USW00094728","2025-08-01","0.00","0.0","0.0","73","63"
"USW00094728","2025-08-02","0.00","0.0","0.0","80","63"
"USW00094728","2025-08-03","0.00","0.0","0.0","84","64"
"USW00094728","2025-08-04","0.00","0.0","0.0","89","67"
"USW00094728","2025-08-05","0.00","0.0","0.0","86","71"
"USW00094728","2025-08-06","0.06","0.0","0.0","79","64"
"USW00094728","2025-08-07","0.00","0.0","0.0","81","64"
"USW00094728","2025-08-08","0.00","0.0","0.0","82","63"
"USW00094728","2025-08-09","0.00","0.0","0.0","85","64"
"USW00094728","2025-08-10","0.00","0.0","0.0","90","69"
"USW00094728","2025-08-11","0.00","0.0","0.0","89","72"
"USW00094728","2025-08-12","0.00","0.0","0.0","91","71"
"USW00094728","2025-08-13","0.71","0.0","0.0","89","71"
"USW00094728","2025-08-14","0.00","0.0","0.0","89","73"
"USW00094728","2025-08-15","0.00","0.0","0.0","89","74"
"USW00094728","2025-08-16","0.00","0.0","0.0","84","74"
"USW00094728","2025-08-17","0.66","0.0","0.0","91","73"
"USW00094728","2025-08-18","0.00","0.0","0.0","75","66"
"USW00094728","2025-08-19","0.00","0.0","0.0","77","65"
"USW00094728","2025-08-20","0.51","0.0","0.0","70","58"
"USW00094728","2025-08-21","0.27","0.0","0.0","72","59"
"USW00094728","2025-08-22","0.00","0.0","0.0","83","58"
"USW00094728","2025-08-23","0.00","0.0","0.0","82","67"
"USW00094728","2025-08-24","0.00","0.0","0.0","80","67"
"USW00094728","2025-08-25","0.00","0.0","0.0","86","70"
"USW00094728","2025-08-26","0.00","0.0","0.0","79","63"
"USW00094728","2025-08-27","0.00","0.0","0.0","75","61"
"USW00094728","2025-08-28","0.00","0.0","0.0","78","61"
"USW00094728","2025-08-29","0.00","0.0","0.0","78","65"
"USW00094728","2025-08-30","0.00","0.0","0.0","76","57"
"USW00094728","2025-08-31","0.00","0.0","0.0","79","59"
"USW00094728","2025-09-01","0.00","0.0","0.0","78","64"
"USW00094728","2025-09-02","0.00","0.0","0.0","79","62"
"USW00094728","2025-09-03","0.00","0.0","0.0","79","61"
"USW00094728","2025-09-04","0.40","0.0","0.0","77","64"
"USW00094728","2025-09-05","0.17","0.0","0.0","82","66"
"USW00094728","2025-09-06","1.01","0.0","0.0","86","65"
"USW00094728","2025-09-07","0.63","0.0","0.0","69","59"
"USW00094728","2025-09-08","0.00","0.0","0.0","73","56"
"USW00094728","2025-09-09","0.00","0.0","0.0","73","58"
"USW00094728","2025-09-10","0.08","0.0","0.0","73","60"
"USW00094728","2025-09-11","0.00","0.0","0.0","79","61"
"USW00094728","2025-09-12","0.00","0.0","0.0","78","63"
"USW00094728","2025-09-13","0.00","0.0","0.0","77","64"
"USW00094728","2025-09-14","0.00","0.0","0.0","81","64"
"USW00094728","2025-09-15","0.00","0.0","0.0","79","66"
"USW00094728","2025-09-16","0.00","0.0","0.0","74","66"
"USW00094728","2025-09-17","0.00","0.0",,"70","63"
"USW00094728","2025-09-18","0.01","0.0","0.0","83","64"
"USW00094728","2025-09-19","0.00","0.0","0.0","84","68"
"USW00094728","2025-09-20","0.00","0.0","0.0","73","61"
"USW00094728","2025-09-21","0.00","0.0","0.0","71","58"
"USW00094728","2025-09-22","0.00","0.0","0.0","73","57"
"USW00094728","2025-09-23","0.00","0.0","0.0","83","65"
"USW00094728","2025-09-24","0.08","0.0","0.0","80","70"
"USW00094728","2025-09-25","0.27","0.0","0.0","77","70"
"USW00094728","2025-09-26","0.00","0.0","0.0","82","68"
"USW00094728","2025-09-27","0.01","0.0","0.0","79","66"
"USW00094728","2025-09-28","0.10","0.0","0.0","83","64"
"USW00094728","2025-09-29","0.00","0.0","0.0","78","67"
"USW00094728","2025-09-30","0.00","0.0","0.0","81","64"
"USW00094728","2025-10-01","0.00","0.0","0.0","69","56"
"USW00094728","2025-10-02","0.00","0.0","0.0","66","53"
"USW00094728","2025-10-03","0.00","0.0","0.0","71","54"
"USW00094728","2025-10-04","0.00","0.0","0.0","82","58"
"USW00094728","2025-10-05","0.00","0.0","0.0","84","64"
"USW00094728","2025-10-06","0.00","0.0","0.0","80","64"
"USW00094728","2025-10-07","0.00","0.0","0.0","80","66"
"USW00094728","2025-10-08","0.27","0.0","0.0","72","56"
"USW00094728","2025-10-09","0.00","0.0","0.0","59","48"
"USW00094728","2025-10-10","0.00","0.0","0.0","62","46"
"USW00094728","2025-10-11","0.09","0.0","0.0","64","58"
"USW00094728","2025-10-12","0.66","0.0","0.0","63","55"
"USW00094728","2025-10-13","0.90","0.0","0.0","58","53"
"USW00094728","2025-10-14","0.00","0.0","0.0","61","53"
"USW00094728","2025-10-15","0.00","0.0","0.0","68","52"
"USW00094728","2025-10-16","0.00","0.0","0.0","61","46"
"USW00094728","2025-10-17","0.00","0.0","0.0","63","47"
"USW00094728","2025-10-18","0.00","0.0","0.0","65","48"
"USW00094728","2025-10-19","0.00","0.0","0.0","70","55"
"USW00094728","2025-10-20","0.01","0.0","0.0","68","54"
"USW00094728","2025-10-21","0.03","0.0","0.0","66","50"
"USW00094728","2025-10-22","0.27","0.0","0.0","62","53"
"USW00094728","2025-10-23","0.00","0.0","0.0","60","50"
"USW00094728","2025-10-24","0.00","0.0","0.0","59","46"
"USW00094728","2025-10-25","0.00","0.0","0.0","58","45"
"USW00094728","2025-10-26","0.00","0.0","0.0","59","48"
"USW00094728","2025-10-27","0.00","0.0","0.0","55","43"
"USW00094728","2025-10-28","0.00","0.0","0.0","54","43"
"USW00094728","2025-10-29","0.02","0.0","0.0","56","48"
"USW00094728","2025-10-30","1.83","0.0","0.0","63","50"
"USW00094728","2025-10-31","0.00","0.0","0.0","58","51"
"USW00094728","2025-11-01","0.00","0.0","0.0","58","48"
"USW00094728","2025-11-02","0.00","0.0","0.0","59","43"
"USW00094728","2025-11-03","0.04","0.0","0.0","59","50"
"USW00094728","2025-11-04","0.00","0.0","0.0","59","47"
"USW00094728","2025-11-05","0.00","0.0","0.0","66","48"
"USW00094728","2025-11-06","0.00","0.0","0.0","57","42"
"USW00094728","2025-11-07","0.00","0.0","0.0","61","41"
"USW00094728","2025-11-08","0.16","0.0","0.0","65","54"
"USW00094728","2025-11-09","0.19","0.0","0.0","63","54"
"USW00094728","2025-11-10","0.22","0.0","0.0","59","35"
"USW00094728","2025-11-11","0.00","0.0","0.0","41","33"
"USW00094728","2025-11-12","0.00","0.0","0.0","50","38"
"USW00094728","2025-11-13","0.01","0.0","0.0","51","42"
"USW00094728","2025-11-14","0.00","0.0","0.0","51","40"
"USW00094728","2025-11-15","0.07","0.0","0.0","50","40"
"USW00094728","2025-11-16","0.06","0.0","0.0","56","41"
"USW00094728","2025-11-17","0.00","0.0","0.0","44","37"
"USW00094728","2025-11-18","0.00","0.0","0.0","45","37"
"USW00094728","2025-11-19","0.17","0.0","0.0","47","39"
"USW00094728","2025-11-20","0.00","0.0","0.0","47","38"
"USW00094728","2025-11-21","0.00","0.0","0.0","52","44"
"USW00094728","2025-11-22","0.20","0.0","0.0","52","40"
"USW00094728","2025-11-23","0.00","0.0","0.0","49","36"
"USW00094728","2025-11-24","0.00","0.0","0.0","52","43"
"USW00094728","2025-11-25","0.74","0.0","0.0","58","46"
"USW00094728","2025-11-26","0.12","0.0","0.0","59","49"
"USW00094728","2025-11-27","0.00","0.0","0.0","49","36"
"USW00094728","2025-11-28","0.00","0.0","0.0","43","33"
"USW00094728","2025-11-29","0.00","0.0","0.0","42","32"
"USW00094728","2025-11-30","0.11","0.0","0.0","47","37"
"USW00094728","2025-12-01","0.00","0.0","0.0","43","34"
"USW00094728","2025-12-02","0.78","0.0","0.0","40","34"
"USW00094728","2025-12-03","0.00","0.0","0.0","41","31"
"USW00094728","2025-12-04","0.00","0.0","0.0","41","24"
"USW00094728","2025-12-05","0.00","0.0","0.0","32","20"
"USW00094728","2025-12-06","0.02","0.0","0.0","42","30"
"USW00094728","2025-12-07","0.00","0.0","0.0","43","34"
"USW00094728","2025-12-08","0.00","0.0","0.0","38","22"
"USW00094728","2025-12-09","0.00","0.0","0.0","35","19"
"USW00094728","2025-12-10","0.07","0.0","0.0","47","32"
"USW00094728","2025-12-11","0.00","0.0","0.0","41","28"
"USW00094728","2025-12-12","0.00","0.0","0.0","35","25"
"USW00094728","2025-12-13","0.03","0.0","0.0","41","27"
"USW00094728","2025-12-14","0.51","2.9","1.0","33","19"
"USW00094728","2025-12-15","0.00","0.0","2.0","29","19"
"USW00094728","2025-12-16","0.00","0.0","2.0","32","24"
"USW00094728","2025-12-17","0.00","0.0","2.0","47","30"
"USW00094728","2025-12-18","0.02","0.0","1.0","50","36"
"USW00094728","2025-12-19","1.16","0.0","0.0","58","32"
"USW00094728","2025-12-20","0.00","0.0","0.0","38","30"
"USW00094728","2025-12-21","0.00","0.0","0.0","46","29"
"USW00094728","2025-12-22","0.00","0.0","0.0","39","28"
"USW00094728","2025-12-23","0.22","0.0","0.0","40","35"
"USW00094728","2025-12-24","0.00","0.0","0.0","46","35"
"USW00094728","2025-12-25","0.00","0.0","0.0","49","29"
"USW00094728","2025-12-26","0.27","1.7","0.0","29","20"
"USW00094728","2025-12-27","0.22","2.6","4.0","31","25"
"USW00094728","2025-12-28","0.00","0.0","4.0","39","22"
"USW00094728","2025-12-29","0.08","0.0","2.0","49","31"
"USW00094728","2025-12-30","0.00","0.0","0.0","33","27"
"USW00094728","2025-12-31","0.00","0.0","0.0","33","27"
"USW00094728","2026-01-01","0.02","0.5","1.0","36","22"
"USW00094728","2026-01-02","0.00","0.0","0.0","30","20"
"USW00094728","2026-01-03","0.00","0.0","0.0","30","23"
"USW00094728","2026-01-04","0.00","0.0","0.0","35","26"
"USW00094728","2026-01-05","0.00","0.0","0.0","39","29"
"USW00094728","2026-01-06","0.01","0.0","0.0","42","35"
"USW00094728","2026-01-07","0.01","0.0","0.0","49","37"
"USW00094728","2026-01-08","0.00","0.0","0.0","50","42"
"USW00094728","2026-01-09","0.01","0.0","0.0","54","39"
"USW00094728","2026-01-10","0.37","0.0","0.0","52","39"
"USW00094728","2026-01-11","0.01","0.0","0.0","47","34"
"USW00094728","2026-01-12","0.00","0.0","0.0","41","31"
"USW00094728","2026-01-13","0.00","0.0","0.0","48","35"
"USW00094728","2026-01-14","0.00","0.0","0.0","52","45"
"USW00094728","2026-01-15","0.00","0.0","0.0","47","24"
"USW00094728","2026-01-16","0.00","0.0","0.0","34","22"
"USW00094728","2026-01-17","0.17","1.0","0.0","39","31"
"USW00094728","2026-01-18","0.28","1.0","1.0","36","30"
"USW00094728","2026-01-19","0.00","0.0","1.0","32","22"
"USW00094728","2026-01-20","0.00","0.0","1.0","26","16"
"USW00094728","2026-01-21","0.00","0.0","1.0","40","17"
"USW00094728","2026-01-22","0.00","0.0","1.0","47","37"
"USW00094728","2026-01-23","0.00","0.0","0.0","38","14"
"USW00094728","2026-01-24","0.00","0.0","0.0","17","9"
"USW00094728","2026-01-25","1.80","11.4","1.0","22","10"
"USW00094728","2026-01-26","0.02","0.0","9.0","27","17"
"USW00094728","2026-01-27","0.00","0.0","8.0","22","15"
"USW00094728","2026-01-28","0.00","0.0","8.0","23","14"
"USW00094728","2026-01-29","0.00","0.0","7.0","23","11"
"USW00094728","2026-01-30","0.00","0.0","7.0","18","9"
"USW00094728","2026-01-31","0.00","0.0","7.0","24","10"
"USW00094728","2026-02-01","0.00","0.0","6.0","24","10"
"USW00094728","2026-02-02","0.00","0.0","6.0","35","14"
"USW00094728","2026-02-03","0.00","0.0","6.0","33","23"
"USW00094728","2026-02-04","0.00","0.0","6.0","33","26"
"USW00094728","2026-02-05","0.00","0.0","6.0","32","20"
"USW00094728","2026-02-06","0.02","0.1","6.0","33","23"
"USW00094728","2026-02-07","0.00","0.0","6.0","27","6"
"USW00094728","2026-02-08","0.00","0.0","6.0","18","3"
"USW00094728","2026-02-09","0.00","0.0","5.0","31","10"
"USW00094728","2026-02-10","0.00","0.0","5.0","37","24"
"USW00094728","2026-02-11","0.06","0.0","5.0","41","33"
"USW00094728","2026-02-12","0.00","0.0","4.0","36","27"
"USW00094728","2026-02-13","0.00","0.0","4.0","38","22"
"USW00094728","2026-02-14","0.00","0.0","2.0","46","29"
"USW00094728","2026-02-15","0.02","0.4","2.0","40","32"
"USW00094728","2026-02-16","0.04","0.7","1.0","39","29"
"USW00094728","2026-02-17","0.00","0.0","0.0","47","35"
"USW00094728","2026-02-18","0.10","0.0","0.0","41","37"
"USW00094728","2026-02-19","0.00","0.0","0.0","42","36"
"USW00094728","2026-02-20","0.38","0.0","0.0","37","34"
"USW00094728","2026-02-21","0.00","0.0","0.0","46","36"
"USW00094728","2026-02-22","0.83","8.8","0.0","39","30"
"USW00094728","2026-02-23","1.06","10.9","14.0","35","28"
"USW00094728","2026-02-24","0.00","0.0","14.0","31","23"
"USW00094728","2026-02-25","0.09","1.4","11.0","44","26"
"USW00094728","2026-02-26","0.00","0.0","7.0","49","35"
"USW00094728","2026-02-27","0.00","0.0","4.0","44","29"
"USW00094728","2026-02-28","0.00","0.0","1.0","54","33"
"USW00094728","2026-03-01","0.01","0.0","0.0","43","30"
"USW00094728","2026-03-02","0.00","0.0","0.0","33","21"
"USW00094728","2026-03-03","0.34","0.0","0.0","36","29"
"USW00094728","2026-03-04","0.02","0.0","0.0","49","35"
"USW00094728","2026-03-05","1.42","0.0","0.0","46","37"
"USW00094728","2026-03-06","0.16","0.0","0.0","41","37"
"USW00094728","2026-03-07","0.00","0.0","0.0","52","36"
"USW00094728","2026-03-08","0.00","0.0","0.0","69","50"
"USW00094728","2026-03-09","0.00","0.0","0.0","73","51"
"USW00094728","2026-03-10","0.00","0.0","0.0","80","51"
"USW00094728","2026-03-11","0.37","0.0","0.0","72","53"
"USW00094728","2026-03-12","0.08","0.0","0.0","63","34"
"USW00094728","2026-03-13","0.00","0.0","0.0","42","32"
"USW00094728","2026-03-14","0.00","0.0","0.0","51","38"
"USW00094728","2026-03-15","0.00","0.0","0.0","48","35"
"USW00094728","2026-03-16","0.59","0.0","0.0","57","48"
"USW00094728","2026-03-17","0.00","0.0","0.0","48","29"
"USW00094728","2026-03-18","0.00","0.0","0.0","37","25"
"USW00094728","2026-03-19","0.00","0.0","0.0","44","32"
"USW00094728","2026-03-20","0.03","0.0","0.0","57","39"
"USW00094728","2026-03-21","0.00","0.0","0.0","59","46"
"USW00094728","2026-03-22","0.15","0.0","0.0","63","44"
"USW00094728","2026-03-23","0.40","0.0","0.0","50","34"
"USW00094728","2026-03-24","0.00","0.0","0.0","48","32"
"USW00094728","2026-03-25","0.00","0.0","0.0","54","38"
"USW00094728","2026-03-26","0.02","0.0","0.0","76","45"
"USW00094728","2026-03-27","0.00","0.0","0.0","65","41"
"USW00094728","2026-03-28","0.00","0.0","0.0","44","31"
"USW00094728","2026-03-29","0.00","0.0","0.0","54","34"
"USW00094728","2026-03-30","0.00","0.0","0.0","73","47"
"USW00094728","2026-03-31","0.01","0.0","0.0","81","60"
"USW00094728","2026-04-01","0.09","0.0","0.0","80","51"
"USW00094728","2026-04-02","0.07","0.0","0.0","51","41"
"USW00094728","2026-04-03","0.00","0.0","0.0","66","41"
"USW00094728","2026-04-04","0.00","0.0","0.0","73","42"
"USW00094728","2026-04-05","0.19","0.0","0.0","57","42"
"USW00094728","2026-04-06","0.00","0.0","0.0","56","41"
"USW00094728","2026-04-07","0.00","0.0","0.0","56","32"
"USW00094728","2026-04-08","0.00","0.0","0.0","51","30"
"USW00094728","2026-04-09","0.00","0.0","0.0","51","35"
"USW00094728","2026-04-10","0.00","0.0","0.0","63","40"
"USW00094728","2026-04-11","0.00","0.0","0.0","63","49"
"USW00094728","2026-04-12","0.00","0.0","0.0","55","43"
"USW00094728","2026-04-13","0.00","0.0","0.0","79","49"
"USW00094728","2026-04-14","0.00","0.0","0.0","87","64"
"USW00094728","2026-04-15","0.00","0.0","0.0","90","67"
"USW00094728","2026-04-16","0.00","0.0","0.0","89","71"
"USW00094728","2026-04-17","0.27","0.0","0.0","81","59"
"USW00094728","2026-04-18","0.00","0.0","0.0","66","49"
"USW00094728","2026-04-19","0.05","0.0","0.0","53","41"
"USW00094728","2026-04-20","0.00","0.0","0.0","51","39"
"USW00094728","2026-04-21","0.00","0.0","0.0","54","34"
"USW00094728","2026-04-22","0.06","0.0","0.0","56","44"
"USW00094728","2026-04-23","0.00","0.0","0.0","73","45"
"USW00094728","2026-04-24","0.00","0.0","0.0","68","50"
"USW00094728","2026-04-25","1.36","0.0","0.0","50","41"
"USW00094728","2026-04-26","0.03","0.0","0.0","57","42"
"USW00094728","2026-04-27","0.00","0.0","0.0","68","45"
"USW00094728","2026-04-28","0.00","0.0","0.0","65","49"
"USW00094728","2026-04-29","0.20","0.0","0.0","62","48"
"USW00094728","2026-04-30","0.16","0.0","0.0","60","47"
"USW00094728","2026-05-01","0.00","0.0","0.0","64","46"
"USW00094728","2026-05-02","0.02","0.0","0.0","61","49"
"USW00094728","2026-05-03","0.00","0.0","0.0","59","45"
"USW00094728","2026-05-04","0.00","0.0","0.0","72","50"
"USW00094728","2026-05-05","0.00","0.0","0.0","81","59"
"USW00094728","2026-05-06","0.32","0.0","0.0","71","55"
"USW00094728","2026-05-07","0.16","0.0","0.0","64","49"
"USW00094728","2026-05-08","0.01","0.0","0.0","63","46"
"USW00094728","2026-05-09","0.24","0.0","0.0","65","52"
"USW00094728","2026-05-10","0.01","0.0","0.0","73","52"
"USW00094728","2026-05-11","0.00","0.0","0.0","61","53"
"USW00094728","2026-05-12","0.00","0.0","0.0","66","46"
"USW00094728","2026-05-13","0.01","0.0","0.0","72","54"
"USW00094728","2026-05-14","0.01","0.0","0.0","66","53"
"USW00094728","2026-05-15","0.00","0.0","0.0","66","50"
"USW00094728","2026-05-16","0.00","0.0","0.0","80","55"
"USW00094728","2026-05-17","0.00","0.0","0.0","87","66"
"USW00094728","2026-05-18","0.00","0.0","0.0","88","71"
"USW00094728","2026-05-19","0.00","0.0","0.0","93","73"
"USW00094728","2026-05-20","0.09","0.0","0.0","92","66"
"USW00094728","2026-05-21","0.15","0.0","0.0","66","55"
"USW00094728","2026-05-22","0.00","0.0","0.0","68","56"
"USW00094728","2026-05-23","0.75","0.0","0.0","57","49"
"USW00094728","2026-05-24","1.10","0.0","0.0","56","50"
"USW00094728","2026-05-25","0.18","0.0","0.0","73","55"
"USW00094728","2026-05-26","0.00","0.0","0.0","79","59"
"USW00094728","2026-05-27","0.00","0.0","0.0","81","68"
"USW00094728","2026-05-28","0.00","0.0","0.0","75","61"
"USW00094728","2026-05-29","0.00","0.0","0.0","75","57"
"USW00094728","2026-05-30","0.00","0.0","0.0","69","51"
"USW00094728","2026-05-31","0.00","0.0",,"75","50"
"USW00094728","2026-06-01","0.00","0.0",,"71","53"
"USW00094728","2026-06-02","0.00","0.0","0.0","76","52"
"USW00094728","2026-06-03","0.00","0.0","0.0","83","61"
"USW00094728","2026-06-04","0.00","0.0","0.0","86","64"
"USW00094728","2026-06-05","0.00","0.0","0.0","88","66"
"USW00094728","2026-06-06","0.26","0.0","0.0","87","66"
"USW00094728","2026-06-07","0.04","0.0","0.0","81","66"
"USW00094728","2026-06-08","0.00","0.0","0.0","75","63"
"USW00094728","2026-06-09","0.00","0.0",,"79","61"
"USW00094728","2026-06-10","0.00","0.0","0.0","82","69"
"USW00094728","2026-06-11","0.21","0.0","0.0","91","72"
"USW00094728","2026-06-12","0.90","0.0","0.0","90","72"
"USW00094728","2026-06-13","0.00","0.0","0.0","85","70"
"USW00094728","2026-06-14","0.25","0.0","0.0","87","70"
"USW00094728","2026-06-15","0.02","0.0","0.0","74","62"
"USW00094728","2026-06-16","0.00","0.0","0.0","76","57"
"USW00094728","2026-06-17","0.00","0.0","0.0","78","63"
"USW00094728","2026-06-18","0.00","0.0","0.0","86","68"
"USW00094728","2026-06-19","0.00","0.0","0.0","81","69"
"USW00094728","2026-06-20","0.00","0.0","0.0","81","66"
"USW00094728","2026-06-21","0.00","0.0","0.0","82","65"
"USW00094728","2026-06-22","1.24","0.0","0.0","73","67"
"USW00094728","2026-06-23","0.06","0.0","0.0","71","66"
"USW00094728","2026-06-24","0.00","0.0","0.0","82","64"
"USW00094728","2026-06-25","0.00","0.0","0.0","83","66"
"USW00094728","2026-06-26","0.27","0.0","0.0","80","66"
"USW00094728","2026-06-27","0.14","0.0","0.0","78","68"
"USW00094728","2026-06-28","0.00","0.0","0.0","82","68"
"USW00094728","2026-06-29","0.00","0.0","0.0","88","68"
"USW00094728","2026-06-30","0.00","0.0","0.0","87","73"
"USW00094728","2026-07-01","0.00","0.0","0.0","93","75"
"USW00094728","2026-07-02","0.00","0.0","0.0","100","82"
"USW00094728","2026-07-03","0.13","0.0","0.0","98","72"
"USW00094728","2026-07-04","0.18","0.0","0.0","94","72"
"USW00094728","2026-07-05","0.13","0.0","0.0","81","69"
"USW00094728","2026-07-06","1.03","0.0","0.0","69","64"
"USW00094728","2026-07-07","0.02","0.0","0.0","70","63"
"USW00094728","2026-07-08","0.00","0.0","0.0","85","64"
"USW00094728","2026-07-09","0.05","0.0","0.0","82","71"
"USW00094728","2026-07-10","0.00","0.0","0.0","85","73"
"USW00094728","2026-07-11","0.02","0.0","0.0","82","70"
"USW00094728","2026-07-12","0.00","0.0","0.0","84","69"
"USW00094728","2026-07-13","0.00","0.0","0.0","84","70"
"USW00094728","2026-07-14","0.00","0.0","0.0","90","72"
"USW00094728","2026-07-15","0.27","0.0","0.0","95","75"
"USW00094728","2026-07-16","0.00","0.0","0.0","85","74"
"USW00094728","2026-07-17","0.00","0.0","0.0","86","70"
"USW00094728","2026-07-18","1.62","0.0","0.0","76","69"
"USW00094728","2026-07-19","0.00","0.0","0.0","79","68"
"USW00094728","2026-07-20","0.00","0.0","0.0","81","63"
"USW00094728","2026-07-21","0.24","0.0","0.0","81","71"
"USW00094728","2026-07-22","0.00","0.0","0.0","85","71"
