period,value
2026-07-22,176114
2026-07-21,171529
2026-07-20,155155
2026-07-19,149697
2026-07-18,159743
2026-07-17,175437
2026-07-16,186030
2026-07-15,204187
2026-07-14,184744
2026-07-13,169250
2026-07-12,149581
2026-07-11,158537
2026-07-10,178647
2026-07-09,170286
2026-07-08,156301
2026-07-07,144005
2026-07-06,162008
2026-07-05,175753
2026-07-04,193459
2026-07-03,213418
2026-07-02,222168
2026-07-01,196441
2026-06-30,181370
2026-06-29,171418
2026-06-28,147783
2026-06-27,148136
2026-06-26,160036
2026-06-25,154773
2026-06-24,148706
2026-06-23,150402
2026-06-22,154211
2026-06-21,139199
2026-06-20,136454
2026-06-19,150465
2026-06-18,162283
2026-06-17,146486
2026-06-16,140105
2026-06-15,157180
2026-06-14,165353
2026-06-13,168074
2026-06-12,196568
2026-06-11,192922
2026-06-10,159098
2026-06-09,140591
2026-06-08,143172
2026-06-07,148783
2026-06-06,157200
2026-06-05,156789
2026-06-04,143970
2026-06-03,135352
2026-06-02,124713
2026-06-01,123979
2026-05-31,109630
2026-05-30,110629
2026-05-29,128653
2026-05-28,137328
2026-05-27,141882
2026-05-26,129515
2026-05-25,112337
2026-05-24,107077
2026-05-23,108661
2026-05-22,119653
2026-05-21,137938
2026-05-20,185679
2026-05-19,177062
2026-05-17,126112
2026-05-16,111517
2026-05-15,115623
2026-05-14,117634
2026-05-13,118261
2026-05-11,116863
2026-05-10,107724
2026-05-09,109302
2026-05-08,115723
2026-05-07,117300
2026-05-06,124997
2026-05-05,123395
2026-05-04,117329
2026-05-03,105987
2026-05-02,108112
2026-05-01,116009
2026-04-30,119845
2026-04-29,117697
2026-04-28,118536
2026-04-27,118154
2026-04-26,109962
2026-04-25,113575
2026-04-24,117790
2026-04-23,121580
2026-04-22,123398
2026-04-21,121892
2026-04-20,120361
2026-04-18,115755
2026-04-17,145543
2026-04-16,153386
2026-04-15,146994
2026-04-14,133683
2026-04-13,122943
2026-04-12,108137
2026-04-11,108568
2026-04-10,119401
2026-04-09,123174
2026-04-08,125623
2026-04-07,120267
2026-04-06,119261
2026-04-05,110954
2026-04-04,110951
2026-04-03,118981
2026-04-02,121797
2026-04-01,126663
2026-03-31,123870
2026-03-30,122280
2026-03-29,115385
2026-03-28,117416
2026-03-27,120795
2026-03-26,123180
2026-03-25,127128
2026-03-24,129564
2026-03-23,129528
2026-03-22,113792
2026-03-21,113880
2026-03-20,127087
2026-03-19,137028
2026-03-18,138916
2026-03-17,131201
2026-03-16,129247
2026-03-15,121555
2026-03-14,119391
2026-03-13,131991
2026-03-12,127919
2026-03-11,122202
2026-03-10,122828
2026-03-09,122073
2026-03-08,112106
2026-03-07,125526
2026-03-06,137316
2026-03-05,136793
2026-03-04,136581
2026-03-03,146002
2026-03-02,145422
2026-03-01,126845
2026-02-28,124937
2026-02-27,137460
2026-02-26,138346
2026-02-25,144703
2026-02-24,148110
2026-02-23,141934
2026-02-22,134586
2026-02-21,127162
2026-02-20,141220
2026-02-19,137720
2026-02-18,139028
2026-02-17,139588
2026-02-16,138805
2026-02-15,130033
2026-02-14,133251
2026-02-13,148302
2026-02-12,148729
2026-02-11,148262
2026-02-10,157201
2026-02-08,168789
2026-02-07,158768
2026-02-06,153241
2026-02-05,154649
2026-02-04,153467
2026-02-03,157397
2026-02-02,163670
2026-02-01,161808
2026-01-31,161344
2026-01-30,171429
2026-01-29,167750
2026-01-28,165792
2026-01-27,164913
2026-01-26,158536
2026-01-25,158518
2026-01-24,157379
2026-01-23,147793
2026-01-22,141357
2026-01-21,157163
2026-01-20,159311
2026-01-19,144463
2026-01-18,135378
2026-01-17,135687
2026-01-16,147770
2026-01-15,136070
2026-01-14,132625
2026-01-13,136382
2026-01-12,139994
2026-01-11,123791
2026-01-10,124407
2026-01-09,131611
2026-01-08,131479
2026-01-07,135476
2026-01-06,140715
2026-01-05,147156
2026-01-04,137177
2026-01-03,142054
2026-01-02,149586
2026-01-01,137185
2025-12-20,131087
2025-12-19,133820
2025-12-18,136894
2025-12-17,145427
2025-12-16,152679
2025-12-15,157271
2025-12-14,140259
2025-12-13,135805
2025-12-12,147153
2025-12-11,143177
2025-11-05,120814
2025-11-04,119954
2025-11-03,121026
2025-11-02,113431
2025-11-01,111251
2025-10-31,120401
2025-10-30,125028
2025-10-29,122639
2025-10-28,123099
2025-10-27,120473
2025-10-26,108844
2025-10-25,110742
2025-10-24,118856
2025-10-23,118878
2025-10-22,119955
2025-10-21,119524
2025-10-20,121000
2025-10-19,110897
2025-10-18,109150
2025-10-17,118059
2025-10-16,117697
2025-10-15,120028
2025-10-14,119948
2025-10-13,118767
2025-10-12,109520
2025-10-11,110784
2025-10-10,116258
2025-10-09,117721
2025-10-08,136271
2025-10-07,145460
2025-10-06,143928
2025-10-05,129731
2025-10-04,120669
2025-10-03,122506
2025-10-02,120144
2025-10-01,127931
2025-09-30,144072
2025-09-29,147648
2025-09-28,140349
2025-09-27,138024
2025-09-26,154328
2025-09-25,158607
2025-09-24,153504
2025-09-23,144190
2025-09-22,128815
2025-09-21,116851
2025-09-20,124720
2025-09-19,151519
2025-09-18,146153
2025-09-17,134686
2025-09-16,139506
2025-09-15,149227
2025-09-14,134186
2025-09-13,130353
2025-09-12,138086
2025-09-11,136355
2025-09-10,131314
2025-09-09,130618
2025-09-08,130075
2025-09-07,126852
2025-09-06,153368
2025-09-05,157341
2025-09-04,146378
2025-09-03,141588
2025-09-02,140528
2025-09-01,127022
2025-08-31,119654
2025-08-30,118579
2025-08-29,136709
2025-08-28,135014
2025-08-27,135947
2025-08-26,144938
2025-08-25,158402
2025-08-24,136364
2025-08-23,130088
2025-08-22,132676
2025-08-21,128147
2025-08-20,138578
2025-08-19,141967
2025-08-18,155420
2025-08-17,170673
2025-08-16,165908
2025-08-15,181932
2025-08-14,188160
2025-08-13,190689
2025-08-12,181709
2025-08-11,172005
2025-08-10,146811
2025-08-09,138039
2025-08-08,146456
2025-08-07,152453
2025-08-06,160350
2025-08-05,169645
2025-08-04,164044
2025-08-03,138291
2025-08-02,136495
2025-08-01,150535
2025-07-31,198487
2025-07-30,216358
2025-07-29,216156
2025-07-28,201676
2025-07-27,164969
2025-07-26,167192
2025-07-25,194196
2025-07-24,173495
2025-07-23,164089
2025-07-22,161494
2025-07-21,182756
2025-07-20,175740
2025-07-19,160063
2025-07-18,179961
2025-07-17,205418
2025-07-16,203650
2025-07-15,190418
2025-07-14,190918
2025-07-13,164300
2025-07-12,168248
2025-07-11,181568
2025-07-10,184139
2025-07-09,200050
2025-07-08,205336
2025-07-07,194399
2025-07-06,161911
2025-07-05,148963
2025-07-04,145526
2025-07-03,176397
2025-07-02,179985
2025-07-01,192891
2025-06-30,189393
2025-06-29,170642
2025-06-28,142830
2025-06-27,141689
2025-06-26,182257
2025-06-25,229325
2025-06-24,225312
2025-06-23,212749
2025-06-22,166019
2025-06-21,154490
2025-06-20,155298
2025-06-19,164136
2025-06-18,145154
2025-06-17,129939
2025-06-16,125975
2025-06-15,112305
2025-06-14,123122
2025-06-13,150301
2025-06-12,162527
2025-06-11,145591
2025-06-10,135361
2025-06-09,132373
2025-06-08,129797
2025-06-07,146003
2025-06-06,163674
2025-06-05,155171
2025-06-04,135370
2025-06-03,124438
2025-06-02,118081
2025-06-01,105414
2025-05-31,111781
2025-05-30,125112
2025-05-29,120828
2025-05-28,120406
2025-05-27,121983
2025-05-26,106014
2025-05-25,102086
2025-05-24,104717
2025-05-23,116114
2025-05-22,118919
2025-05-21,118992
2025-05-20,117473
2025-05-19,121522
2025-05-18,115976
2025-05-17,124344
2025-05-16,128714
2025-05-15,126488
2025-05-14,124548
2025-05-13,126915
2025-05-12,122303
2025-05-11,110675
2025-05-10,108490
2025-05-09,122058
2025-05-08,127167
2025-05-07,122733
2025-05-06,123091
2025-05-05,126087
2025-05-04,119015
2025-05-03,124931
2025-05-02,126382
2025-05-01,117885
2025-04-30,122936
2025-04-29,119517
2025-04-28,116337
2025-04-27,104430
2025-04-26,114466
2025-04-25,121004
2025-04-24,120123
2025-04-23,118275
2025-04-22,119855
2025-04-21,115936
2025-04-20,105506
2025-04-19,110705
2025-04-18,112731
2025-04-17,117844
2025-04-16,120731
2025-04-15,118493
2025-04-14,119372
2025-04-13,113135
2025-04-12,121060
2025-04-11,125921
2025-04-10,125031
2025-04-09,126538
2025-04-08,124593
2025-04-07,126114
2025-04-06,111365
2025-04-05,112385
2025-04-04,120836
2025-04-03,124965
2025-04-02,124319
2025-04-01,120568
2025-03-31,121348
2025-03-30,111937
2025-03-29,111190
2025-03-28,121114
2025-03-27,124724
2025-03-26,123497
2025-03-25,121515
2025-03-24,127893
2025-03-23,114056
2025-03-22,112022
2025-03-21,122404
2025-03-20,123221
2025-03-19,120561
2025-03-18,123481
2025-03-17,123262
2025-03-16,113147
2025-03-15,116401
2025-03-14,123000
2025-03-13,124345
2025-03-12,122667
2025-03-11,121180
2025-03-10,123219
2025-03-09,114224
2025-03-08,119641
2025-03-07,129991
2025-03-06,126880
2025-03-05,129854
2025-03-04,133459
2025-03-03,139878
2025-03-02,128568
2025-03-01,116852
2025-02-28,124313
2025-02-27,126313
2025-02-26,124760
2025-02-25,127889
2025-02-24,131554
2025-02-23,125821
2025-02-22,135218
2025-02-21,148799
2025-02-20,151112
2025-02-19,151311
2025-02-18,149301
2025-02-17,135372
2025-02-16,128848
2025-02-15,133710
2025-02-14,139145
2025-02-13,138821
2025-02-12,143896
2025-02-11,143792
2025-02-10,141563
2025-02-09,133632
2025-02-08,134576
2025-02-07,137067
2025-02-06,143000
2025-02-05,142456
2025-02-04,134272
2025-02-03,138613
2025-02-02,137918
2025-02-01,127718
2025-01-31,135834
2025-01-30,142000
2025-01-29,134715
2025-01-28,139044
2025-01-27,140952
2025-01-26,133314
2025-01-25,140892
2025-01-24,152191
2025-01-23,158474
2025-01-22,163751
2025-01-21,161703
2025-01-20,148957
2025-01-19,129237
2025-01-18,129376
2025-01-17,142209
2025-01-16,148286
2025-01-14,144078
2025-01-13,140042
2025-01-12,130447
2025-01-11,135803
2025-01-10,146594
2025-01-09,154399
2025-01-08,154141
2025-01-07,152789
2025-01-06,147760
2025-01-05,134218
2025-01-04,133674
2025-01-03,135929
2025-01-02,132967
2025-01-01,116674
2024-12-31,123079
2024-12-30,123031
2024-12-29,116804
2024-12-28,124302
2024-12-27,136806
2024-12-26,139228
2024-12-25,128612
2024-12-24,141132
2024-12-23,152903
2024-12-22,143149
2024-12-21,134936
2024-12-20,136595
2024-12-19,130968
2024-12-18,128037
2024-12-17,128108
2024-12-16,135279
2024-12-15,130348
2024-12-14,133949
2024-12-13,141748
2024-12-12,134495
2024-12-11,128740
2024-12-10,130606
2024-12-09,130896
2024-12-08,121900
2024-12-07,129748
2024-12-06,141124
2024-12-05,138124
2024-12-04,138431
2024-12-03,137545
2024-12-02,137747
2024-12-01,126075
2024-11-30,121119
2024-11-29,120273
2024-11-28,114144
2024-11-27,121979
2024-11-26,123516
2024-11-25,124130
2024-11-24,114571
2024-11-23,117929
2024-11-22,128644
2024-11-21,124692
2024-11-20,121871
2024-11-19,121355
2024-11-18,121498
2024-11-17,111310
2024-11-16,113482
2024-11-15,123587
2024-11-14,126011
2024-11-13,124244
2024-11-12,120409
2024-11-11,118800
2024-11-10,109482
2024-11-09,109447
2024-11-08,119146
2024-11-07,128061
2024-11-06,129572
2024-11-05,121638
2024-11-04,120112
2024-11-03,111893
2024-11-02,108516
2024-11-01,128037
2024-10-31,128965
2024-10-30,124290
2024-10-29,121090
2024-10-28,119401
2024-10-27,107391
2024-10-26,109032
2024-10-25,118586
2024-10-24,124464
2024-10-23,129630
2024-10-22,129531
2024-10-21,123563
2024-10-20,108899
2024-10-19,109688
2024-10-18,118577
2024-10-17,119322
2024-10-16,119030
2024-10-15,117978
2024-10-14,116554
2024-10-13,108860
2024-10-12,108615
2024-10-11,116491
2024-10-10,116684
2024-10-08,120224
2024-10-07,127718
2024-10-06,112694
2024-10-05,117152
2024-10-04,126270
2024-10-03,124414
2024-10-02,123448
2024-10-01,125460
2024-09-30,125686
2024-09-29,113364
2024-09-28,120398
2024-09-27,136445
2024-09-26,137319
2024-09-25,125294
2024-09-24,124821
2024-09-23,127892
2024-09-22,121974
2024-09-21,129828
2024-09-20,149992
2024-09-19,149657
2024-09-18,143808
2024-09-17,145236
2024-09-16,140323
2024-09-15,135068
2024-09-14,140427
2024-09-13,145330
2024-09-12,141943
2024-09-11,136531
2024-09-10,135667
2024-09-09,127783
2024-09-08,113001
2024-09-07,131255
2024-09-06,143379
2024-09-05,139231
2024-09-04,136235
2024-09-03,134126
2024-09-02,137338
2024-09-01,147525
2024-08-31,137976
2024-08-30,144337
2024-08-29,168461
2024-08-28,187044
2024-08-27,167050
2024-08-26,163961
2024-08-25,143315
2024-08-24,136540
2024-08-23,138449
2024-08-22,131399
2024-08-21,129605
2024-08-20,139701
2024-08-19,168842
2024-08-18,153602
2024-08-17,153441
2024-08-16,172256
2024-08-15,167985
2024-08-14,162930
2024-08-13,152297
2024-08-12,155444
2024-08-11,146280
2024-08-10,157538
2024-08-09,168798
2024-08-08,145053
2024-08-07,157871
2024-08-06,195634
2024-08-05,190114
2024-08-04,167499
2024-08-03,185206
2024-08-02,205346
2024-08-01,199184
2024-07-31,193186
2024-07-30,186401
2024-07-29,176265
2024-07-28,153172
2024-07-27,151956
2024-07-26,158078
2024-07-25,176626
2024-07-24,179604
2024-07-23,178638
2024-07-22,185179
2024-07-21,166582
2024-07-20,158502
2024-07-19,168652
2024-07-18,189710
2024-07-17,204545
2024-07-16,214127
2024-07-15,203823
2024-07-14,177664
2024-07-13,174380
2024-07-12,188001
2024-07-11,197069
2024-07-10,207772
2024-07-09,204212
2024-07-08,204801
2024-07-07,179856
2024-07-06,174587
2024-07-05,179003
2024-07-04,148986
2024-07-03,153074
2024-07-02,153121
2024-07-01,151971
2024-06-30,159288
2024-06-29,142824
2024-06-28,145789
2024-06-27,172540
2024-06-26,187697
2024-06-25,172647
2024-06-24,176674
2024-06-23,181459
2024-06-22,181513
2024-06-21,195991
2024-06-20,184117
2024-06-19,170946
2024-06-18,172070
2024-06-17,156036
2024-06-16,126847
2024-06-15,137519
2024-06-14,159899
2024-06-13,151014
2024-06-12,139481
2024-06-11,137507
2024-06-10,139579
2024-06-09,130033
2024-06-08,132181
2024-06-07,155967
2024-06-06,164580
2024-06-05,155169
2024-06-04,156095
2024-06-03,157104
2024-06-02,129455
2024-06-01,124462
2024-05-31,128329
2024-05-30,129147
2024-05-29,138253
2024-05-28,145299
2024-05-27,131790
2024-05-26,129499
2024-05-25,128941
2024-05-24,146863
2024-05-23,146380
2024-05-22,142724
2024-05-21,131765
2024-05-20,122257
2024-05-19,109853
2024-05-18,110332
2024-05-17,120128
2024-05-16,120608
2024-05-15,120976
2024-05-14,120146
2024-05-13,116599
2024-05-12,105238
2024-05-11,105208
2024-05-10,118080
2024-05-09,126567
2024-05-08,135931
2024-05-07,123916
2024-05-06,120093
2024-05-05,107601
2024-05-04,106231
2024-05-03,116646
2024-05-02,121813
2024-05-01,119518
2024-04-30,118586
2024-04-29,127381
2024-04-28,105353
2024-04-27,105435
2024-04-26,113958
2024-04-25,114582
2024-04-24,115397
2024-04-23,114220
2024-04-22,114826
2024-04-21,106176
2024-04-20,107311
2024-04-19,117552
2024-04-18,120726
2024-04-17,117699
2024-04-16,117633
2024-04-15,120463
2024-04-14,106230
2024-04-13,109372
2024-04-12,118513
2024-04-11,119467
2024-04-10,116601
2024-04-09,118395
2024-04-08,118910
2024-04-07,110062
2024-04-06,114228
2024-04-05,124447
2024-04-04,126600
2024-04-03,129954
2024-04-02,125007
2024-04-01,120871
2024-03-31,107220
2024-03-30,112331
2024-03-29,120355
2024-03-28,125729
2024-03-27,125707
2024-03-26,125305
2024-03-25,126694
2024-03-24,117889
2024-03-23,121500
2024-03-22,130301
2024-03-21,130067
2024-03-20,125095
2024-03-19,125439
2024-03-18,120876
2024-03-17,107601
2024-03-16,108979
2024-03-15,119220
2024-03-14,119855
2024-03-13,120078
2024-03-12,122829
2024-03-11,128298
2024-03-10,111660
2024-03-09,119558
2024-03-08,122908
2024-03-07,125068
2024-03-06,126572
2024-03-05,127282
2024-03-04,122004
2024-03-03,111074
2024-03-02,120590
2024-03-01,130494
2024-02-29,131221
2024-02-28,126789
2024-02-27,127050
2024-02-26,130249
2024-02-25,124037
2024-02-24,120238
2024-02-23,128785
2024-02-22,132618
2024-02-21,136259
2024-02-20,136682
2024-02-19,128372
2024-02-18,126553
2024-02-17,129046
2024-02-16,133279
2024-02-15,138777
2024-02-14,138449
2024-02-13,134103
2024-02-12,127136
2024-02-11,114929
2024-02-10,115762
2024-02-09,126725
2024-02-08,129478
2024-02-07,132692
2024-02-06,135668
2024-02-05,133529
2024-02-04,121576
2024-02-03,123515
2024-02-02,132441
2024-02-01,133653
2024-01-31,137092
2024-01-30,137309
2024-01-29,135881
2024-01-28,122603
2024-01-27,119818
2024-01-26,129946
2024-01-25,129309
2024-01-24,136245
2024-01-23,141187
2024-01-22,147514
2024-01-21,142814
2024-01-20,144908
2024-01-19,147502
2024-01-18,151482
2024-01-17,145708
2024-01-16,147227
2024-01-15,139462
2024-01-14,123617
2024-01-13,118200
2024-01-12,127989
2024-01-11,129251
2024-01-10,128884
2024-01-09,133803
2024-01-08,133372
2024-01-07,126295
2024-01-06,129492
2024-01-05,136792
2024-01-04,132779
2024-01-03,131802
2024-01-02,131525
2024-01-01,116590
2023-12-31,117793
2023-12-30,117117
2023-12-29,120162
2023-12-28,123326
2023-12-27,124121
2023-12-26,122987
2023-12-25,113544
2023-12-24,116465
2023-12-23,123547
2023-12-22,134648
2023-12-21,133332
2023-12-20,133889
2023-12-19,130034
2023-12-18,126652
2023-12-17,116845
2023-12-16,117621
2023-12-15,130201
2023-12-14,135106
2023-12-13,131986
2023-12-12,132472
2023-12-11,130480
2023-12-10,116724
2023-12-09,118195
2023-12-08,129946
2023-12-07,135960
2023-12-06,132923
2023-12-05,130322
2023-12-04,125930
2023-12-03,116813
2023-12-02,116476
2023-12-01,129712
2023-11-30,132457
2023-11-29,137367
2023-11-28,133727
2023-11-27,125960
2023-11-26,116888
2023-11-25,118177
2023-11-24,117390
2023-11-23,110921
2023-11-22,123065
2023-11-21,128957
2023-11-20,125357
2023-11-19,111852
2023-11-18,112159
2023-11-17,120947
2023-11-16,122839
2023-11-15,124974
2023-11-14,124777
2023-11-13,125943
2023-11-12,113688
2023-11-11,112613
2023-11-10,122144
2023-11-09,123230
2023-11-08,121050
2023-11-07,120787
2023-11-06,120662
2023-11-05,112550
2023-11-04,111305
2023-11-03,122528
2023-11-02,124118
2023-11-01,122581
2023-10-31,119303
2023-10-30,120772
2023-10-29,110558
2023-10-28,120491
2023-10-27,124624
2023-10-26,124318
2023-10-25,120653
2023-10-24,119347
2023-10-23,118597
2023-10-22,106653
2023-10-21,110022
2023-10-20,121383
2023-10-19,118566
2023-10-18,118973
2023-10-17,118154
2023-10-16,117592
2023-10-15,106009
2023-10-14,109382
2023-10-13,116908
2023-10-12,120482
2023-10-11,119533
2023-10-10,118024
2023-10-09,113692
2023-10-08,105416
2023-10-07,121171
2023-10-06,140078
2023-10-05,139260
2023-10-04,144405
2023-10-03,135387
2023-10-02,131147
2023-10-01,112569
2023-09-30,110128
2023-09-29,119674
2023-09-28,118210
2023-09-27,116517
2023-09-26,118941
2023-09-25,119464
2023-09-24,111536
2023-09-23,112035
2023-09-22,126415
2023-09-21,127832
2023-09-20,129008
2023-09-19,129571
2023-09-18,138006
2023-09-17,120128
2023-09-16,117733
2023-09-15,129053
2023-09-14,150451
2023-09-13,169923
2023-09-12,169231
2023-09-11,174284
2023-09-10,158922
2023-09-09,176989
2023-09-08,194958
2023-09-07,211392
2023-09-06,210280
2023-09-05,199408
2023-09-04,166274
2023-09-03,143874
2023-09-02,126027
2023-09-01,133059
2023-08-31,141734
2023-08-30,161848
2023-08-29,156057
2023-08-28,156228
2023-08-27,145212
2023-08-26,151494
2023-08-25,153327
2023-08-24,146167
2023-08-23,146265
2023-08-22,156451
2023-08-21,173937
2023-08-20,139489
2023-08-19,131413
2023-08-18,158982
2023-08-17,166180
2023-08-16,167680
2023-08-15,171763
2023-08-14,174733
2023-08-13,159493
2023-08-12,154660
2023-08-11,159595
2023-08-10,161314
2023-08-09,160401
2023-08-08,161977
2023-08-07,170112
2023-08-06,148409
2023-08-05,148344
2023-08-04,152326
2023-08-03,149443
2023-08-02,149519
2023-08-01,155070
2023-07-31,160528
2023-07-30,147065
2023-07-29,184565
2023-07-28,200485
2023-07-27,199463
2023-07-26,176680
2023-07-25,177090
2023-07-24,177190
2023-07-23,155587
2023-07-22,153460
2023-07-21,176318
2023-07-20,173788
2023-07-19,171327
2023-07-18,184855
2023-07-17,189668
2023-07-16,168825
2023-07-15,172948
2023-07-14,185355
2023-07-13,197353
2023-07-12,188026
2023-07-11,175241
2023-07-10,177182
2023-07-09,165418
2023-07-08,172361
2023-07-07,186932
2023-07-06,192213
2023-07-05,183313
2023-07-04,159388
2023-07-03,173124
2023-07-02,148585
2023-07-01,139773
2023-06-30,156264
2023-06-29,151886
2023-06-28,153004
2023-06-27,152718
2023-06-26,157188
2023-06-25,141384
2023-06-24,132294
2023-06-23,131825
2023-06-22,126600
2023-06-21,130314
2023-06-20,138888
2023-06-19,137633
2023-06-18,120873
2023-06-17,120499
2023-06-16,136365
2023-06-15,135517
2023-06-14,138201
2023-06-13,139956
2023-06-12,143428
2023-06-11,123644
2023-06-10,116495
2023-06-09,122782
2023-06-08,122396
2023-06-07,122219
2023-06-06,126482
2023-06-05,122591
2023-06-04,106737
2023-06-03,121764
2023-06-02,146225
2023-06-01,134730
2023-05-31,123000
2023-05-30,120976
2023-05-29,114978
2023-05-28,107474
2023-05-27,108601
2023-05-26,116326
2023-05-25,115600
2023-05-24,119115
2023-05-23,118631
2023-05-22,121819
2023-05-21,107194
2023-05-20,110684
2023-05-19,116482
2023-05-18,114549
2023-05-17,121160
2023-05-16,128952
2023-05-15,123378
2023-05-14,113232
2023-05-13,129143
2023-05-12,135997
2023-05-11,123681
2023-05-10,117570
2023-05-09,117625
2023-05-08,123086
2023-05-07,106708
2023-05-06,106884
2023-05-05,116116
2023-05-04,118783
2023-05-03,117134
2023-05-02,117408
2023-05-01,116373
2023-04-30,109877
2023-04-29,112265
2023-04-28,117958
2023-04-27,117867
2023-04-26,116469
2023-04-25,116571
2023-04-24,115464
2023-04-23,106680
2023-04-22,108000
2023-04-21,116193
2023-04-20,116594
2023-04-19,117228
2023-04-18,116766
2023-04-17,120738
2023-04-16,113609
2023-04-15,122941
2023-04-14,140767
2023-04-13,133743
2023-04-12,122341
2023-04-11,117194
2023-04-10,116583
2023-04-09,105897
2023-04-08,108997
2023-04-07,115204
2023-04-06,119719
2023-04-05,121088
2023-04-04,119870
2023-04-03,120873
2023-04-02,108953
2023-04-01,111631
2023-03-31,123140
2023-03-30,124644
2023-03-29,120932
2023-03-28,121920
2023-03-27,119452
2023-03-26,108253
2023-03-25,115772
2023-03-24,120547
2023-03-23,121618
2023-03-22,120961
2023-03-21,122805
2023-03-20,126654
2023-03-19,115955
2023-03-18,111745
2023-03-17,121723
2023-03-16,127824
2023-03-15,132305
2023-03-14,134348
2023-03-13,129401
2023-03-12,112114
2023-03-11,119894
2023-03-10,127940
2023-03-09,127820
2023-03-08,130246
2023-03-07,128147
2023-03-06,125030
2023-03-05,115276
2023-03-04,119799
2023-03-03,128658
2023-03-02,128799
2023-03-01,132040
2023-02-28,136314
2023-02-27,131002
2023-02-26,121861
2023-02-25,128870
2023-02-24,127964
2023-02-23,129068
2023-02-22,127740
2023-02-21,125622
2023-02-20,115965
2023-02-19,114515
2023-02-18,118794
2023-02-17,123029
2023-02-16,120734
2023-02-15,122571
2023-02-14,124168
2023-02-13,124713
2023-02-12,116261
2023-02-11,116598
2023-02-10,122360
2023-02-09,128685
2023-02-08,128501
2023-02-07,134177
2023-02-06,131645
2023-02-05,129341
2023-02-04,147495
2023-02-03,145270
2023-02-02,135473
2023-02-01,135393
2023-01-31,130743
2023-01-30,125165
2023-01-29,115804
2023-01-28,118723
2023-01-27,130038
2023-01-26,130359
2023-01-25,133865
2023-01-24,132393
2023-01-23,134041
2023-01-22,120381
2023-01-21,121740
2023-01-20,128047
2023-01-19,129925
2023-01-18,127929
2023-01-17,132506
2023-01-16,129779
2023-01-15,123983
2023-01-14,124317
2023-01-13,125833
2023-01-12,130978
2023-01-11,133149
2023-01-10,132382
2023-01-09,129903
2023-01-08,119410
2023-01-07,119605
2023-01-06,126034
2023-01-05,124238
2023-01-04,122698
2023-01-03,125253
2023-01-02,115759
2023-01-01,110714
2022-12-31,117173
2022-12-30,124166
2022-12-29,129523
2022-12-28,134018
2022-12-27,141967
2022-12-26,140298
2022-12-25,137906
2022-12-24,145577
2022-12-23,134353
2022-12-22,133835
2022-12-21,136074
2022-12-20,136279
2022-12-19,136653
2022-12-18,122612
2022-12-17,122638
2022-12-16,133487
2022-12-15,137442
2022-12-14,137623
2022-12-13,138164
2022-12-12,135900
2022-12-11,122660
2022-12-10,123064
2022-12-09,128232
2022-12-08,125365
2022-12-07,126511
2022-12-06,129080
2022-12-05,129350
2022-12-04,116521
2022-12-03,118313
2022-12-02,130336
2022-12-01,129814
2022-11-30,128004
2022-11-29,128130
2022-11-28,123523
2022-11-27,113056
2022-11-26,112375
2022-11-25,117118
2022-11-24,111890
2022-11-23,124175
2022-11-22,128798
2022-11-21,133852
2022-11-20,121080
2022-11-19,119887
2022-11-18,127603
2022-11-17,127120
2022-11-16,125824
2022-11-15,126704
2022-11-14,122342
2022-11-13,108614
2022-11-12,113611
2022-11-11,122084
2022-11-10,120580
2022-11-09,120670
2022-11-08,118595
2022-11-07,129388
2022-11-06,120723
2022-11-05,115378
2022-11-04,121075
2022-11-03,120005
2022-11-02,120546
2022-11-01,122214
2022-10-31,119039
2022-10-30,107416
2022-10-29,109029
2022-10-28,118282
2022-10-27,120506
2022-10-26,127535
2022-10-25,125770
2022-10-24,120832
2022-10-23,108050
2022-10-22,108405
2022-10-21,118483
2022-10-20,119482
2022-10-19,119012
2022-10-18,117200
2022-10-17,119413
2022-10-16,106318
2022-10-15,108069
2022-10-14,118562
2022-10-13,125333
2022-10-12,120438
2022-10-11,119315
2022-10-10,114403
2022-10-09,104858
2022-10-08,106905
2022-10-07,123565
2022-10-06,121185
2022-10-05,119801
2022-10-04,122825
2022-10-03,119768
2022-10-02,106977
2022-10-01,108767
2022-09-30,116138
2022-09-29,119435
2022-09-28,121113
2022-09-27,122666
2022-09-26,123806
2022-09-25,110245
2022-09-24,106856
2022-09-23,117836
2022-09-22,144449
2022-09-21,149092
2022-09-20,153148
2022-09-19,159023
2022-09-18,136914
2022-09-17,126203
2022-09-16,131992
2022-09-15,141132
2022-09-14,150871
2022-09-13,168566
2022-09-12,162078
2022-09-11,138190
2022-09-10,138750
2022-09-09,145064
2022-09-08,145739
2022-09-07,147130
2022-09-06,165915
2022-09-05,163790
2022-09-04,151378
2022-09-03,138975
2022-09-02,146970
2022-09-01,162975
2022-08-31,173537
2022-08-30,190278
2022-08-29,185384
2022-08-28,159404
2022-08-27,168017
2022-08-26,183405
2022-08-25,179804
2022-08-24,176396
2022-08-23,177772
2022-08-22,173383
2022-08-21,158274
2022-08-20,163800
2022-08-19,164738
2022-08-18,155905
2022-08-17,153379
2022-08-16,157429
2022-08-15,157926
2022-08-14,138641
2022-08-13,140266
2022-08-12,167983
2022-08-11,189338
2022-08-10,197816
2022-08-09,222979
2022-08-08,213959
2022-08-07,190719
2022-08-06,186868
2022-08-05,194961
2022-08-04,198706
2022-08-03,188058
2022-08-02,184097
2022-08-01,165984
2022-07-31,160843
2022-07-30,165175
2022-07-29,185361
2022-07-28,193239
2022-07-27,174823
2022-07-26,179363
2022-07-25,211703
2022-07-24,194414
2022-07-23,190168
2022-07-22,203448
2022-07-21,210299
2022-07-20,204640
2022-07-19,190594
2022-07-18,184640
2022-07-17,159519
2022-07-16,158680
2022-07-15,171094
2022-07-14,183502
2022-07-13,184608
2022-07-12,174348
2022-07-11,157769
2022-07-10,139373
2022-07-09,150168
2022-07-08,163633
2022-07-07,167089
2022-07-06,177523
2022-07-05,166529
2022-07-04,144918
2022-07-03,154052
2022-07-02,170430
2022-07-01,179043
2022-06-30,162912
2022-06-29,153946
2022-06-28,148109
2022-06-27,164152
2022-06-26,155264
2022-06-25,149562
2022-06-24,143764
2022-06-23,133783
2022-06-22,134420
2022-06-21,139512
2022-06-20,126826
2022-06-19,109016
2022-06-18,125441
2022-06-17,161751
2022-06-16,142516
2022-06-15,154053
2022-06-14,152013
2022-06-13,160107
2022-06-12,124392
2022-06-11,129673
2022-06-10,143138
2022-06-09,158163
2022-06-08,155202
2022-06-07,140917
2022-06-06,137896
2022-06-05,119538
2022-06-04,127057
2022-06-03,140673
2022-06-02,144168
2022-06-01,138381
2022-05-31,175375
2022-05-30,133272
2022-05-29,116688
2022-05-28,122247
2022-05-27,133313
2022-05-26,121600
2022-05-25,121071
2022-05-24,125399
2022-05-23,137095
2022-05-22,147492
2022-05-21,129498
2022-05-20,121752
2022-05-19,120697
2022-05-18,121073
2022-05-17,125326
2022-05-16,132166
2022-05-15,113589
2022-05-14,113959
2022-05-13,122073
2022-05-12,120169
2022-05-11,116769
2022-05-10,115833
2022-05-09,115489
2022-05-08,105750
2022-05-07,110153
2022-05-06,117185
2022-05-05,117381
2022-05-04,118020
2022-05-03,116246
2022-05-02,116909
2022-05-01,103273
2022-04-30,105598
2022-04-29,116328
2022-04-28,118417
2022-04-27,117033
2022-04-26,117936
2022-04-25,116707
2022-04-24,103141
2022-04-23,104963
2022-04-22,115266
2022-04-21,117962
2022-04-20,118785
2022-04-19,121388
2022-04-18,118648
2022-04-17,104143
2022-04-16,106763
2022-04-15,114675
2022-04-14,124219
2022-04-13,119341
2022-04-12,120024
2022-04-11,120604
2022-04-10,109935
2022-04-09,109426
2022-04-08,119287
2022-04-07,125764
2022-04-06,124394
2022-04-05,122367
2022-04-04,122503
2022-04-03,112753
2022-04-02,111925
2022-04-01,120710
2022-03-31,124378
2022-03-30,131818
2022-03-29,137056
2022-03-28,135881
2022-03-27,113300
2022-03-26,111324
2022-03-25,121464
2022-03-24,126310
2022-03-23,122808
2022-03-22,118589
2022-03-21,118396
2022-03-20,107618
2022-03-19,110001
2022-03-18,119331
2022-03-17,122410
2022-03-16,119402
2022-03-15,121734
2022-03-14,128418
2022-03-13,121006
2022-03-12,122876
2022-03-11,123577
2022-03-10,127333
2022-03-09,130529
2022-03-08,122942
2022-03-07,121327
2022-03-06,113970
2022-03-05,120758
2022-03-04,134410
2022-03-03,128567
2022-03-02,126844
2022-03-01,133820
2022-02-28,135424
2022-02-27,121680
2022-02-26,127373
2022-02-25,135833
2022-02-24,132698
2022-02-23,122394
2022-02-22,126094
2022-02-21,123351
2022-02-20,126100
2022-02-19,125608
2022-02-18,126067
2022-02-17,125473
2022-02-16,137341
2022-02-15,146849
2022-02-14,145185
2022-02-13,123675
2022-02-12,114792
2022-02-11,126087
2022-02-10,129433
2022-02-09,134151
2022-02-08,134807
2022-02-07,140534
2022-02-06,134794
2022-02-05,135098
2022-02-04,135853
2022-02-03,133348
2022-02-02,137071
2022-02-01,142802
2022-01-31,147344
2022-01-30,142253
2022-01-29,142200
2022-01-28,142816
2022-01-27,145739
2022-01-26,144575
2022-01-25,137320
2022-01-24,140301
2022-01-23,132244
2022-01-22,139874
2022-01-21,149322
2022-01-20,137146
2022-01-19,135598
2022-01-18,139668
2022-01-17,135330
2022-01-16,139718
2022-01-15,140347
2022-01-14,133409
2022-01-13,133542
2022-01-12,142547
2022-01-11,148481
2022-01-10,138829
2022-01-09,127534
2022-01-08,133150
2022-01-07,137445
2022-01-06,132221
2022-01-05,134358
2022-01-04,139254
2022-01-03,134716
2022-01-02,112459
2022-01-01,111503
2021-12-31,117546
2021-12-30,123116
2021-12-29,125574
2021-12-28,125714
2021-12-27,127916
2021-12-26,113618
2021-12-25,115095
2021-12-24,124106
2021-12-23,132307
2021-12-22,128868
2021-12-21,132331
2021-12-20,133775
2021-12-19,118663
2021-12-18,117721
2021-12-17,120573
2021-12-16,124172
2021-12-15,126642
2021-12-14,126500
2021-12-13,125997
2021-12-12,115082
2021-12-11,116338
2021-12-10,128072
2021-12-09,132700
2021-12-08,131138
2021-12-07,128524
2021-12-06,125874
2021-12-05,115555
2021-12-04,119139
2021-12-03,125159
2021-12-02,126233
2021-12-01,129347
2021-11-30,133370
2021-11-29,130792
2021-11-28,119589
2021-11-27,119286
2021-11-26,119173
2021-11-25,112937
2021-11-24,128530
2021-11-23,129289
2021-11-22,124473
2021-11-21,112537
2021-11-20,115831
2021-11-19,123628
2021-11-18,122628
2021-11-17,124707
2021-11-16,126053
2021-11-15,125413
2021-11-14,111389
2021-11-13,111370
2021-11-12,122015
2021-11-11,118862
2021-11-10,120398
2021-11-09,121457
2021-11-08,119783
2021-11-07,115399
2021-11-06,111253
2021-11-05,122425
2021-11-04,122026
2021-11-03,120557
2021-11-02,118536
2021-11-01,116568
2021-10-31,107613
2021-10-30,111022
2021-10-29,117986
2021-10-28,118554
2021-10-27,119791
2021-10-26,122736
2021-10-25,124399
2021-10-24,105809
2021-10-23,108488
2021-10-22,124472
2021-10-21,126201
2021-10-20,122707
2021-10-19,118891
2021-10-18,117306
2021-10-17,109050
2021-10-16,127522
2021-10-15,138700
2021-10-14,134765
2021-10-13,130421
2021-10-12,128455
2021-10-11,123650
2021-10-10,113337
2021-10-09,116687
2021-10-08,134616
2021-10-07,132754
2021-10-06,127627
2021-10-05,126645
2021-10-04,138989
2021-10-03,120008
2021-10-02,113157
2021-10-01,118461
2021-09-30,120583
2021-09-29,123112
2021-09-28,136749
2021-09-27,133727
2021-09-26,117189
2021-09-25,122402
2021-09-24,136329
2021-09-23,163865
2021-09-22,161347
2021-09-21,144080
2021-09-20,143830
2021-09-19,134734
2021-09-18,149956
2021-09-17,156474
2021-09-16,160157
2021-09-15,176961
2021-09-14,162684
2021-09-13,170347
2021-09-12,138482
2021-09-11,127733
2021-09-10,139917
2021-09-09,156434
2021-09-08,163652
2021-09-07,149054
2021-09-06,138924
2021-09-05,128107
2021-09-04,125285
2021-09-03,131258
2021-09-02,135740
2021-09-01,159108
2021-08-31,176635
2021-08-30,175220
2021-08-29,136489
2021-08-28,154176
2021-08-27,201023
2021-08-26,202186
2021-08-25,189996
2021-08-24,181545
2021-08-23,168032
2021-08-22,151885
2021-08-21,162279
2021-08-20,175365
2021-08-19,186082
2021-08-18,177119
2021-08-17,166593
2021-08-16,165007
2021-08-15,153218
2021-08-14,185433
2021-08-13,202936
2021-08-12,195957
2021-08-11,187093
2021-08-10,171450
2021-08-09,158928
2021-08-08,139597
2021-08-07,154929
2021-08-06,163006
2021-08-05,149371
2021-08-04,144567
2021-08-03,143955
2021-08-02,145959
2021-08-01,132174
2021-07-31,129226
2021-07-30,157158
2021-07-29,164946
2021-07-28,170345
2021-07-27,181143
2021-07-26,181389
2021-07-25,150491
2021-07-24,144541
2021-07-23,153539
2021-07-22,157731
2021-07-21,172786
2021-07-20,178188
2021-07-19,167678
2021-07-18,163541
2021-07-17,181974
2021-07-16,198095
2021-07-15,183799
2021-07-14,169728
2021-07-13,157758
2021-07-12,176422
2021-07-11,146754
2021-07-10,152105
2021-07-09,172232
2021-07-08,184239
2021-07-07,190084
2021-07-06,178255
2021-07-05,141039
2021-07-04,118334
2021-07-03,120541
2021-07-02,161877
2021-07-01,185946
2021-06-30,212086
2021-06-29,206885
2021-06-28,194131
2021-06-27,159179
2021-06-26,147001
2021-06-25,138370
2021-06-24,133803
2021-06-23,129862
2021-06-22,155375
2021-06-21,180010
2021-06-20,147051
2021-06-19,144873
2021-06-18,141117
2021-06-17,132504
2021-06-16,135297
2021-06-15,142937
2021-06-14,134552
2021-06-13,117076
2021-06-12,118807
2021-06-11,133401
2021-06-10,164490
2021-06-09,185200
2021-06-08,183066
2021-06-07,182078
2021-06-06,157383
2021-06-05,139282
2021-06-04,134942
2021-06-03,125374
2021-06-02,122150
2021-06-01,118089
2021-05-31,104281
2021-05-30,104357
2021-05-29,105407
2021-05-28,121714
2021-05-27,144678
2021-05-26,143580
2021-05-25,124219
2021-05-24,128641
2021-05-23,143933
2021-05-22,131007
2021-05-21,125978
2021-05-20,127285
2021-05-19,135636
2021-05-18,125449
2021-05-17,119562
2021-05-16,106379
2021-05-15,106969
2021-05-14,114713
2021-05-13,112234
2021-05-12,112466
2021-05-11,112533
2021-05-10,113642
2021-05-09,101730
2021-05-08,104435
2021-05-07,111869
2021-05-06,112628
2021-05-05,115496
2021-05-04,115824
2021-05-03,116045
2021-05-02,104744
2021-05-01,103765
2021-04-30,115848
2021-04-29,119535
2021-04-28,116211
2021-04-27,113664
2021-04-26,113175
2021-04-25,103336
2021-04-24,103866
2021-04-23,114808
2021-04-22,117557
2021-04-21,113972
2021-04-20,113496
2021-04-19,113034
2021-04-18,103432
2021-04-17,106596
2021-04-16,115586
2021-04-15,116273
2021-04-14,114547
2021-04-13,115146
2021-04-12,117678
2021-04-11,105602
2021-04-10,105504
2021-04-09,113740
2021-04-08,113231
2021-04-07,113367
2021-04-06,113346
2021-04-05,114036
2021-04-04,104967
2021-04-03,111331
2021-04-02,120447
2021-04-01,116292
2021-03-31,114786
2021-03-30,114118
2021-03-29,114360
2021-03-28,105956
2021-03-27,104347
2021-03-26,116519
2021-03-25,117259
2021-03-24,119037
2021-03-23,117592
2021-03-22,118163
2021-03-21,108863
2021-03-20,114326
2021-03-19,126141
2021-03-18,125791
2021-03-17,127813
2021-03-16,132268
2021-03-15,130016
2021-03-14,106228
2021-03-13,110810
2021-03-12,115813
2021-03-11,118569
2021-03-10,120607
2021-03-09,122402
2021-03-08,130321
2021-03-07,121035
2021-03-06,124363
2021-03-05,133762
2021-03-04,128077
2021-03-03,128236
2021-03-02,135634
2021-03-01,127058
2021-02-28,116302
2021-02-27,118029
2021-02-26,126063
2021-02-25,125507
2021-02-24,126791
2021-02-23,131994
2021-02-22,136545
2021-02-21,126574
2021-02-20,128536
2021-02-19,138927
2021-02-18,140048
2021-02-17,135983
2021-02-16,129738
2021-02-15,130360
2021-02-14,126416
2021-02-13,132183
2021-02-12,140363
2021-02-11,139773
2021-02-10,138469
2021-02-09,140180
2021-02-08,141172
2021-02-07,125601
2021-02-06,122034
2021-02-05,130750
2021-02-04,135223
2021-02-03,138779
2021-02-02,137952
2021-02-01,140057
2021-01-31,135216
2021-01-30,136292
2021-01-29,146437
2021-01-28,138145
2021-01-27,134036
2021-01-26,135932
2021-01-25,136576
2021-01-24,128382
2021-01-23,125923
2021-01-22,128305
2021-01-21,132003
2021-01-20,131120
2021-01-19,129324
2021-01-18,122824
2021-01-17,117057
2021-01-16,118102
2021-01-15,127490
2021-01-14,126268
2021-01-13,128863
2021-01-12,130237
2021-01-11,133886
2021-01-10,121856
2021-01-09,125392
2021-01-08,132855
2021-01-07,130964
2021-01-06,129542
2021-01-05,128968
2021-01-04,128719
2021-01-03,120616
2021-01-02,117017
2021-01-01,119140
2020-12-31,125533
2020-12-30,130838
2020-12-29,128663
2020-12-28,126574
2020-12-27,122776
2020-12-26,123588
2020-12-25,113711
2020-12-24,121602
2020-12-23,128292
2020-12-22,129218
2020-12-21,130958
2020-12-20,125645
2020-12-19,130836
2020-12-18,139444
2020-12-17,137467
2020-12-16,137711
2020-12-15,131009
2020-12-14,127287
2020-12-13,111408
2020-12-12,115626
2020-12-11,125083
2020-12-10,128387
2020-12-09,133914
2020-12-08,133566
2020-12-07,129894
2020-12-06,117329
2020-12-05,116918
2020-12-04,123623
2020-12-03,125099
2020-12-02,125808
2020-12-01,120096
2020-11-30,121164
2020-11-29,108279
2020-11-28,108414
2020-11-27,112019
2020-11-26,109892
2020-11-25,119281
2020-11-24,121288
2020-11-23,119483
2020-11-22,109824
2020-11-21,108928
2020-11-20,120227
2020-11-19,126776
2020-11-18,128163
2020-11-17,122273
2020-11-16,118680
2020-11-15,109321
2020-11-14,109822
2020-11-13,119467
2020-11-12,121526
2020-11-11,122832
2020-11-10,121202
2020-11-09,119150
2020-11-08,107166
2020-11-07,108576
2020-11-06,117652
2020-11-05,118616
2020-11-04,120534
2020-11-03,122065
2020-11-02,123419
2020-11-01,114855
2020-10-31,112805
2020-10-30,122224
2020-10-29,120202
2020-10-28,118593
2020-10-27,117580
2020-10-26,118637
2020-10-25,105630
2020-10-24,110835
2020-10-23,123335
2020-10-22,125364
2020-10-21,122147
2020-10-20,120125
2020-10-19,116323
2020-10-18,104650
2020-10-17,106085
2020-10-16,119472
2020-10-15,118942
2020-10-14,116042
2020-10-13,117329
2020-10-12,115034
2020-10-11,109203
2020-10-10,109591
2020-10-09,115621
2020-10-08,115797
2020-10-07,121276
2020-10-06,118881
2020-10-05,117408
2020-10-04,105318
2020-10-03,106734
2020-10-02,119364
2020-10-01,124448
2020-09-30,130746
2020-09-29,144392
2020-09-28,143996
2020-09-27,128592
2020-09-26,121738
2020-09-25,130336
2020-09-24,126418
2020-09-23,122567
2020-09-22,115339
2020-09-21,113299
2020-09-20,102087
2020-09-19,104631
2020-09-18,126466
2020-09-17,132433
2020-09-16,122745
2020-09-15,120318
2020-09-14,140333
2020-09-13,125168
2020-09-12,123692
2020-09-11,156396
2020-09-10,173525
2020-09-09,163131
2020-09-08,160943
2020-09-07,139862
2020-09-06,134051
2020-09-05,135671
2020-09-04,164625
2020-09-03,165090
2020-09-02,159644
2020-09-01,148628
2020-08-31,142345
2020-08-30,136586
2020-08-29,157366
2020-08-28,169728
2020-08-27,169235
2020-08-26,152877
2020-08-25,186000
2020-08-24,187477
2020-08-23,161737
2020-08-22,159428
2020-08-21,155925
2020-08-20,143655
2020-08-19,148208
2020-08-18,151335
2020-08-17,146349
2020-08-16,132458
2020-08-15,149644
2020-08-14,173737
2020-08-13,176561
2020-08-12,194976
2020-08-11,196654
2020-08-10,192624
2020-08-09,158993
2020-08-08,149407
2020-08-07,156931
2020-08-06,165168
2020-08-05,175850
2020-08-04,173030
2020-08-03,192243
2020-08-02,178006
2020-08-01,166262
2020-07-31,174916
2020-07-30,196658
2020-07-29,200098
2020-07-28,208612
2020-07-27,201034
2020-07-26,178655
2020-07-25,168864
2020-07-24,174543
2020-07-23,189744
2020-07-22,199626
2020-07-21,197281
2020-07-20,206726
2020-07-19,177705
2020-07-18,164104
2020-07-17,159279
2020-07-16,153193
2020-07-15,164706
2020-07-14,170243
2020-07-13,176295
2020-07-12,157805
2020-07-11,161294
2020-07-10,168873
2020-07-09,180313
2020-07-08,175949
2020-07-07,167938
2020-07-06,176113
2020-07-05,155847
2020-07-04,145710
2020-07-03,166411
2020-07-02,163768
2020-07-01,152004
2020-06-30,154125
2020-06-29,166276
2020-06-28,156108
2020-06-27,147406
2020-06-26,157836
2020-06-25,157504
2020-06-24,167586
2020-06-23,171255
2020-06-22,169030
2020-06-21,143250
2020-06-20,139405
2020-06-19,140428
2020-06-18,134290
2020-06-17,127685
2020-06-16,124252
2020-06-15,121816
2020-06-14,109258
2020-06-13,120480
2020-06-12,146423
2020-06-11,149906
2020-06-10,151018
2020-06-09,141241
2020-06-08,126037
2020-06-07,117827
2020-06-06,137443
2020-06-05,138728
2020-06-04,135911
2020-06-03,124072
2020-06-02,111306
2020-06-01,108395
2020-05-31,105733
2020-05-30,120443
2020-05-29,127358
2020-05-28,119979
2020-05-27,114887
2020-05-26,111744
2020-05-25,102478
2020-05-24,98759
2020-05-23,105665
2020-05-22,109076
2020-05-21,104754
2020-05-20,104160
2020-05-19,104990
2020-05-18,106351
2020-05-17,101478
2020-05-16,109350
2020-05-15,112782
2020-05-14,104813
2020-05-13,105496
2020-05-12,106020
2020-05-11,106548
2020-05-10,101273
2020-05-09,105448
2020-05-08,107045
2020-05-07,105000
2020-05-06,106901
2020-05-05,104493
2020-05-04,106922
2020-05-03,101934
2020-05-02,101092
2020-05-01,107240
2020-04-30,109556
2020-04-29,108896
2020-04-28,106833
2020-04-27,110360
2020-04-26,104175
2020-04-25,101933
2020-04-24,110868
2020-04-23,109799
2020-04-22,109181
2020-04-21,107374
2020-04-20,106144
2020-04-19,102400
2020-04-18,106391
2020-04-17,109478
2020-04-16,107893
2020-04-15,106648
2020-04-14,105963
2020-04-13,108641
2020-04-12,100836
2020-04-11,103586
2020-04-10,108499
2020-04-09,106910
2020-04-08,105413
2020-04-07,104373
2020-04-06,105411
2020-04-05,101605
2020-04-04,103204
2020-04-03,109396
2020-04-02,109109
2020-04-01,109617
2020-03-31,111690
2020-03-30,111212
2020-03-29,106911
2020-03-28,106277
2020-03-27,109059
2020-03-26,112983
2020-03-25,116769
2020-03-24,115575
2020-03-23,122419
2020-03-22,110110
2020-03-21,108006
2020-03-20,117898
2020-03-19,121029
2020-03-18,120106
2020-03-17,123622
2020-03-16,125963
2020-03-15,112339
2020-03-14,114037
2020-03-13,126067
2020-03-12,128016
2020-03-11,124617
2020-03-10,125748
2020-03-09,126959
2020-03-08,113235
2020-03-07,122125
2020-03-06,132096
2020-03-05,129517
2020-03-04,128251
2020-03-03,128988
2020-03-02,131611
2020-03-01,126062
2020-02-29,129490
2020-02-28,138016
2020-02-27,133929
2020-02-26,131364
2020-02-25,130168
2020-02-24,129724
2020-02-23,119214
2020-02-22,125920
2020-02-21,141414
2020-02-20,138646
2020-02-19,131988
2020-02-18,134632
2020-02-17,125814
2020-02-16,126028
2020-02-15,134595
2020-02-14,139289
2020-02-13,136077
2020-02-12,133541
2020-02-11,133740
2020-02-10,135691
2020-02-09,124149
2020-02-08,127588
2020-02-07,135744
2020-02-06,136492
2020-02-05,133837
2020-02-04,132023
2020-02-03,133021
2020-02-02,122930
2020-02-01,125498
2020-01-31,137659
2020-01-30,140924
2020-01-29,138459
2020-01-28,136552
2020-01-27,136627
2020-01-26,122177
2020-01-25,126400
2020-01-24,135154
2020-01-23,139314
2020-01-22,143862
2020-01-21,148015
2020-01-20,142280
2020-01-19,126410
2020-01-18,137365
2020-01-17,144695
2020-01-16,134558
2020-01-15,132082
2020-01-14,134513
2020-01-13,132956
2020-01-12,116201
2020-01-11,119972
2020-01-10,137402
2020-01-09,144582
2020-01-08,140076
2020-01-07,136907
2020-01-06,138154
2020-01-05,123997
2020-01-04,122924
2020-01-03,133483
2020-01-02,135759
2020-01-01,124168
2019-12-31,131905
2019-12-30,134843
2019-12-29,120531
2019-12-28,119817
2019-12-27,129502
2019-12-26,131981
2019-12-25,119684
2019-12-24,129477
2019-12-23,134395
2019-12-22,128731
2019-12-21,137208
2019-12-20,150697
2019-12-19,155134
2019-12-18,146073
2019-12-17,145643
2019-12-16,142334
2019-12-15,124792
2019-12-14,126146
2019-12-13,140211
2019-12-12,143877
2019-12-11,140390
2019-12-10,133868
2019-12-09,136920
2019-12-08,127945
2019-12-07,129152
2019-12-06,138082
2019-12-05,139469
2019-12-04,141162
2019-12-03,142575
2019-12-02,141752
2019-12-01,127480
2019-11-30,122415
2019-11-29,126365
2019-11-28,115759
2019-11-27,128403
2019-11-26,130426
2019-11-25,132542
2019-11-24,122128
2019-11-23,122927
2019-11-22,132644
2019-11-21,132941
2019-11-20,134216
2019-11-19,133618
2019-11-18,136383
2019-11-17,125216
2019-11-16,125179
2019-11-15,133823
2019-11-14,138742
2019-11-13,142020
2019-11-12,133748
2019-11-11,126543
2019-11-10,118125
2019-11-09,123213
2019-11-08,131662
2019-11-07,128255
2019-11-06,127199
2019-11-05,127372
2019-11-04,127118
2019-11-03,117766
2019-11-02,114591
2019-11-01,125014
2019-10-31,133604
2019-10-30,129033
2019-10-29,126989
2019-10-28,125913
2019-10-27,115405
2019-10-26,113463
2019-10-25,125217
2019-10-24,125188
2019-10-23,126354
2019-10-22,127288
2019-10-21,125350
2019-10-20,112976
2019-10-19,112395
2019-10-18,123510
2019-10-17,124308
2019-10-16,127824
2019-10-15,124453
2019-10-14,124046
2019-10-13,111027
2019-10-12,112699
2019-10-11,123347
2019-10-10,124796
2019-10-09,124031
2019-10-08,128499
2019-10-07,140154
2019-10-06,115438
2019-10-05,111215
2019-10-04,127648
2019-10-03,136374
2019-10-02,175819
2019-10-01,149338
2019-09-30,138386
2019-09-29,141173
2019-09-28,140615
2019-09-27,142426
2019-09-26,152827
2019-09-25,147724
2019-09-24,158095
2019-09-23,177502
2019-09-22,144358
2019-09-21,132112
2019-09-20,134240
2019-09-19,129578
2019-09-18,137217
2019-09-17,146321
2019-09-16,158631
2019-09-15,142795
2019-09-14,131628
2019-09-13,140284
2019-09-12,175320
2019-09-11,175087
2019-09-10,156309
2019-09-09,150285
2019-09-08,128175
2019-09-07,123258
2019-09-06,141617
2019-09-05,156467
2019-09-04,178071
2019-09-03,165032
2019-09-02,145653
2019-09-01,135953
2019-08-31,147902
2019-08-30,162992
2019-08-29,155919
2019-08-28,154019
2019-08-27,144355
2019-08-26,142416
2019-08-25,131680
2019-08-24,137008
2019-08-23,166673
2019-08-22,201112
2019-08-21,202881
2019-08-20,195864
2019-08-19,198538
2019-08-18,179439
2019-08-17,170360
2019-08-16,171237
2019-08-15,176305
2019-08-14,180655
2019-08-13,180280
2019-08-12,173637
2019-08-11,143910
2019-08-10,150390
2019-08-09,173232
2019-08-08,180273
2019-08-07,184904
2019-08-06,183041
2019-08-05,180987
2019-08-04,171092
2019-08-03,175506
2019-08-02,185439
2019-08-01,189107
2019-07-31,200904
2019-07-30,217177
2019-07-29,208617
2019-07-28,177709
2019-07-27,169518
2019-07-26,180046
2019-07-25,177454
2019-07-24,174985
2019-07-23,178801
2019-07-22,218830
2019-07-21,220298
2019-07-20,214771
2019-07-19,201920
2019-07-18,198383
2019-07-17,219115
2019-07-16,200849
2019-07-15,189142
2019-07-14,177278
2019-07-13,168975
2019-07-12,189586
2019-07-11,192374
2019-07-10,195836
2019-07-09,182587
2019-07-08,172271
2019-07-07,169715
2019-07-06,181680
2019-07-05,184981
2019-07-04,173293
2019-07-03,191174
2019-07-02,184540
2019-07-01,172828
2019-06-30,161779
2019-06-29,179742
2019-06-28,190202
2019-06-27,190510
2019-06-26,184472
2019-06-25,178863
2019-06-24,166482
2019-06-23,137106
2019-06-22,132495
2019-06-21,152143
2019-06-20,156815
2019-06-19,150630
2019-06-18,157077
2019-06-17,158268
2019-06-16,136393
2019-06-15,126902
2019-06-14,132404
2019-06-13,133742
2019-06-12,138851
2019-06-11,142714
2019-06-10,139108
2019-06-09,126640
2019-06-08,135629
2019-06-07,155590
2019-06-06,163065
2019-06-05,145649
2019-06-04,130630
2019-06-03,136132
2019-06-02,132932
2019-06-01,130607
2019-05-31,143687
2019-05-30,132614
2019-05-29,138576
2019-05-28,142568
2019-05-27,130806
2019-05-26,124725
2019-05-25,115120
2019-05-24,135155
2019-05-23,133209
2019-05-22,131494
2019-05-21,133705
2019-05-20,152580
2019-05-19,118365
2019-05-18,115861
2019-05-17,131001
2019-05-16,126102
2019-05-15,125446
2019-05-14,127299
2019-05-13,127578
2019-05-12,112482
2019-05-11,114199
2019-05-10,127630
2019-05-09,123486
2019-05-08,125344
2019-05-07,125335
2019-05-06,124527
2019-05-05,112693
2019-05-04,113412
2019-05-03,124402
2019-05-02,125825
2019-05-01,124392
2019-04-30,124142
2019-04-29,122788
2019-04-28,109986
2019-04-27,110330
2019-04-26,123036
2019-04-25,121982
2019-04-24,125452
2019-04-23,125324
2019-04-22,123212
2019-04-21,108480
2019-04-20,115263
2019-04-19,125896
2019-04-18,126494
2019-04-17,120257
2019-04-16,125906
2019-04-15,127795
2019-04-14,116481
2019-04-13,118357
2019-04-12,127562
2019-04-11,128312
2019-04-10,125957
2019-04-09,127521
2019-04-08,128595
2019-04-07,112880
2019-04-06,117035
2019-04-05,130603
2019-04-04,126966
2019-04-03,128648
2019-04-02,131047
2019-04-01,131674
2019-03-31,115241
2019-03-30,115078
2019-03-29,129664
2019-03-28,131634
2019-03-27,132901
2019-03-26,131720
2019-03-25,129783
2019-03-24,117964
2019-03-23,123832
2019-03-22,133807
2019-03-21,133776
2019-03-20,132471
2019-03-19,133841
2019-03-18,134932
2019-03-17,120153
2019-03-16,118295
2019-03-15,130524
2019-03-14,132981
2019-03-13,137522
2019-03-12,137516
2019-03-11,134548
2019-03-10,122703
2019-03-09,127330
2019-03-08,144237
2019-03-07,150928
2019-03-06,151133
2019-03-05,145819
2019-03-04,141496
2019-03-03,127285
2019-03-02,131932
2019-03-01,144308
2019-02-28,143568
2019-02-27,146740
2019-02-26,143977
2019-02-25,139220
2019-02-24,123497
2019-02-23,125888
2019-02-22,134984
2019-02-21,137778
2019-02-20,146783
2019-02-19,143375
2019-02-18,132375
2019-02-17,124444
2019-02-16,122681
2019-02-15,134017
2019-02-14,139781
2019-02-13,141368
2019-02-12,147267
2019-02-11,143162
2019-02-10,132123
2019-02-09,133854
2019-02-08,136194
2019-02-07,137591
2019-02-06,134941
2019-02-05,132731
2019-02-04,137369
2019-02-03,131390
2019-02-02,145804
2019-02-01,163256
2019-01-31,166578
2019-01-30,153858
2019-01-29,146703
2019-01-28,145347
2019-01-27,127404
2019-01-26,134276
2019-01-25,141638
2019-01-24,139935
2019-01-23,148575
2019-01-22,159198
2019-01-21,159311
2019-01-20,133912
2019-01-19,132279
2019-01-18,143529
2019-01-17,145991
2019-01-16,144923
2019-01-15,146343
2019-01-14,148361
2019-01-13,134196
2019-01-12,137066
2019-01-11,147813
2019-01-10,143223
2019-01-09,137410
2019-01-08,138751
2019-01-07,142770
2019-01-06,123149
2019-01-05,124696
2019-01-04,136034
2019-01-03,136364
2019-01-02,136354
2019-01-01,119601
