period,value,is_imputed
2019-01-01,119601,0
2019-01-02,136354,0
2019-01-03,136364,0
2019-01-04,136034,0
2019-01-05,124696,0
2019-01-06,123149,0
2019-01-07,142770,0
2019-01-08,138751,0
2019-01-09,137410,0
2019-01-10,143223,0
2019-01-11,147813,0
2019-01-12,137066,0
2019-01-13,134196,0
2019-01-14,148361,0
2019-01-15,146343,0
2019-01-16,144923,0
2019-01-17,145991,0
2019-01-18,143529,0
2019-01-19,132279,0
2019-01-20,133912,0
2019-01-21,159311,0
2019-01-22,159198,0
2019-01-23,148575,0
2019-01-24,139935,0
2019-01-25,141638,0
2019-01-26,134276,0
2019-01-27,127404,0
2019-01-28,145347,0
2019-01-29,146703,0
2019-01-30,153858,0
2019-01-31,166578,0
2019-02-01,163256,0
2019-02-02,145804,0
2019-02-03,131390,0
2019-02-04,137369,0
2019-02-05,132731,0
2019-02-06,134941,0
2019-02-07,137591,0
2019-02-08,136194,0
2019-02-09,133854,0
2019-02-10,132123,0
2019-02-11,143162,0
2019-02-12,147267,0
2019-02-13,141368,0
2019-02-14,139781,0
2019-02-15,134017,0
2019-02-16,122681,0
2019-02-17,124444,0
2019-02-18,132375,0
2019-02-19,143375,0
2019-02-20,146783,0
2019-02-21,137778,0
2019-02-22,134984,0
2019-02-23,125888,0
2019-02-24,123497,0
2019-02-25,139220,0
2019-02-26,143977,0
2019-02-27,146740,0
2019-02-28,143568,0
2019-03-01,144308,0
2019-03-02,131932,0
2019-03-03,127285,0
2019-03-04,141496,0
2019-03-05,145819,0
2019-03-06,151133,0
2019-03-07,150928,0
2019-03-08,144237,0
2019-03-09,127330,0
2019-03-10,122703,0
2019-03-11,134548,0
2019-03-12,137516,0
2019-03-13,137522,0
2019-03-14,132981,0
2019-03-15,130524,0
2019-03-16,118295,0
2019-03-17,120153,0
2019-03-18,134932,0
2019-03-19,133841,0
2019-03-20,132471,0
2019-03-21,133776,0
2019-03-22,133807,0
2019-03-23,123832,0
2019-03-24,117964,0
2019-03-25,129783,0
2019-03-26,131720,0
2019-03-27,132901,0
2019-03-28,131634,0
2019-03-29,129664,0
2019-03-30,115078,0
2019-03-31,115241,0
2019-04-01,131674,0
2019-04-02,131047,0
2019-04-03,128648,0
2019-04-04,126966,0
2019-04-05,130603,0
2019-04-06,117035,0
2019-04-07,112880,0
2019-04-08,128595,0
2019-04-09,127521,0
2019-04-10,125957,0
2019-04-11,128312,0
2019-04-12,127562,0
2019-04-13,118357,0
2019-04-14,116481,0
2019-04-15,127795,0
2019-04-16,125906,0
2019-04-17,120257,0
2019-04-18,126494,0
2019-04-19,125896,0
2019-04-20,115263,0
2019-04-21,108480,0
2019-04-22,123212,0
2019-04-23,125324,0
2019-04-24,125452,0
2019-04-25,121982,0
2019-04-26,123036,0
2019-04-27,110330,0
2019-04-28,109986,0
2019-04-29,122788,0
2019-04-30,124142,0
2019-05-01,124392,0
2019-05-02,125825,0
2019-05-03,124402,0
2019-05-04,113412,0
2019-05-05,112693,0
2019-05-06,124527,0
2019-05-07,125335,0
2019-05-08,125344,0
2019-05-09,123486,0
2019-05-10,127630,0
2019-05-11,114199,0
2019-05-12,112482,0
2019-05-13,127578,0
2019-05-14,127299,0
2019-05-15,125446,0
2019-05-16,126102,0
2019-05-17,131001,0
2019-05-18,115861,0
2019-05-19,118365,0
2019-05-20,152580,0
2019-05-21,133705,0
2019-05-22,131494,0
2019-05-23,133209,0
2019-05-24,135155,0
2019-05-25,115120,0
2019-05-26,124725,0
2019-05-27,130806,0
2019-05-28,142568,0
2019-05-29,138576,0
2019-05-30,132614,0
2019-05-31,143687,0
2019-06-01,130607,0
2019-06-02,132932,0
2019-06-03,136132,0
2019-06-04,130630,0
2019-06-05,145649,0
2019-06-06,163065,0
2019-06-07,155590,0
2019-06-08,135629,0
2019-06-09,126640,0
2019-06-10,139108,0
2019-06-11,142714,0
2019-06-12,138851,0
2019-06-13,133742,0
2019-06-14,132404,0
2019-06-15,126902,0
2019-06-16,136393,0
2019-06-17,158268,0
2019-06-18,157077,0
2019-06-19,150630,0
2019-06-20,156815,0
2019-06-21,152143,0
2019-06-22,132495,0
2019-06-23,137106,0
2019-06-24,166482,0
2019-06-25,178863,0
2019-06-26,184472,0
2019-06-27,190510,0
2019-06-28,190202,0
2019-06-29,179742,0
2019-06-30,161779,0
2019-07-01,172828,0
2019-07-02,184540,0
2019-07-03,191174,0
2019-07-04,173293,0
2019-07-05,184981,0
2019-07-06,181680,0
2019-07-07,169715,0
2019-07-08,172271,0
2019-07-09,182587,0
2019-07-10,195836,0
2019-07-11,192374,0
2019-07-12,189586,0
2019-07-13,168975,0
2019-07-14,177278,0
2019-07-15,189142,0
2019-07-16,200849,0
2019-07-17,219115,0
2019-07-18,198383,0
2019-07-19,201920,0
2019-07-20,214771,0
2019-07-21,220298,0
2019-07-22,218830,0
2019-07-23,178801,0
2019-07-24,174985,0
2019-07-25,177454,0
2019-07-26,180046,0
2019-07-27,169518,0
2019-07-28,177709,0
2019-07-29,208617,0
2019-07-30,217177,0
2019-07-31,200904,0
2019-08-01,189107,0
2019-08-02,185439,0
2019-08-03,175506,0
2019-08-04,171092,0
2019-08-05,180987,0
2019-08-06,183041,0
2019-08-07,184904,0
2019-08-08,180273,0
2019-08-09,173232,0
2019-08-10,150390,0
2019-08-11,143910,0
2019-08-12,173637,0
2019-08-13,180280,0
2019-08-14,180655,0
2019-08-15,176305,0
2019-08-16,171237,0
2019-08-17,170360,0
2019-08-18,179439,0
2019-08-19,198538,0
2019-08-20,195864,0
2019-08-21,202881,0
2019-08-22,201112,0
2019-08-23,166673,0
2019-08-24,137008,0
2019-08-25,131680,0
2019-08-26,142416,0
2019-08-27,144355,0
2019-08-28,154019,0
2019-08-29,155919,0
2019-08-30,162992,0
2019-08-31,147902,0
2019-09-01,135953,0
2019-09-02,145653,0
2019-09-03,165032,0
2019-09-04,178071,0
2019-09-05,156467,0
2019-09-06,141617,0
2019-09-07,123258,0
2019-09-08,128175,0
2019-09-09,150285,0
2019-09-10,156309,0
2019-09-11,175087,0
2019-09-12,175320,0
2019-09-13,140284,0
2019-09-14,131628,0
2019-09-15,142795,0
2019-09-16,158631,0
2019-09-17,146321,0
2019-09-18,137217,0
2019-09-19,129578,0
2019-09-20,134240,0
2019-09-21,132112,0
2019-09-22,144358,0
2019-09-23,177502,0
2019-09-24,158095,0
2019-09-25,147724,0
2019-09-26,152827,0
2019-09-27,142426,0
2019-09-28,140615,0
2019-09-29,141173,0
2019-09-30,138386,0
2019-10-01,149338,0
2019-10-02,175819,0
2019-10-03,136374,0
2019-10-04,127648,0
2019-10-05,111215,0
2019-10-06,115438,0
2019-10-07,140154,0
2019-10-08,128499,0
2019-10-09,124031,0
2019-10-10,124796,0
2019-10-11,123347,0
2019-10-12,112699,0
2019-10-13,111027,0
2019-10-14,124046,0
2019-10-15,124453,0
2019-10-16,127824,0
2019-10-17,124308,0
2019-10-18,123510,0
2019-10-19,112395,0
2019-10-20,112976,0
2019-10-21,125350,0
2019-10-22,127288,0
2019-10-23,126354,0
2019-10-24,125188,0
2019-10-25,125217,0
2019-10-26,113463,0
2019-10-27,115405,0
2019-10-28,125913,0
2019-10-29,126989,0
2019-10-30,129033,0
2019-10-31,133604,0
2019-11-01,125014,0
2019-11-02,114591,0
2019-11-03,117766,0
2019-11-04,127118,0
2019-11-05,127372,0
2019-11-06,127199,0
2019-11-07,128255,0
2019-11-08,131662,0
2019-11-09,123213,0
2019-11-10,118125,0
2019-11-11,126543,0
2019-11-12,133748,0
2019-11-13,142020,0
2019-11-14,138742,0
2019-11-15,133823,0
2019-11-16,125179,0
2019-11-17,125216,0
2019-11-18,136383,0
2019-11-19,133618,0
2019-11-20,134216,0
2019-11-21,132941,0
2019-11-22,132644,0
2019-11-23,122927,0
2019-11-24,122128,0
2019-11-25,132542,0
2019-11-26,130426,0
2019-11-27,128403,0
2019-11-28,115759,0
2019-11-29,126365,0
2019-11-30,122415,0
2019-12-01,127480,0
2019-12-02,141752,0
2019-12-03,142575,0
2019-12-04,141162,0
2019-12-05,139469,0
2019-12-06,138082,0
2019-12-07,129152,0
2019-12-08,127945,0
2019-12-09,136920,0
2019-12-10,133868,0
2019-12-11,140390,0
2019-12-12,143877,0
2019-12-13,140211,0
2019-12-14,126146,0
2019-12-15,124792,0
2019-12-16,142334,0
2019-12-17,145643,0
2019-12-18,146073,0
2019-12-19,155134,0
2019-12-20,150697,0
2019-12-21,137208,0
2019-12-22,128731,0
2019-12-23,134395,0
2019-12-24,129477,0
2019-12-25,119684,0
2019-12-26,131981,0
2019-12-27,129502,0
2019-12-28,119817,0
2019-12-29,120531,0
2019-12-30,134843,0
2019-12-31,131905,0
2020-01-01,124168,0
2020-01-02,135759,0
2020-01-03,133483,0
2020-01-04,122924,0
2020-01-05,123997,0
2020-01-06,138154,0
2020-01-07,136907,0
2020-01-08,140076,0
2020-01-09,144582,0
2020-01-10,137402,0
2020-01-11,119972,0
2020-01-12,116201,0
2020-01-13,132956,0
2020-01-14,134513,0
2020-01-15,132082,0
2020-01-16,134558,0
2020-01-17,144695,0
2020-01-18,137365,0
2020-01-19,126410,0
2020-01-20,142280,0
2020-01-21,148015,0
2020-01-22,143862,0
2020-01-23,139314,0
2020-01-24,135154,0
2020-01-25,126400,0
2020-01-26,122177,0
2020-01-27,136627,0
2020-01-28,136552,0
2020-01-29,138459,0
2020-01-30,140924,0
2020-01-31,137659,0
2020-02-01,125498,0
2020-02-02,122930,0
2020-02-03,133021,0
2020-02-04,132023,0
2020-02-05,133837,0
2020-02-06,136492,0
2020-02-07,135744,0
2020-02-08,127588,0
2020-02-09,124149,0
2020-02-10,135691,0
2020-02-11,133740,0
2020-02-12,133541,0
2020-02-13,136077,0
2020-02-14,139289,0
2020-02-15,134595,0
2020-02-16,126028,0
2020-02-17,125814,0
2020-02-18,134632,0
2020-02-19,131988,0
2020-02-20,138646,0
2020-02-21,141414,0
2020-02-22,125920,0
2020-02-23,119214,0
2020-02-24,129724,0
2020-02-25,130168,0
2020-02-26,131364,0
2020-02-27,133929,0
2020-02-28,138016,0
2020-02-29,129490,0
2020-03-01,126062,0
2020-03-02,131611,0
2020-03-03,128988,0
2020-03-04,128251,0
2020-03-05,129517,0
2020-03-06,132096,0
2020-03-07,122125,0
2020-03-08,113235,0
2020-03-09,126959,0
2020-03-10,125748,0
2020-03-11,124617,0
2020-03-12,128016,0
2020-03-13,126067,0
2020-03-14,114037,0
2020-03-15,112339,0
2020-03-16,125963,0
2020-03-17,123622,0
2020-03-18,120106,0
2020-03-19,121029,0
2020-03-20,117898,0
2020-03-21,108006,0
2020-03-22,110110,0
2020-03-23,122419,0
2020-03-24,115575,0
2020-03-25,116769,0
2020-03-26,112983,0
2020-03-27,109059,0
2020-03-28,106277,0
2020-03-29,106911,0
2020-03-30,111212,0
2020-03-31,111690,0
2020-04-01,109617,0
2020-04-02,109109,0
2020-04-03,109396,0
2020-04-04,103204,0
2020-04-05,101605,0
2020-04-06,105411,0
2020-04-07,104373,0
2020-04-08,105413,0
2020-04-09,106910,0
2020-04-10,108499,0
2020-04-11,103586,0
2020-04-12,100836,0
2020-04-13,108641,0
2020-04-14,105963,0
2020-04-15,106648,0
2020-04-16,107893,0
2020-04-17,109478,0
2020-04-18,106391,0
2020-04-19,102400,0
2020-04-20,106144,0
2020-04-21,107374,0
2020-04-22,109181,0
2020-04-23,109799,0
2020-04-24,110868,0
2020-04-25,101933,0
2020-04-26,104175,0
2020-04-27,110360,0
2020-04-28,106833,0
2020-04-29,108896,0
2020-04-30,109556,0
2020-05-01,107240,0
2020-05-02,101092,0
2020-05-03,101934,0
2020-05-04,106922,0
2020-05-05,104493,0
2020-05-06,106901,0
2020-05-07,105000,0
2020-05-08,107045,0
2020-05-09,105448,0
2020-05-10,101273,0
2020-05-11,106548,0
2020-05-12,106020,0
2020-05-13,105496,0
2020-05-14,104813,0
2020-05-15,112782,0
2020-05-16,109350,0
2020-05-17,101478,0
2020-05-18,106351,0
2020-05-19,104990,0
2020-05-20,104160,0
2020-05-21,104754,0
2020-05-22,109076,0
2020-05-23,105665,0
2020-05-24,98759,0
2020-05-25,102478,0
2020-05-26,111744,0
2020-05-27,114887,0
2020-05-28,119979,0
2020-05-29,127358,0
2020-05-30,120443,0
2020-05-31,105733,0
2020-06-01,108395,0
2020-06-02,111306,0
2020-06-03,124072,0
2020-06-04,135911,0
2020-06-05,138728,0
2020-06-06,137443,0
2020-06-07,117827,0
2020-06-08,126037,0
2020-06-09,141241,0
2020-06-10,151018,0
2020-06-11,149906,0
2020-06-12,146423,0
2020-06-13,120480,0
2020-06-14,109258,0
2020-06-15,121816,0
2020-06-16,124252,0
2020-06-17,127685,0
2020-06-18,134290,0
2020-06-19,140428,0
2020-06-20,139405,0
2020-06-21,143250,0
2020-06-22,169030,0
2020-06-23,171255,0
2020-06-24,167586,0
2020-06-25,157504,0
2020-06-26,157836,0
2020-06-27,147406,0
2020-06-28,156108,0
2020-06-29,166276,0
2020-06-30,154125,0
2020-07-01,152004,0
2020-07-02,163768,0
2020-07-03,166411,0
2020-07-04,145710,0
2020-07-05,155847,0
2020-07-06,176113,0
2020-07-07,167938,0
2020-07-08,175949,0
2020-07-09,180313,0
2020-07-10,168873,0
2020-07-11,161294,0
2020-07-12,157805,0
2020-07-13,176295,0
2020-07-14,170243,0
2020-07-15,164706,0
2020-07-16,153193,0
2020-07-17,159279,0
2020-07-18,164104,0
2020-07-19,177705,0
2020-07-20,206726,0
2020-07-21,197281,0
2020-07-22,199626,0
2020-07-23,189744,0
2020-07-24,174543,0
2020-07-25,168864,0
2020-07-26,178655,0
2020-07-27,201034,0
2020-07-28,208612,0
2020-07-29,200098,0
2020-07-30,196658,0
2020-07-31,174916,0
2020-08-01,166262,0
2020-08-02,178006,0
2020-08-03,192243,0
2020-08-04,173030,0
2020-08-05,175850,0
2020-08-06,165168,0
2020-08-07,156931,0
2020-08-08,149407,0
2020-08-09,158993,0
2020-08-10,192624,0
2020-08-11,196654,0
2020-08-12,194976,0
2020-08-13,176561,0
2020-08-14,173737,0
2020-08-15,149644,0
2020-08-16,132458,0
2020-08-17,146349,0
2020-08-18,151335,0
2020-08-19,148208,0
2020-08-20,143655,0
2020-08-21,155925,0
2020-08-22,159428,0
2020-08-23,161737,0
2020-08-24,187477,0
2020-08-25,186000,0
2020-08-26,152877,0
2020-08-27,169235,0
2020-08-28,169728,0
2020-08-29,157366,0
2020-08-30,136586,0
2020-08-31,142345,0
2020-09-01,148628,0
2020-09-02,159644,0
2020-09-03,165090,0
2020-09-04,164625,0
2020-09-05,135671,0
2020-09-06,134051,0
2020-09-07,139862,0
2020-09-08,160943,0
2020-09-09,163131,0
2020-09-10,173525,0
2020-09-11,156396,0
2020-09-12,123692,0
2020-09-13,125168,0
2020-09-14,140333,0
2020-09-15,120318,0
2020-09-16,122745,0
2020-09-17,132433,0
2020-09-18,126466,0
2020-09-19,104631,0
2020-09-20,102087,0
2020-09-21,113299,0
2020-09-22,115339,0
2020-09-23,122567,0
2020-09-24,126418,0
2020-09-25,130336,0
2020-09-26,121738,0
2020-09-27,128592,0
2020-09-28,143996,0
2020-09-29,144392,0
2020-09-30,130746,0
2020-10-01,124448,0
2020-10-02,119364,0
2020-10-03,106734,0
2020-10-04,105318,0
2020-10-05,117408,0
2020-10-06,118881,0
2020-10-07,121276,0
2020-10-08,115797,0
2020-10-09,115621,0
2020-10-10,109591,0
2020-10-11,109203,0
2020-10-12,115034,0
2020-10-13,117329,0
2020-10-14,116042,0
2020-10-15,118942,0
2020-10-16,119472,0
2020-10-17,106085,0
2020-10-18,104650,0
2020-10-19,116323,0
2020-10-20,120125,0
2020-10-21,122147,0
2020-10-22,125364,0
2020-10-23,123335,0
2020-10-24,110835,0
2020-10-25,105630,0
2020-10-26,118637,0
2020-10-27,117580,0
2020-10-28,118593,0
2020-10-29,120202,0
2020-10-30,122224,0
2020-10-31,112805,0
2020-11-01,114855,0
2020-11-02,123419,0
2020-11-03,122065,0
2020-11-04,120534,0
2020-11-05,118616,0
2020-11-06,117652,0
2020-11-07,108576,0
2020-11-08,107166,0
2020-11-09,119150,0
2020-11-10,121202,0
2020-11-11,122832,0
2020-11-12,121526,0
2020-11-13,119467,0
2020-11-14,109822,0
2020-11-15,109321,0
2020-11-16,118680,0
2020-11-17,122273,0
2020-11-18,128163,0
2020-11-19,126776,0
2020-11-20,120227,0
2020-11-21,108928,0
2020-11-22,109824,0
2020-11-23,119483,0
2020-11-24,121288,0
2020-11-25,119281,0
2020-11-26,109892,0
2020-11-27,112019,0
2020-11-28,108414,0
2020-11-29,108279,0
2020-11-30,121164,0
2020-12-01,120096,0
2020-12-02,125808,0
2020-12-03,125099,0
2020-12-04,123623,0
2020-12-05,116918,0
2020-12-06,117329,0
2020-12-07,129894,0
2020-12-08,133566,0
2020-12-09,133914,0
2020-12-10,128387,0
2020-12-11,125083,0
2020-12-12,115626,0
2020-12-13,111408,0
2020-12-14,127287,0
2020-12-15,131009,0
2020-12-16,137711,0
2020-12-17,137467,0
2020-12-18,139444,0
2020-12-19,130836,0
2020-12-20,125645,0
2020-12-21,130958,0
2020-12-22,129218,0
2020-12-23,128292,0
2020-12-24,121602,0
2020-12-25,113711,0
2020-12-26,123588,0
2020-12-27,122776,0
2020-12-28,126574,0
2020-12-29,128663,0
2020-12-30,130838,0
2020-12-31,125533,0
2021-01-01,119140,0
2021-01-02,117017,0
2021-01-03,120616,0
2021-01-04,128719,0
2021-01-05,128968,0
2021-01-06,129542,0
2021-01-07,130964,0
2021-01-08,132855,0
2021-01-09,125392,0
2021-01-10,121856,0
2021-01-11,133886,0
2021-01-12,130237,0
2021-01-13,128863,0
2021-01-14,126268,0
2021-01-15,127490,0
2021-01-16,118102,0
2021-01-17,117057,0
2021-01-18,122824,0
2021-01-19,129324,0
2021-01-20,131120,0
2021-01-21,132003,0
2021-01-22,128305,0
2021-01-23,125923,0
2021-01-24,128382,0
2021-01-25,136576,0
2021-01-26,135932,0
2021-01-27,134036,0
2021-01-28,138145,0
2021-01-29,146437,0
2021-01-30,136292,0
2021-01-31,135216,0
2021-02-01,140057,0
2021-02-02,137952,0
2021-02-03,138779,0
2021-02-04,135223,0
2021-02-05,130750,0
2021-02-06,122034,0
2021-02-07,125601,0
2021-02-08,141172,0
2021-02-09,140180,0
2021-02-10,138469,0
2021-02-11,139773,0
2021-02-12,140363,0
2021-02-13,132183,0
2021-02-14,126416,0
2021-02-15,130360,0
2021-02-16,129738,0
2021-02-17,135983,0
2021-02-18,140048,0
2021-02-19,138927,0
2021-02-20,128536,0
2021-02-21,126574,0
2021-02-22,136545,0
2021-02-23,131994,0
2021-02-24,126791,0
2021-02-25,125507,0
2021-02-26,126063,0
2021-02-27,118029,0
2021-02-28,116302,0
2021-03-01,127058,0
2021-03-02,135634,0
2021-03-03,128236,0
2021-03-04,128077,0
2021-03-05,133762,0
2021-03-06,124363,0
2021-03-07,121035,0
2021-03-08,130321,0
2021-03-09,122402,0
2021-03-10,120607,0
2021-03-11,118569,0
2021-03-12,115813,0
2021-03-13,110810,0
2021-03-14,106228,0
2021-03-15,130016,0
2021-03-16,132268,0
2021-03-17,127813,0
2021-03-18,125791,0
2021-03-19,126141,0
2021-03-20,114326,0
2021-03-21,108863,0
2021-03-22,118163,0
2021-03-23,117592,0
2021-03-24,119037,0
2021-03-25,117259,0
2021-03-26,116519,0
2021-03-27,104347,0
2021-03-28,105956,0
2021-03-29,114360,0
2021-03-30,114118,0
2021-03-31,114786,0
2021-04-01,116292,0
2021-04-02,120447,0
2021-04-03,111331,0
2021-04-04,104967,0
2021-04-05,114036,0
2021-04-06,113346,0
2021-04-07,113367,0
2021-04-08,113231,0
2021-04-09,113740,0
2021-04-10,105504,0
2021-04-11,105602,0
2021-04-12,117678,0
2021-04-13,115146,0
2021-04-14,114547,0
2021-04-15,116273,0
2021-04-16,115586,0
2021-04-17,106596,0
2021-04-18,103432,0
2021-04-19,113034,0
2021-04-20,113496,0
2021-04-21,113972,0
2021-04-22,117557,0
2021-04-23,114808,0
2021-04-24,103866,0
2021-04-25,103336,0
2021-04-26,113175,0
2021-04-27,113664,0
2021-04-28,116211,0
2021-04-29,119535,0
2021-04-30,115848,0
2021-05-01,103765,0
2021-05-02,104744,0
2021-05-03,116045,0
2021-05-04,115824,0
2021-05-05,115496,0
2021-05-06,112628,0
2021-05-07,111869,0
2021-05-08,104435,0
2021-05-09,101730,0
2021-05-10,113642,0
2021-05-11,112533,0
2021-05-12,112466,0
2021-05-13,112234,0
2021-05-14,114713,0
2021-05-15,106969,0
2021-05-16,106379,0
2021-05-17,119562,0
2021-05-18,125449,0
2021-05-19,135636,0
2021-05-20,127285,0
2021-05-21,125978,0
2021-05-22,131007,0
2021-05-23,143933,0
2021-05-24,128641,0
2021-05-25,124219,0
2021-05-26,143580,0
2021-05-27,144678,0
2021-05-28,121714,0
2021-05-29,105407,0
2021-05-30,104357,0
2021-05-31,104281,0
2021-06-01,118089,0
2021-06-02,122150,0
2021-06-03,125374,0
2021-06-04,134942,0
2021-06-05,139282,0
2021-06-06,157383,0
2021-06-07,182078,0
2021-06-08,183066,0
2021-06-09,185200,0
2021-06-10,164490,0
2021-06-11,133401,0
2021-06-12,118807,0
2021-06-13,117076,0
2021-06-14,134552,0
2021-06-15,142937,0
2021-06-16,135297,0
2021-06-17,132504,0
2021-06-18,141117,0
2021-06-19,144873,0
2021-06-20,147051,0
2021-06-21,180010,0
2021-06-22,155375,0
2021-06-23,129862,0
2021-06-24,133803,0
2021-06-25,138370,0
2021-06-26,147001,0
2021-06-27,159179,0
2021-06-28,194131,0
2021-06-29,206885,0
2021-06-30,212086,0
2021-07-01,185946,0
2021-07-02,161877,0
2021-07-03,120541,0
2021-07-04,118334,0
2021-07-05,141039,0
2021-07-06,178255,0
2021-07-07,190084,0
2021-07-08,184239,0
2021-07-09,172232,0
2021-07-10,152105,0
2021-07-11,146754,0
2021-07-12,176422,0
2021-07-13,157758,0
2021-07-14,169728,0
2021-07-15,183799,0
2021-07-16,198095,0
2021-07-17,181974,0
2021-07-18,163541,0
2021-07-19,167678,0
2021-07-20,178188,0
2021-07-21,172786,0
2021-07-22,157731,0
2021-07-23,153539,0
2021-07-24,144541,0
2021-07-25,150491,0
2021-07-26,181389,0
2021-07-27,181143,0
2021-07-28,170345,0
2021-07-29,164946,0
2021-07-30,157158,0
2021-07-31,129226,0
2021-08-01,132174,0
2021-08-02,145959,0
2021-08-03,143955,0
2021-08-04,144567,0
2021-08-05,149371,0
2021-08-06,163006,0
2021-08-07,154929,0
2021-08-08,139597,0
2021-08-09,158928,0
2021-08-10,171450,0
2021-08-11,187093,0
2021-08-12,195957,0
2021-08-13,202936,0
2021-08-14,185433,0
2021-08-15,153218,0
2021-08-16,165007,0
2021-08-17,166593,0
2021-08-18,177119,0
2021-08-19,186082,0
2021-08-20,175365,0
2021-08-21,162279,0
2021-08-22,151885,0
2021-08-23,168032,0
2021-08-24,181545,0
2021-08-25,189996,0
2021-08-26,202186,0
2021-08-27,201023,0
2021-08-28,154176,0
2021-08-29,136489,0
2021-08-30,175220,0
2021-08-31,176635,0
2021-09-01,159108,0
2021-09-02,135740,0
2021-09-03,131258,0
2021-09-04,125285,0
2021-09-05,128107,0
2021-09-06,138924,0
2021-09-07,149054,0
2021-09-08,163652,0
2021-09-09,156434,0
2021-09-10,139917,0
2021-09-11,127733,0
2021-09-12,138482,0
2021-09-13,170347,0
2021-09-14,162684,0
2021-09-15,176961,0
2021-09-16,160157,0
2021-09-17,156474,0
2021-09-18,149956,0
2021-09-19,134734,0
2021-09-20,143830,0
2021-09-21,144080,0
2021-09-22,161347,0
2021-09-23,163865,0
2021-09-24,136329,0
2021-09-25,122402,0
2021-09-26,117189,0
2021-09-27,133727,0
2021-09-28,136749,0
2021-09-29,123112,0
2021-09-30,120583,0
2021-10-01,118461,0
2021-10-02,113157,0
2021-10-03,120008,0
2021-10-04,138989,0
2021-10-05,126645,0
2021-10-06,127627,0
2021-10-07,132754,0
2021-10-08,134616,0
2021-10-09,116687,0
2021-10-10,113337,0
2021-10-11,123650,0
2021-10-12,128455,0
2021-10-13,130421,0
2021-10-14,134765,0
2021-10-15,138700,0
2021-10-16,127522,0
2021-10-17,109050,0
2021-10-18,117306,0
2021-10-19,118891,0
2021-10-20,122707,0
2021-10-21,126201,0
2021-10-22,124472,0
2021-10-23,108488,0
2021-10-24,105809,0
2021-10-25,124399,0
2021-10-26,122736,0
2021-10-27,119791,0
2021-10-28,118554,0
2021-10-29,117986,0
2021-10-30,111022,0
2021-10-31,107613,0
2021-11-01,116568,0
2021-11-02,118536,0
2021-11-03,120557,0
2021-11-04,122026,0
2021-11-05,122425,0
2021-11-06,111253,0
2021-11-07,115399,0
2021-11-08,119783,0
2021-11-09,121457,0
2021-11-10,120398,0
2021-11-11,118862,0
2021-11-12,122015,0
2021-11-13,111370,0
2021-11-14,111389,0
2021-11-15,125413,0
2021-11-16,126053,0
2021-11-17,124707,0
2021-11-18,122628,0
2021-11-19,123628,0
2021-11-20,115831,0
2021-11-21,112537,0
2021-11-22,124473,0
2021-11-23,129289,0
2021-11-24,128530,0
2021-11-25,112937,0
2021-11-26,119173,0
2021-11-27,119286,0
2021-11-28,119589,0
2021-11-29,130792,0
2021-11-30,133370,0
2021-12-01,129347,0
2021-12-02,126233,0
2021-12-03,125159,0
2021-12-04,119139,0
2021-12-05,115555,0
2021-12-06,125874,0
2021-12-07,128524,0
2021-12-08,131138,0
2021-12-09,132700,0
2021-12-10,128072,0
2021-12-11,116338,0
2021-12-12,115082,0
2021-12-13,125997,0
2021-12-14,126500,0
2021-12-15,126642,0
2021-12-16,124172,0
2021-12-17,120573,0
2021-12-18,117721,0
2021-12-19,118663,0
2021-12-20,133775,0
2021-12-21,132331,0
2021-12-22,128868,0
2021-12-23,132307,0
2021-12-24,124106,0
2021-12-25,115095,0
2021-12-26,113618,0
2021-12-27,127916,0
2021-12-28,125714,0
2021-12-29,125574,0
2021-12-30,123116,0
2021-12-31,117546,0
2022-01-01,111503,0
2022-01-02,112459,0
2022-01-03,134716,0
2022-01-04,139254,0
2022-01-05,134358,0
2022-01-06,132221,0
2022-01-07,137445,0
2022-01-08,133150,0
2022-01-09,127534,0
2022-01-10,138829,0
2022-01-11,148481,0
2022-01-12,142547,0
2022-01-13,133542,0
2022-01-14,133409,0
2022-01-15,140347,0
2022-01-16,139718,0
2022-01-17,135330,0
2022-01-18,139668,0
2022-01-19,135598,0
2022-01-20,137146,0
2022-01-21,149322,0
2022-01-22,139874,0
2022-01-23,132244,0
2022-01-24,140301,0
2022-01-25,137320,0
2022-01-26,144575,0
2022-01-27,145739,0
2022-01-28,142816,0
2022-01-29,142200,0
2022-01-30,142253,0
2022-01-31,147344,0
2022-02-01,142802,0
2022-02-02,137071,0
2022-02-03,133348,0
2022-02-04,135853,0
2022-02-05,135098,0
2022-02-06,134794,0
2022-02-07,140534,0
2022-02-08,134807,0
2022-02-09,134151,0
2022-02-10,129433,0
2022-02-11,126087,0
2022-02-12,114792,0
2022-02-13,123675,0
2022-02-14,145185,0
2022-02-15,146849,0
2022-02-16,137341,0
2022-02-17,125473,0
2022-02-18,126067,0
2022-02-19,125608,0
2022-02-20,126100,0
2022-02-21,123351,0
2022-02-22,126094,0
2022-02-23,122394,0
2022-02-24,132698,0
2022-02-25,135833,0
2022-02-26,127373,0
2022-02-27,121680,0
2022-02-28,135424,0
2022-03-01,133820,0
2022-03-02,126844,0
2022-03-03,128567,0
2022-03-04,134410,0
2022-03-05,120758,0
2022-03-06,113970,0
2022-03-07,121327,0
2022-03-08,122942,0
2022-03-09,130529,0
2022-03-10,127333,0
2022-03-11,123577,0
2022-03-12,122876,0
2022-03-13,121006,0
2022-03-14,128418,0
2022-03-15,121734,0
2022-03-16,119402,0
2022-03-17,122410,0
2022-03-18,119331,0
2022-03-19,110001,0
2022-03-20,107618,0
2022-03-21,118396,0
2022-03-22,118589,0
2022-03-23,122808,0
2022-03-24,126310,0
2022-03-25,121464,0
2022-03-26,111324,0
2022-03-27,113300,0
2022-03-28,135881,0
2022-03-29,137056,0
2022-03-30,131818,0
2022-03-31,124378,0
2022-04-01,120710,0
2022-04-02,111925,0
2022-04-03,112753,0
2022-04-04,122503,0
2022-04-05,122367,0
2022-04-06,124394,0
2022-04-07,125764,0
2022-04-08,119287,0
2022-04-09,109426,0
2022-04-10,109935,0
2022-04-11,120604,0
2022-04-12,120024,0
2022-04-13,119341,0
2022-04-14,124219,0
2022-04-15,114675,0
2022-04-16,106763,0
2022-04-17,104143,0
2022-04-18,118648,0
2022-04-19,121388,0
2022-04-20,118785,0
2022-04-21,117962,0
2022-04-22,115266,0
2022-04-23,104963,0
2022-04-24,103141,0
2022-04-25,116707,0
2022-04-26,117936,0
2022-04-27,117033,0
2022-04-28,118417,0
2022-04-29,116328,0
2022-04-30,105598,0
2022-05-01,103273,0
2022-05-02,116909,0
2022-05-03,116246,0
2022-05-04,118020,0
2022-05-05,117381,0
2022-05-06,117185,0
2022-05-07,110153,0
2022-05-08,105750,0
2022-05-09,115489,0
2022-05-10,115833,0
2022-05-11,116769,0
2022-05-12,120169,0
2022-05-13,122073,0
2022-05-14,113959,0
2022-05-15,113589,0
2022-05-16,132166,0
2022-05-17,125326,0
2022-05-18,121073,0
2022-05-19,120697,0
2022-05-20,121752,0
2022-05-21,129498,0
2022-05-22,147492,0
2022-05-23,137095,0
2022-05-24,125399,0
2022-05-25,121071,0
2022-05-26,121600,0
2022-05-27,133313,0
2022-05-28,122247,0
2022-05-29,116688,0
2022-05-30,133272,0
2022-05-31,175375,0
2022-06-01,138381,0
2022-06-02,144168,0
2022-06-03,140673,0
2022-06-04,127057,0
2022-06-05,119538,0
2022-06-06,137896,0
2022-06-07,140917,0
2022-06-08,155202,0
2022-06-09,158163,0
2022-06-10,143138,0
2022-06-11,129673,0
2022-06-12,124392,0
2022-06-13,160107,0
2022-06-14,152013,0
2022-06-15,154053,0
2022-06-16,142516,0
2022-06-17,161751,0
2022-06-18,125441,0
2022-06-19,109016,0
2022-06-20,126826,0
2022-06-21,139512,0
2022-06-22,134420,0
2022-06-23,133783,0
2022-06-24,143764,0
2022-06-25,149562,0
2022-06-26,155264,0
2022-06-27,164152,0
2022-06-28,148109,0
2022-06-29,153946,0
2022-06-30,162912,0
2022-07-01,179043,0
2022-07-02,170430,0
2022-07-03,154052,0
2022-07-04,144918,0
2022-07-05,166529,0
2022-07-06,177523,0
2022-07-07,167089,0
2022-07-08,163633,0
2022-07-09,150168,0
2022-07-10,139373,0
2022-07-11,157769,0
2022-07-12,174348,0
2022-07-13,184608,0
2022-07-14,183502,0
2022-07-15,171094,0
2022-07-16,158680,0
2022-07-17,159519,0
2022-07-18,184640,0
2022-07-19,190594,0
2022-07-20,204640,0
2022-07-21,210299,0
2022-07-22,203448,0
2022-07-23,190168,0
2022-07-24,194414,0
2022-07-25,211703,0
2022-07-26,179363,0
2022-07-27,174823,0
2022-07-28,193239,0
2022-07-29,185361,0
2022-07-30,165175,0
2022-07-31,160843,0
2022-08-01,165984,0
2022-08-02,184097,0
2022-08-03,188058,0
2022-08-04,198706,0
2022-08-05,194961,0
2022-08-06,186868,0
2022-08-07,190719,0
2022-08-08,213959,0
2022-08-09,222979,0
2022-08-10,197816,0
2022-08-11,189338,0
2022-08-12,167983,0
2022-08-13,140266,0
2022-08-14,138641,0
2022-08-15,157926,0
2022-08-16,157429,0
2022-08-17,153379,0
2022-08-18,155905,0
2022-08-19,164738,0
2022-08-20,163800,0
2022-08-21,158274,0
2022-08-22,173383,0
2022-08-23,177772,0
2022-08-24,176396,0
2022-08-25,179804,0
2022-08-26,183405,0
2022-08-27,168017,0
2022-08-28,159404,0
2022-08-29,185384,0
2022-08-30,190278,0
2022-08-31,173537,0
2022-09-01,162975,0
2022-09-02,146970,0
2022-09-03,138975,0
2022-09-04,151378,0
2022-09-05,163790,0
2022-09-06,165915,0
2022-09-07,147130,0
2022-09-08,145739,0
2022-09-09,145064,0
2022-09-10,138750,0
2022-09-11,138190,0
2022-09-12,162078,0
2022-09-13,168566,0
2022-09-14,150871,0
2022-09-15,141132,0
2022-09-16,131992,0
2022-09-17,126203,0
2022-09-18,136914,0
2022-09-19,159023,0
2022-09-20,153148,0
2022-09-21,149092,0
2022-09-22,144449,0
2022-09-23,117836,0
2022-09-24,106856,0
2022-09-25,110245,0
2022-09-26,123806,0
2022-09-27,122666,0
2022-09-28,121113,0
2022-09-29,119435,0
2022-09-30,116138,0
2022-10-01,108767,0
2022-10-02,106977,0
2022-10-03,119768,0
2022-10-04,122825,0
2022-10-05,119801,0
2022-10-06,121185,0
2022-10-07,123565,0
2022-10-08,106905,0
2022-10-09,104858,0
2022-10-10,114403,0
2022-10-11,119315,0
2022-10-12,120438,0
2022-10-13,125333,0
2022-10-14,118562,0
2022-10-15,108069,0
2022-10-16,106318,0
2022-10-17,119413,0
2022-10-18,117200,0
2022-10-19,119012,0
2022-10-20,119482,0
2022-10-21,118483,0
2022-10-22,108405,0
2022-10-23,108050,0
2022-10-24,120832,0
2022-10-25,125770,0
2022-10-26,127535,0
2022-10-27,120506,0
2022-10-28,118282,0
2022-10-29,109029,0
2022-10-30,107416,0
2022-10-31,119039,0
2022-11-01,122214,0
2022-11-02,120546,0
2022-11-03,120005,0
2022-11-04,121075,0
2022-11-05,115378,0
2022-11-06,120723,0
2022-11-07,129388,0
2022-11-08,118595,0
2022-11-09,120670,0
2022-11-10,120580,0
2022-11-11,122084,0
2022-11-12,113611,0
2022-11-13,108614,0
2022-11-14,122342,0
2022-11-15,126704,0
2022-11-16,125824,0
2022-11-17,127120,0
2022-11-18,127603,0
2022-11-19,119887,0
2022-11-20,121080,0
2022-11-21,133852,0
2022-11-22,128798,0
2022-11-23,124175,0
2022-11-24,111890,0
2022-11-25,117118,0
2022-11-26,112375,0
2022-11-27,113056,0
2022-11-28,123523,0
2022-11-29,128130,0
2022-11-30,128004,0
2022-12-01,129814,0
2022-12-02,130336,0
2022-12-03,118313,0
2022-12-04,116521,0
2022-12-05,129350,0
2022-12-06,129080,0
2022-12-07,126511,0
2022-12-08,125365,0
2022-12-09,128232,0
2022-12-10,123064,0
2022-12-11,122660,0
2022-12-12,135900,0
2022-12-13,138164,0
2022-12-14,137623,0
2022-12-15,137442,0
2022-12-16,133487,0
2022-12-17,122638,0
2022-12-18,122612,0
2022-12-19,136653,0
2022-12-20,136279,0
2022-12-21,136074,0
2022-12-22,133835,0
2022-12-23,134353,0
2022-12-24,145577,0
2022-12-25,137906,0
2022-12-26,140298,0
2022-12-27,141967,0
2022-12-28,134018,0
2022-12-29,129523,0
2022-12-30,124166,0
2022-12-31,117173,0
2023-01-01,110714,0
2023-01-02,115759,0
2023-01-03,125253,0
2023-01-04,122698,0
2023-01-05,124238,0
2023-01-06,126034,0
2023-01-07,119605,0
2023-01-08,119410,0
2023-01-09,129903,0
2023-01-10,132382,0
2023-01-11,133149,0
2023-01-12,130978,0
2023-01-13,125833,0
2023-01-14,124317,0
2023-01-15,123983,0
2023-01-16,129779,0
2023-01-17,132506,0
2023-01-18,127929,0
2023-01-19,129925,0
2023-01-20,128047,0
2023-01-21,121740,0
2023-01-22,120381,0
2023-01-23,134041,0
2023-01-24,132393,0
2023-01-25,133865,0
2023-01-26,130359,0
2023-01-27,130038,0
2023-01-28,118723,0
2023-01-29,115804,0
2023-01-30,125165,0
2023-01-31,130743,0
2023-02-01,135393,0
2023-02-02,135473,0
2023-02-03,145270,0
2023-02-04,147495,0
2023-02-05,129341,0
2023-02-06,131645,0
2023-02-07,134177,0
2023-02-08,128501,0
2023-02-09,128685,0
2023-02-10,122360,0
2023-02-11,116598,0
2023-02-12,116261,0
2023-02-13,124713,0
2023-02-14,124168,0
2023-02-15,122571,0
2023-02-16,120734,0
2023-02-17,123029,0
2023-02-18,118794,0
2023-02-19,114515,0
2023-02-20,115965,0
2023-02-21,125622,0
2023-02-22,127740,0
2023-02-23,129068,0
2023-02-24,127964,0
2023-02-25,128870,0
2023-02-26,121861,0
2023-02-27,131002,0
2023-02-28,136314,0
2023-03-01,132040,0
2023-03-02,128799,0
2023-03-03,128658,0
2023-03-04,119799,0
2023-03-05,115276,0
2023-03-06,125030,0
2023-03-07,128147,0
2023-03-08,130246,0
2023-03-09,127820,0
2023-03-10,127940,0
2023-03-11,119894,0
2023-03-12,112114,0
2023-03-13,129401,0
2023-03-14,134348,0
2023-03-15,132305,0
2023-03-16,127824,0
2023-03-17,121723,0
2023-03-18,111745,0
2023-03-19,115955,0
2023-03-20,126654,0
2023-03-21,122805,0
2023-03-22,120961,0
2023-03-23,121618,0
2023-03-24,120547,0
2023-03-25,115772,0
2023-03-26,108253,0
2023-03-27,119452,0
2023-03-28,121920,0
2023-03-29,120932,0
2023-03-30,124644,0
2023-03-31,123140,0
2023-04-01,111631,0
2023-04-02,108953,0
2023-04-03,120873,0
2023-04-04,119870,0
2023-04-05,121088,0
2023-04-06,119719,0
2023-04-07,115204,0
2023-04-08,108997,0
2023-04-09,105897,0
2023-04-10,116583,0
2023-04-11,117194,0
2023-04-12,122341,0
2023-04-13,133743,0
2023-04-14,140767,0
2023-04-15,122941,0
2023-04-16,113609,0
2023-04-17,120738,0
2023-04-18,116766,0
2023-04-19,117228,0
2023-04-20,116594,0
2023-04-21,116193,0
2023-04-22,108000,0
2023-04-23,106680,0
2023-04-24,115464,0
2023-04-25,116571,0
2023-04-26,116469,0
2023-04-27,117867,0
2023-04-28,117958,0
2023-04-29,112265,0
2023-04-30,109877,0
2023-05-01,116373,0
2023-05-02,117408,0
2023-05-03,117134,0
2023-05-04,118783,0
2023-05-05,116116,0
2023-05-06,106884,0
2023-05-07,106708,0
2023-05-08,123086,0
2023-05-09,117625,0
2023-05-10,117570,0
2023-05-11,123681,0
2023-05-12,135997,0
2023-05-13,129143,0
2023-05-14,113232,0
2023-05-15,123378,0
2023-05-16,128952,0
2023-05-17,121160,0
2023-05-18,114549,0
2023-05-19,116482,0
2023-05-20,110684,0
2023-05-21,107194,0
2023-05-22,121819,0
2023-05-23,118631,0
2023-05-24,119115,0
2023-05-25,115600,0
2023-05-26,116326,0
2023-05-27,108601,0
2023-05-28,107474,0
2023-05-29,114978,0
2023-05-30,120976,0
2023-05-31,123000,0
2023-06-01,134730,0
2023-06-02,146225,0
2023-06-03,121764,0
2023-06-04,106737,0
2023-06-05,122591,0
2023-06-06,126482,0
2023-06-07,122219,0
2023-06-08,122396,0
2023-06-09,122782,0
2023-06-10,116495,0
2023-06-11,123644,0
2023-06-12,143428,0
2023-06-13,139956,0
2023-06-14,138201,0
2023-06-15,135517,0
2023-06-16,136365,0
2023-06-17,120499,0
2023-06-18,120873,0
2023-06-19,137633,0
2023-06-20,138888,0
2023-06-21,130314,0
2023-06-22,126600,0
2023-06-23,131825,0
2023-06-24,132294,0
2023-06-25,141384,0
2023-06-26,157188,0
2023-06-27,152718,0
2023-06-28,153004,0
2023-06-29,151886,0
2023-06-30,156264,0
2023-07-01,139773,0
2023-07-02,148585,0
2023-07-03,173124,0
2023-07-04,159388,0
2023-07-05,183313,0
2023-07-06,192213,0
2023-07-07,186932,0
2023-07-08,172361,0
2023-07-09,165418,0
2023-07-10,177182,0
2023-07-11,175241,0
2023-07-12,188026,0
2023-07-13,197353,0
2023-07-14,185355,0
2023-07-15,172948,0
2023-07-16,168825,0
2023-07-17,189668,0
2023-07-18,184855,0
2023-07-19,171327,0
2023-07-20,173788,0
2023-07-21,176318,0
2023-07-22,153460,0
2023-07-23,155587,0
2023-07-24,177190,0
2023-07-25,177090,0
2023-07-26,176680,0
2023-07-27,199463,0
2023-07-28,200485,0
2023-07-29,184565,0
2023-07-30,147065,0
2023-07-31,160528,0
2023-08-01,155070,0
2023-08-02,149519,0
2023-08-03,149443,0
2023-08-04,152326,0
2023-08-05,148344,0
2023-08-06,148409,0
2023-08-07,170112,0
2023-08-08,161977,0
2023-08-09,160401,0
2023-08-10,161314,0
2023-08-11,159595,0
2023-08-12,154660,0
2023-08-13,159493,0
2023-08-14,174733,0
2023-08-15,171763,0
2023-08-16,167680,0
2023-08-17,166180,0
2023-08-18,158982,0
2023-08-19,131413,0
2023-08-20,139489,0
2023-08-21,173937,0
2023-08-22,156451,0
2023-08-23,146265,0
2023-08-24,146167,0
2023-08-25,153327,0
2023-08-26,151494,0
2023-08-27,145212,0
2023-08-28,156228,0
2023-08-29,156057,0
2023-08-30,161848,0
2023-08-31,141734,0
2023-09-01,133059,0
2023-09-02,126027,0
2023-09-03,143874,0
2023-09-04,166274,0
2023-09-05,199408,0
2023-09-06,210280,0
2023-09-07,211392,0
2023-09-08,194958,0
2023-09-09,176989,0
2023-09-10,158922,0
2023-09-11,174284,0
2023-09-12,169231,0
2023-09-13,169923,0
2023-09-14,150451,0
2023-09-15,129053,0
2023-09-16,117733,0
2023-09-17,120128,0
2023-09-18,138006,0
2023-09-19,129571,0
2023-09-20,129008,0
2023-09-21,127832,0
2023-09-22,126415,0
2023-09-23,112035,0
2023-09-24,111536,0
2023-09-25,119464,0
2023-09-26,118941,0
2023-09-27,116517,0
2023-09-28,118210,0
2023-09-29,119674,0
2023-09-30,110128,0
2023-10-01,112569,0
2023-10-02,131147,0
2023-10-03,135387,0
2023-10-04,144405,0
2023-10-05,139260,0
2023-10-06,140078,0
2023-10-07,121171,0
2023-10-08,105416,0
2023-10-09,113692,0
2023-10-10,118024,0
2023-10-11,119533,0
2023-10-12,120482,0
2023-10-13,116908,0
2023-10-14,109382,0
2023-10-15,106009,0
2023-10-16,117592,0
2023-10-17,118154,0
2023-10-18,118973,0
2023-10-19,118566,0
2023-10-20,121383,0
2023-10-21,110022,0
2023-10-22,106653,0
2023-10-23,118597,0
2023-10-24,119347,0
2023-10-25,120653,0
2023-10-26,124318,0
2023-10-27,124624,0
2023-10-28,120491,0
2023-10-29,110558,0
2023-10-30,120772,0
2023-10-31,119303,0
2023-11-01,122581,0
2023-11-02,124118,0
2023-11-03,122528,0
2023-11-04,111305,0
2023-11-05,112550,0
2023-11-06,120662,0
2023-11-07,120787,0
2023-11-08,121050,0
2023-11-09,123230,0
2023-11-10,122144,0
2023-11-11,112613,0
2023-11-12,113688,0
2023-11-13,125943,0
2023-11-14,124777,0
2023-11-15,124974,0
2023-11-16,122839,0
2023-11-17,120947,0
2023-11-18,112159,0
2023-11-19,111852,0
2023-11-20,125357,0
2023-11-21,128957,0
2023-11-22,123065,0
2023-11-23,110921,0
2023-11-24,117390,0
2023-11-25,118177,0
2023-11-26,116888,0
2023-11-27,125960,0
2023-11-28,133727,0
2023-11-29,137367,0
2023-11-30,132457,0
2023-12-01,129712,0
2023-12-02,116476,0
2023-12-03,116813,0
2023-12-04,125930,0
2023-12-05,130322,0
2023-12-06,132923,0
2023-12-07,135960,0
2023-12-08,129946,0
2023-12-09,118195,0
2023-12-10,116724,0
2023-12-11,130480,0
2023-12-12,132472,0
2023-12-13,131986,0
2023-12-14,135106,0
2023-12-15,130201,0
2023-12-16,117621,0
2023-12-17,116845,0
2023-12-18,126652,0
2023-12-19,130034,0
2023-12-20,133889,0
2023-12-21,133332,0
2023-12-22,134648,0
2023-12-23,123547,0
2023-12-24,116465,0
2023-12-25,113544,0
2023-12-26,122987,0
2023-12-27,124121,0
2023-12-28,123326,0
2023-12-29,120162,0
2023-12-30,117117,0
2023-12-31,117793,0
2024-01-01,116590,0
2024-01-02,131525,0
2024-01-03,131802,0
2024-01-04,132779,0
2024-01-05,136792,0
2024-01-06,129492,0
2024-01-07,126295,0
2024-01-08,133372,0
2024-01-09,133803,0
2024-01-10,128884,0
2024-01-11,129251,0
2024-01-12,127989,0
2024-01-13,118200,0
2024-01-14,123617,0
2024-01-15,139462,0
2024-01-16,147227,0
2024-01-17,145708,0
2024-01-18,151482,0
2024-01-19,147502,0
2024-01-20,144908,0
2024-01-21,142814,0
2024-01-22,147514,0
2024-01-23,141187,0
2024-01-24,136245,0
2024-01-25,129309,0
2024-01-26,129946,0
2024-01-27,119818,0
2024-01-28,122603,0
2024-01-29,135881,0
2024-01-30,137309,0
2024-01-31,137092,0
2024-02-01,133653,0
2024-02-02,132441,0
2024-02-03,123515,0
2024-02-04,121576,0
2024-02-05,133529,0
2024-02-06,135668,0
2024-02-07,132692,0
2024-02-08,129478,0
2024-02-09,126725,0
2024-02-10,115762,0
2024-02-11,114929,0
2024-02-12,127136,0
2024-02-13,134103,0
2024-02-14,138449,0
2024-02-15,138777,0
2024-02-16,133279,0
2024-02-17,129046,0
2024-02-18,126553,0
2024-02-19,128372,0
2024-02-20,136682,0
2024-02-21,136259,0
2024-02-22,132618,0
2024-02-23,128785,0
2024-02-24,120238,0
2024-02-25,124037,0
2024-02-26,130249,0
2024-02-27,127050,0
2024-02-28,126789,0
2024-02-29,131221,0
2024-03-01,130494,0
2024-03-02,120590,0
2024-03-03,111074,0
2024-03-04,122004,0
2024-03-05,127282,0
2024-03-06,126572,0
2024-03-07,125068,0
2024-03-08,122908,0
2024-03-09,119558,0
2024-03-10,111660,0
2024-03-11,128298,0
2024-03-12,122829,0
2024-03-13,120078,0
2024-03-14,119855,0
2024-03-15,119220,0
2024-03-16,108979,0
2024-03-17,107601,0
2024-03-18,120876,0
2024-03-19,125439,0
2024-03-20,125095,0
2024-03-21,130067,0
2024-03-22,130301,0
2024-03-23,121500,0
2024-03-24,117889,0
2024-03-25,126694,0
2024-03-26,125305,0
2024-03-27,125707,0
2024-03-28,125729,0
2024-03-29,120355,0
2024-03-30,112331,0
2024-03-31,107220,0
2024-04-01,120871,0
2024-04-02,125007,0
2024-04-03,129954,0
2024-04-04,126600,0
2024-04-05,124447,0
2024-04-06,114228,0
2024-04-07,110062,0
2024-04-08,118910,0
2024-04-09,118395,0
2024-04-10,116601,0
2024-04-11,119467,0
2024-04-12,118513,0
2024-04-13,109372,0
2024-04-14,106230,0
2024-04-15,120463,0
2024-04-16,117633,0
2024-04-17,117699,0
2024-04-18,120726,0
2024-04-19,117552,0
2024-04-20,107311,0
2024-04-21,106176,0
2024-04-22,114826,0
2024-04-23,114220,0
2024-04-24,115397,0
2024-04-25,114582,0
2024-04-26,113958,0
2024-04-27,105435,0
2024-04-28,105353,0
2024-04-29,127381,0
2024-04-30,118586,0
2024-05-01,119518,0
2024-05-02,121813,0
2024-05-03,116646,0
2024-05-04,106231,0
2024-05-05,107601,0
2024-05-06,120093,0
2024-05-07,123916,0
2024-05-08,135931,0
2024-05-09,126567,0
2024-05-10,118080,0
2024-05-11,105208,0
2024-05-12,105238,0
2024-05-13,116599,0
2024-05-14,120146,0
2024-05-15,120976,0
2024-05-16,120608,0
2024-05-17,120128,0
2024-05-18,110332,0
2024-05-19,109853,0
2024-05-20,122257,0
2024-05-21,131765,0
2024-05-22,142724,0
2024-05-23,146380,0
2024-05-24,146863,0
2024-05-25,128941,0
2024-05-26,129499,0
2024-05-27,131790,0
2024-05-28,145299,0
2024-05-29,138253,0
2024-05-30,129147,0
2024-05-31,128329,0
2024-06-01,124462,0
2024-06-02,129455,0
2024-06-03,157104,0
2024-06-04,156095,0
2024-06-05,155169,0
2024-06-06,164580,0
2024-06-07,155967,0
2024-06-08,132181,0
2024-06-09,130033,0
2024-06-10,139579,0
2024-06-11,137507,0
2024-06-12,139481,0
2024-06-13,151014,0
2024-06-14,159899,0
2024-06-15,137519,0
2024-06-16,126847,0
2024-06-17,156036,0
2024-06-18,172070,0
2024-06-19,170946,0
2024-06-20,184117,0
2024-06-21,195991,0
2024-06-22,181513,0
2024-06-23,181459,0
2024-06-24,176674,0
2024-06-25,172647,0
2024-06-26,187697,0
2024-06-27,172540,0
2024-06-28,145789,0
2024-06-29,142824,0
2024-06-30,159288,0
2024-07-01,151971,0
2024-07-02,153121,0
2024-07-03,153074,0
2024-07-04,148986,0
2024-07-05,179003,0
2024-07-06,174587,0
2024-07-07,179856,0
2024-07-08,204801,0
2024-07-09,204212,0
2024-07-10,207772,0
2024-07-11,197069,0
2024-07-12,188001,0
2024-07-13,174380,0
2024-07-14,177664,0
2024-07-15,203823,0
2024-07-16,214127,0
2024-07-17,204545,0
2024-07-18,189710,0
2024-07-19,168652,0
2024-07-20,158502,0
2024-07-21,166582,0
2024-07-22,185179,0
2024-07-23,178638,0
2024-07-24,179604,0
2024-07-25,176626,0
2024-07-26,158078,0
2024-07-27,151956,0
2024-07-28,153172,0
2024-07-29,176265,0
2024-07-30,186401,0
2024-07-31,193186,0
2024-08-01,199184,0
2024-08-02,205346,0
2024-08-03,185206,0
2024-08-04,167499,0
2024-08-05,190114,0
2024-08-06,195634,0
2024-08-07,157871,0
2024-08-08,145053,0
2024-08-09,168798,0
2024-08-10,157538,0
2024-08-11,146280,0
2024-08-12,155444,0
2024-08-13,152297,0
2024-08-14,162930,0
2024-08-15,167985,0
2024-08-16,172256,0
2024-08-17,153441,0
2024-08-18,153602,0
2024-08-19,168842,0
2024-08-20,139701,0
2024-08-21,129605,0
2024-08-22,131399,0
2024-08-23,138449,0
2024-08-24,136540,0
2024-08-25,143315,0
2024-08-26,163961,0
2024-08-27,167050,0
2024-08-28,187044,0
2024-08-29,168461,0
2024-08-30,144337,0
2024-08-31,137976,0
2024-09-01,147525,0
2024-09-02,137338,0
2024-09-03,134126,0
2024-09-04,136235,0
2024-09-05,139231,0
2024-09-06,143379,0
2024-09-07,131255,0
2024-09-08,113001,0
2024-09-09,127783,0
2024-09-10,135667,0
2024-09-11,136531,0
2024-09-12,141943,0
2024-09-13,145330,0
2024-09-14,140427,0
2024-09-15,135068,0
2024-09-16,140323,0
2024-09-17,145236,0
2024-09-18,143808,0
2024-09-19,149657,0
2024-09-20,149992,0
2024-09-21,129828,0
2024-09-22,121974,0
2024-09-23,127892,0
2024-09-24,124821,0
2024-09-25,125294,0
2024-09-26,137319,0
2024-09-27,136445,0
2024-09-28,120398,0
2024-09-29,113364,0
2024-09-30,125686,0
2024-10-01,125460,0
2024-10-02,123448,0
2024-10-03,124414,0
2024-10-04,126270,0
2024-10-05,117152,0
2024-10-06,112694,0
2024-10-07,127718,0
2024-10-08,120224,0
2024-10-09,107876,1
2024-10-10,116684,0
2024-10-11,116491,0
2024-10-12,108615,0
2024-10-13,108860,0
2024-10-14,116554,0
2024-10-15,117978,0
2024-10-16,119030,0
2024-10-17,119322,0
2024-10-18,118577,0
2024-10-19,109688,0
2024-10-20,108899,0
2024-10-21,123563,0
2024-10-22,129531,0
2024-10-23,129630,0
2024-10-24,124464,0
2024-10-25,118586,0
2024-10-26,109032,0
2024-10-27,107391,0
2024-10-28,119401,0
2024-10-29,121090,0
2024-10-30,124290,0
2024-10-31,128965,0
2024-11-01,128037,0
2024-11-02,108516,0
2024-11-03,111893,0
2024-11-04,120112,0
2024-11-05,121638,0
2024-11-06,129572,0
2024-11-07,128061,0
2024-11-08,119146,0
2024-11-09,109447,0
2024-11-10,109482,0
2024-11-11,118800,0
2024-11-12,120409,0
2024-11-13,124244,0
2024-11-14,126011,0
2024-11-15,123587,0
2024-11-16,113482,0
2024-11-17,111310,0
2024-11-18,121498,0
2024-11-19,121355,0
2024-11-20,121871,0
2024-11-21,124692,0
2024-11-22,128644,0
2024-11-23,117929,0
2024-11-24,114571,0
2024-11-25,124130,0
2024-11-26,123516,0
2024-11-27,121979,0
2024-11-28,114144,0
2024-11-29,120273,0
2024-11-30,121119,0
2024-12-01,126075,0
2024-12-02,137747,0
2024-12-03,137545,0
2024-12-04,138431,0
2024-12-05,138124,0
2024-12-06,141124,0
2024-12-07,129748,0
2024-12-08,121900,0
2024-12-09,130896,0
2024-12-10,130606,0
2024-12-11,128740,0
2024-12-12,134495,0
2024-12-13,141748,0
2024-12-14,133949,0
2024-12-15,130348,0
2024-12-16,135279,0
2024-12-17,128108,0
2024-12-18,128037,0
2024-12-19,130968,0
2024-12-20,136595,0
2024-12-21,134936,0
2024-12-22,143149,0
2024-12-23,152903,0
2024-12-24,141132,0
2024-12-25,128612,0
2024-12-26,139228,0
2024-12-27,136806,0
2024-12-28,124302,0
2024-12-29,116804,0
2024-12-30,123031,0
2024-12-31,123079,0
2025-01-01,116674,0
2025-01-02,132967,0
2025-01-03,135929,0
2025-01-04,133674,0
2025-01-05,134218,0
2025-01-06,147760,0
2025-01-07,152789,0
2025-01-08,154141,0
2025-01-09,154399,0
2025-01-10,146594,0
2025-01-11,135803,0
2025-01-12,130447,0
2025-01-13,140042,0
2025-01-14,144078,0
2025-01-15,134350,1
2025-01-16,148286,0
2025-01-17,142209,0
2025-01-18,129376,0
2025-01-19,129237,0
2025-01-20,148957,0
2025-01-21,161703,0
2025-01-22,163751,0
2025-01-23,158474,0
2025-01-24,152191,0
2025-01-25,140892,0
2025-01-26,133314,0
2025-01-27,140952,0
2025-01-28,139044,0
2025-01-29,134715,0
2025-01-30,142000,0
2025-01-31,135834,0
2025-02-01,127718,0
2025-02-02,137918,0
2025-02-03,138613,0
2025-02-04,134272,0
2025-02-05,142456,0
2025-02-06,143000,0
2025-02-07,137067,0
2025-02-08,134576,0
2025-02-09,133632,0
2025-02-10,141563,0
2025-02-11,143792,0
2025-02-12,143896,0
2025-02-13,138821,0
2025-02-14,139145,0
2025-02-15,133710,0
2025-02-16,128848,0
2025-02-17,135372,0
2025-02-18,149301,0
2025-02-19,151311,0
2025-02-20,151112,0
2025-02-21,148799,0
2025-02-22,135218,0
2025-02-23,125821,0
2025-02-24,131554,0
2025-02-25,127889,0
2025-02-26,124760,0
2025-02-27,126313,0
2025-02-28,124313,0
2025-03-01,116852,0
2025-03-02,128568,0
2025-03-03,139878,0
2025-03-04,133459,0
2025-03-05,129854,0
2025-03-06,126880,0
2025-03-07,129991,0
2025-03-08,119641,0
2025-03-09,114224,0
2025-03-10,123219,0
2025-03-11,121180,0
2025-03-12,122667,0
2025-03-13,124345,0
2025-03-14,123000,0
2025-03-15,116401,0
2025-03-16,113147,0
2025-03-17,123262,0
2025-03-18,123481,0
2025-03-19,120561,0
2025-03-20,123221,0
2025-03-21,122404,0
2025-03-22,112022,0
2025-03-23,114056,0
2025-03-24,127893,0
2025-03-25,121515,0
2025-03-26,123497,0
2025-03-27,124724,0
2025-03-28,121114,0
2025-03-29,111190,0
2025-03-30,111937,0
2025-03-31,121348,0
2025-04-01,120568,0
2025-04-02,124319,0
2025-04-03,124965,0
2025-04-04,120836,0
2025-04-05,112385,0
2025-04-06,111365,0
2025-04-07,126114,0
2025-04-08,124593,0
2025-04-09,126538,0
2025-04-10,125031,0
2025-04-11,125921,0
2025-04-12,121060,0
2025-04-13,113135,0
2025-04-14,119372,0
2025-04-15,118493,0
2025-04-16,120731,0
2025-04-17,117844,0
2025-04-18,112731,0
2025-04-19,110705,0
2025-04-20,105506,0
2025-04-21,115936,0
2025-04-22,119855,0
2025-04-23,118275,0
2025-04-24,120123,0
2025-04-25,121004,0
2025-04-26,114466,0
2025-04-27,104430,0
2025-04-28,116337,0
2025-04-29,119517,0
2025-04-30,122936,0
2025-05-01,117885,0
2025-05-02,126382,0
2025-05-03,124931,0
2025-05-04,119015,0
2025-05-05,126087,0
2025-05-06,123091,0
2025-05-07,122733,0
2025-05-08,127167,0
2025-05-09,122058,0
2025-05-10,108490,0
2025-05-11,110675,0
2025-05-12,122303,0
2025-05-13,126915,0
2025-05-14,124548,0
2025-05-15,126488,0
2025-05-16,128714,0
2025-05-17,124344,0
2025-05-18,115976,0
2025-05-19,121522,0
2025-05-20,117473,0
2025-05-21,118992,0
2025-05-22,118919,0
2025-05-23,116114,0
2025-05-24,104717,0
2025-05-25,102086,0
2025-05-26,106014,0
2025-05-27,121983,0
2025-05-28,120406,0
2025-05-29,120828,0
2025-05-30,125112,0
2025-05-31,111781,0
2025-06-01,105414,0
2025-06-02,118081,0
2025-06-03,124438,0
2025-06-04,135370,0
2025-06-05,155171,0
2025-06-06,163674,0
2025-06-07,146003,0
2025-06-08,129797,0
2025-06-09,132373,0
2025-06-10,135361,0
2025-06-11,145591,0
2025-06-12,162527,0
2025-06-13,150301,0
2025-06-14,123122,0
2025-06-15,112305,0
2025-06-16,125975,0
2025-06-17,129939,0
2025-06-18,145154,0
2025-06-19,164136,0
2025-06-20,155298,0
2025-06-21,154490,0
2025-06-22,166019,0
2025-06-23,212749,0
2025-06-24,225312,0
2025-06-25,229325,0
2025-06-26,182257,0
2025-06-27,141689,0
2025-06-28,142830,0
2025-06-29,170642,0
2025-06-30,189393,0
2025-07-01,192891,0
2025-07-02,179985,0
2025-07-03,176397,0
2025-07-04,145526,0
2025-07-05,148963,0
2025-07-06,161911,0
2025-07-07,194399,0
2025-07-08,205336,0
2025-07-09,200050,0
2025-07-10,184139,0
2025-07-11,181568,0
2025-07-12,168248,0
2025-07-13,164300,0
2025-07-14,190918,0
2025-07-15,190418,0
2025-07-16,203650,0
2025-07-17,205418,0
2025-07-18,179961,0
2025-07-19,160063,0
2025-07-20,175740,0
2025-07-21,182756,0
2025-07-22,161494,0
2025-07-23,164089,0
2025-07-24,173495,0
2025-07-25,194196,0
2025-07-26,167192,0
2025-07-27,164969,0
2025-07-28,201676,0
2025-07-29,216156,0
2025-07-30,216358,0
2025-07-31,198487,0
2025-08-01,150535,0
2025-08-02,136495,0
2025-08-03,138291,0
2025-08-04,164044,0
2025-08-05,169645,0
2025-08-06,160350,0
2025-08-07,152453,0
2025-08-08,146456,0
2025-08-09,138039,0
2025-08-10,146811,0
2025-08-11,172005,0
2025-08-12,181709,0
2025-08-13,190689,0
2025-08-14,188160,0
2025-08-15,181932,0
2025-08-16,165908,0
2025-08-17,170673,0
2025-08-18,155420,0
2025-08-19,141967,0
2025-08-20,138578,0
2025-08-21,128147,0
2025-08-22,132676,0
2025-08-23,130088,0
2025-08-24,136364,0
2025-08-25,158402,0
2025-08-26,144938,0
2025-08-27,135947,0
2025-08-28,135014,0
2025-08-29,136709,0
2025-08-30,118579,0
2025-08-31,119654,0
2025-09-01,127022,0
2025-09-02,140528,0
2025-09-03,141588,0
2025-09-04,146378,0
2025-09-05,157341,0
2025-09-06,153368,0
2025-09-07,126852,0
2025-09-08,130075,0
2025-09-09,130618,0
2025-09-10,131314,0
2025-09-11,136355,0
2025-09-12,138086,0
2025-09-13,130353,0
2025-09-14,134186,0
2025-09-15,149227,0
2025-09-16,139506,0
2025-09-17,134686,0
2025-09-18,146153,0
2025-09-19,151519,0
2025-09-20,124720,0
2025-09-21,116851,0
2025-09-22,128815,0
2025-09-23,144190,0
2025-09-24,153504,0
2025-09-25,158607,0
2025-09-26,154328,0
2025-09-27,138024,0
2025-09-28,140349,0
2025-09-29,147648,0
2025-09-30,144072,0
2025-10-01,127931,0
2025-10-02,120144,0
2025-10-03,122506,0
2025-10-04,120669,0
2025-10-05,129731,0
2025-10-06,143928,0
2025-10-07,145460,0
2025-10-08,136271,0
2025-10-09,117721,0
2025-10-10,116258,0
2025-10-11,110784,0
2025-10-12,109520,0
2025-10-13,118767,0
2025-10-14,119948,0
2025-10-15,120028,0
2025-10-16,117697,0
2025-10-17,118059,0
2025-10-18,109150,0
2025-10-19,110897,0
2025-10-20,121000,0
2025-10-21,119524,0
2025-10-22,119955,0
2025-10-23,118878,0
2025-10-24,118856,0
2025-10-25,110742,0
2025-10-26,108844,0
2025-10-27,120473,0
2025-10-28,123099,0
2025-10-29,122639,0
2025-10-30,125028,0
2025-10-31,120401,0
2025-11-01,111251,0
2025-11-02,113431,0
2025-11-03,121026,0
2025-11-04,119954,0
2025-11-05,120814,0
2025-11-06,122511,1
2025-11-07,123738,1
2025-11-08,110957,1
2025-11-09,116922,1
2025-11-10,129424,1
2025-11-11,135733,1
2025-11-12,134255,1
2025-11-13,129273,1
2025-11-14,127365,1
2025-11-15,120929,1
2025-11-16,119138,1
2025-11-17,133392,1
2025-11-18,130334,1
2025-11-19,129408,1
2025-11-20,127938,1
2025-11-21,128613,1
2025-11-22,118120,1
2025-11-23,122330,1
2025-11-24,123527,1
2025-11-25,126502,1
2025-11-26,121644,1
2025-11-27,116754,1
2025-11-28,125040,1
2025-11-29,122564,1
2025-11-30,126267,1
2025-12-01,131393,1
2025-12-02,140294,1
2025-12-03,136730,1
2025-12-04,140599,1
2025-12-05,146177,1
2025-12-06,132959,1
2025-12-07,129275,1
2025-12-08,142772,1
2025-12-09,149136,1
2025-12-10,142042,1
2025-12-11,143177,0
2025-12-12,147153,0
2025-12-13,135805,0
2025-12-14,140259,0
2025-12-15,157271,0
2025-12-16,152679,0
2025-12-17,145427,0
2025-12-18,136894,0
2025-12-19,133820,0
2025-12-20,131087,0
2025-12-21,130807,1
2025-12-22,139324,1
2025-12-23,139751,1
2025-12-24,129609,1
2025-12-25,125501,1
2025-12-26,144675,1
2025-12-27,141672,1
2025-12-28,139276,1
2025-12-29,137425,1
2025-12-30,145980,1
2025-12-31,143554,1
2026-01-01,137185,0
2026-01-02,149586,0
2026-01-03,142054,0
2026-01-04,137177,0
2026-01-05,147156,0
2026-01-06,140715,0
2026-01-07,135476,0
2026-01-08,131479,0
2026-01-09,131611,0
2026-01-10,124407,0
2026-01-11,123791,0
2026-01-12,139994,0
2026-01-13,136382,0
2026-01-14,132625,0
2026-01-15,136070,0
2026-01-16,147770,0
2026-01-17,135687,0
2026-01-18,135378,0
2026-01-19,144463,0
2026-01-20,159311,0
2026-01-21,157163,0
2026-01-22,141357,0
2026-01-23,147793,0
2026-01-24,157379,0
2026-01-25,158518,0
2026-01-26,158536,0
2026-01-27,164913,0
2026-01-28,165792,0
2026-01-29,167750,0
2026-01-30,171429,0
2026-01-31,161344,0
2026-02-01,161808,0
2026-02-02,163670,0
2026-02-03,157397,0
2026-02-04,153467,0
2026-02-05,154649,0
2026-02-06,153241,0
2026-02-07,158768,0
2026-02-08,168789,0
2026-02-09,123602,1
2026-02-10,157201,0
2026-02-11,148262,0
2026-02-12,148729,0
2026-02-13,148302,0
2026-02-14,133251,0
2026-02-15,130033,0
2026-02-16,138805,0
2026-02-17,139588,0
2026-02-18,139028,0
2026-02-19,137720,0
2026-02-20,141220,0
2026-02-21,127162,0
2026-02-22,134586,0
2026-02-23,141934,0
2026-02-24,148110,0
2026-02-25,144703,0
2026-02-26,138346,0
2026-02-27,137460,0
2026-02-28,124937,0
2026-03-01,126845,0
2026-03-02,145422,0
2026-03-03,146002,0
2026-03-04,136581,0
2026-03-05,136793,0
2026-03-06,137316,0
2026-03-07,125526,0
2026-03-08,112106,0
2026-03-09,122073,0
2026-03-10,122828,0
2026-03-11,122202,0
2026-03-12,127919,0
2026-03-13,131991,0
2026-03-14,119391,0
2026-03-15,121555,0
2026-03-16,129247,0
2026-03-17,131201,0
2026-03-18,138916,0
2026-03-19,137028,0
2026-03-20,127087,0
2026-03-21,113880,0
2026-03-22,113792,0
2026-03-23,129528,0
2026-03-24,129564,0
2026-03-25,127128,0
2026-03-26,123180,0
2026-03-27,120795,0
2026-03-28,117416,0
2026-03-29,115385,0
2026-03-30,122280,0
2026-03-31,123870,0
2026-04-01,126663,0
2026-04-02,121797,0
2026-04-03,118981,0
2026-04-04,110951,0
2026-04-05,110954,0
2026-04-06,119261,0
2026-04-07,120267,0
2026-04-08,125623,0
2026-04-09,123174,0
2026-04-10,119401,0
2026-04-11,108568,0
2026-04-12,108137,0
2026-04-13,122943,0
2026-04-14,133683,0
2026-04-15,146994,0
2026-04-16,153386,0
2026-04-17,145543,0
2026-04-18,115755,0
2026-04-19,119796,1
2026-04-20,120361,0
2026-04-21,121892,0
2026-04-22,123398,0
2026-04-23,121580,0
2026-04-24,117790,0
2026-04-25,113575,0
2026-04-26,109962,0
2026-04-27,118154,0
2026-04-28,118536,0
2026-04-29,117697,0
2026-04-30,119845,0
2026-05-01,116009,0
2026-05-02,108112,0
2026-05-03,105987,0
2026-05-04,117329,0
2026-05-05,123395,0
2026-05-06,124997,0
2026-05-07,117300,0
2026-05-08,115723,0
2026-05-09,109302,0
2026-05-10,107724,0
2026-05-11,116863,0
2026-05-12,111986,1
2026-05-13,118261,0
2026-05-14,117634,0
2026-05-15,115623,0
2026-05-16,111517,0
2026-05-17,126112,0
2026-05-18,152363,1
2026-05-19,177062,0
2026-05-20,185679,0
2026-05-21,137938,0
2026-05-22,119653,0
2026-05-23,108661,0
2026-05-24,107077,0
2026-05-25,112337,0
2026-05-26,129515,0
2026-05-27,141882,0
2026-05-28,137328,0
2026-05-29,128653,0
2026-05-30,110629,0
2026-05-31,109630,0
2026-06-01,123979,0
2026-06-02,124713,0
2026-06-03,135352,0
2026-06-04,143970,0
2026-06-05,156789,0
2026-06-06,157200,0
2026-06-07,148783,0
2026-06-08,143172,0
2026-06-09,140591,0
2026-06-10,159098,0
2026-06-11,192922,0
2026-06-12,196568,0
2026-06-13,168074,0
2026-06-14,165353,0
2026-06-15,157180,0
2026-06-16,140105,0
2026-06-17,146486,0
2026-06-18,162283,0
2026-06-19,150465,0
2026-06-20,136454,0
2026-06-21,139199,0
2026-06-22,154211,0
2026-06-23,150402,0
2026-06-24,148706,0
2026-06-25,154773,0
2026-06-26,160036,0
2026-06-27,148136,0
2026-06-28,147783,0
2026-06-29,171418,0
2026-06-30,181370,0
2026-07-01,196441,0
2026-07-02,222168,0
2026-07-03,213418,0
2026-07-04,193459,0
2026-07-05,175753,0
2026-07-06,162008,0
2026-07-07,144005,0
2026-07-08,156301,0
2026-07-09,170286,0
2026-07-10,178647,0
2026-07-11,158537,0
2026-07-12,149581,0
2026-07-13,169250,0
2026-07-14,184744,0
2026-07-15,204187,0
2026-07-16,186030,0
2026-07-17,175437,0
2026-07-18,159743,0
2026-07-19,149697,0
2026-07-20,155155,0
2026-07-21,171529,0
2026-07-22,176114,0
