DATE,PRCP,SNOW,SNWD,TMIN,TMAX,date
2019-01-01,0.06,0.0,0.0,39.0,58.0,2019-01-01
2019-01-02,0.0,0.0,0.0,35.0,40.0,2019-01-02
2019-01-03,0.0,0.0,0.0,37.0,44.0,2019-01-03
2019-01-04,0.0,0.0,0.0,35.0,47.0,2019-01-04
2019-01-05,0.5,0.0,0.0,41.0,47.0,2019-01-05
2019-01-06,0.0,0.0,0.0,31.0,49.0,2019-01-06
2019-01-07,0.0,0.0,0.0,25.0,34.0,2019-01-07
2019-01-08,0.17,0.0,0.0,34.0,45.0,2019-01-08
2019-01-09,0.06,0.0,0.0,34.0,45.0,2019-01-09
2019-01-10,0.0,0.0,0.0,28.0,34.0,2019-01-10
2019-01-11,0.0,0.0,0.0,21.0,30.0,2019-01-11
2019-01-12,0.0,0.0,0.0,20.0,34.0,2019-01-12
2019-01-13,0.0,0.0,0.0,25.0,33.0,2019-01-13
2019-01-14,0.0,0.0,0.0,22.0,32.0,2019-01-14
2019-01-15,0.0,0.0,0.0,25.0,36.0,2019-01-15
2019-01-16,0.0,0.0,0.0,30.0,39.0,2019-01-16
2019-01-17,0.0,0.0,0.0,24.0,33.0,2019-01-17
2019-01-18,0.05,0.5,1.2,29.0,39.0,2019-01-18
2019-01-19,0.29,0.2,0.0,32.0,37.0,2019-01-19
2019-01-20,0.88,0.0,0.0,14.0,42.0,2019-01-20
2019-01-21,0.0,0.0,0.0,4.0,14.0,2019-01-21
2019-01-22,0.0,0.0,0.0,13.0,31.0,2019-01-22
2019-01-23,0.0,0.0,0.0,31.0,52.0,2019-01-23
2019-01-24,1.33,0.0,0.0,35.0,59.0,2019-01-24
2019-01-25,0.0,0.0,0.0,28.0,40.0,2019-01-25
2019-01-26,0.0,0.0,0.0,24.0,35.0,2019-01-26
2019-01-27,0.0,0.0,0.0,32.0,49.0,2019-01-27
2019-01-28,0.0,0.0,0.0,25.0,38.0,2019-01-28
2019-01-29,0.23,0.0,0.0,25.0,43.0,2019-01-29
2019-01-30,0.01,0.4,0.0,6.0,35.0,2019-01-30
2019-01-31,0.0,0.0,0.0,2.0,16.0,2019-01-31
2019-02-01,0.0,0.0,0.0,11.0,21.0,2019-02-01
2019-02-02,0.0,0.0,0.0,16.0,34.0,2019-02-02
2019-02-03,0.0,0.0,0.0,33.0,53.0,2019-02-03
2019-02-04,0.0,0.0,0.0,41.0,61.0,2019-02-04
2019-02-05,0.0,0.0,0.0,44.0,65.0,2019-02-05
2019-02-06,0.45,0.0,0.0,35.0,46.0,2019-02-06
2019-02-07,0.07,0.0,0.0,39.0,44.0,2019-02-07
2019-02-08,0.37,0.0,0.0,32.0,55.0,2019-02-08
2019-02-09,0.0,0.0,0.0,23.0,32.0,2019-02-09
2019-02-10,0.0,0.0,0.0,23.0,35.0,2019-02-10
2019-02-11,0.0,0.0,0.0,30.0,38.0,2019-02-11
2019-02-12,0.75,1.2,0.0,26.0,36.0,2019-02-12
2019-02-13,0.08,0.0,1.2,33.0,41.0,2019-02-13
2019-02-14,0.0,0.0,0.0,33.0,46.0,2019-02-14
2019-02-15,0.0,0.0,0.0,42.0,59.0,2019-02-15
2019-02-16,0.0,0.0,0.0,32.0,47.0,2019-02-16
2019-02-17,0.04,0.0,0.0,26.0,38.0,2019-02-17
2019-02-18,0.09,0.0,0.0,26.0,42.0,2019-02-18
2019-02-19,0.0,0.0,0.0,23.0,36.0,2019-02-19
2019-02-20,0.57,1.3,0.0,26.0,33.0,2019-02-20
2019-02-21,0.1,0.0,1.2,33.0,52.0,2019-02-21
2019-02-22,0.0,0.0,0.0,36.0,44.0,2019-02-22
2019-02-23,0.01,0.0,0.0,32.0,42.0,2019-02-23
2019-02-24,0.58,0.0,0.0,36.0,47.0,2019-02-24
2019-02-25,0.0,0.0,0.0,28.0,43.0,2019-02-25
2019-02-26,0.0,0.0,0.0,25.0,36.0,2019-02-26
2019-02-27,0.0,0.0,0.0,23.0,31.0,2019-02-27
2019-02-28,0.03,0.1,0.0,27.0,37.0,2019-02-28
2019-03-01,0.11,1.4,1.2,26.0,35.0,2019-03-01
2019-03-02,0.53,4.0,3.9,31.0,41.0,2019-03-02
2019-03-03,0.52,3.0,1.2,33.0,42.0,2019-03-03
2019-03-04,0.29,2.0,3.9,28.0,38.0,2019-03-04
2019-03-05,0.0,0.0,2.0,20.0,32.0,2019-03-05
2019-03-06,0.0,0.0,1.2,19.0,26.0,2019-03-06
2019-03-07,0.0,0.0,1.2,18.0,32.0,2019-03-07
2019-03-08,0.0,0.0,0.0,24.0,39.0,2019-03-08
2019-03-09,0.0,0.0,0.0,34.0,49.0,2019-03-09
2019-03-10,0.54,0.0,0.0,35.0,43.0,2019-03-10
2019-03-11,0.0,0.0,0.0,39.0,53.0,2019-03-11
2019-03-12,0.0,0.0,0.0,34.0,44.0,2019-03-12
2019-03-13,0.0,0.0,0.0,32.0,49.0,2019-03-13
2019-03-14,0.0,0.0,0.0,42.0,57.0,2019-03-14
2019-03-15,0.39,0.0,0.0,49.0,75.0,2019-03-15
2019-03-16,0.0,0.0,0.0,37.0,58.0,2019-03-16
2019-03-17,0.0,0.0,0.0,34.0,45.0,2019-03-17
2019-03-18,0.0,0.0,0.0,32.0,46.0,2019-03-18
2019-03-19,0.0,0.0,0.0,35.0,51.0,2019-03-19
2019-03-20,0.0,0.0,0.0,37.0,53.0,2019-03-20
2019-03-21,0.75,0.0,0.0,41.0,46.0,2019-03-21
2019-03-22,0.68,0.0,0.0,38.0,49.0,2019-03-22
2019-03-23,0.0,0.0,0.0,35.0,48.0,2019-03-23
2019-03-24,0.0,0.0,0.0,38.0,60.0,2019-03-24
2019-03-25,0.0,0.0,0.0,42.0,56.0,2019-03-25
2019-03-26,0.0,0.0,0.0,33.0,49.0,2019-03-26
2019-03-27,0.0,0.0,0.0,34.0,47.0,2019-03-27
2019-03-28,0.0,0.0,0.0,37.0,53.0,2019-03-28
2019-03-29,0.0,0.0,0.0,49.0,59.0,2019-03-29
2019-03-30,0.0,0.0,0.0,52.0,70.0,2019-03-30
2019-03-31,0.06,0.0,0.0,39.0,65.0,2019-03-31
2019-04-01,0.0,0.0,0.0,33.0,46.0,2019-04-01
2019-04-02,0.0,0.0,0.0,39.0,52.0,2019-04-02
2019-04-03,0.0,0.0,0.0,41.0,67.0,2019-04-03
2019-04-04,0.0,0.0,0.0,44.0,60.0,2019-04-04
2019-04-05,0.2,0.0,0.0,38.0,45.0,2019-04-05
2019-04-06,0.0,0.0,0.0,39.0,68.0,2019-04-06
2019-04-07,0.0,0.0,0.0,51.0,66.0,2019-04-07
2019-04-08,0.26,0.0,0.0,49.0,79.0,2019-04-08
2019-04-09,0.03,0.0,0.0,46.0,51.0,2019-04-09
2019-04-10,0.0,0.0,0.0,45.0,60.0,2019-04-10
2019-04-11,0.0,0.0,0.0,40.0,55.0,2019-04-11
2019-04-12,0.63,0.0,0.0,46.0,68.0,2019-04-12
2019-04-13,0.24,0.0,0.0,59.0,77.0,2019-04-13
2019-04-14,0.01,0.0,0.0,60.0,73.0,2019-04-14
2019-04-15,0.96,0.0,0.0,46.0,65.0,2019-04-15
2019-04-16,0.0,0.0,0.0,44.0,66.0,2019-04-16
2019-04-17,0.01,0.0,0.0,48.0,63.0,2019-04-17
2019-04-18,0.0,0.0,0.0,51.0,62.0,2019-04-18
2019-04-19,0.01,0.0,0.0,58.0,80.0,2019-04-19
2019-04-20,0.7,0.0,0.0,55.0,64.0,2019-04-20
2019-04-21,0.0,0.0,0.0,53.0,66.0,2019-04-21
2019-04-22,0.24,0.0,0.0,52.0,64.0,2019-04-22
2019-04-23,0.08,0.0,0.0,56.0,77.0,2019-04-23
2019-04-24,0.0,0.0,0.0,55.0,69.0,2019-04-24
2019-04-25,0.02,0.0,0.0,48.0,66.0,2019-04-25
2019-04-26,1.03,0.0,0.0,51.0,59.0,2019-04-26
2019-04-27,0.07,0.0,0.0,47.0,58.0,2019-04-27
2019-04-28,0.01,0.0,0.0,45.0,53.0,2019-04-28
2019-04-29,0.01,0.0,0.0,41.0,60.0,2019-04-29
2019-04-30,0.04,0.0,0.0,48.0,60.0,2019-04-30
2019-05-01,0.0,0.0,0.0,50.0,56.0,2019-05-01
2019-05-02,0.01,0.0,0.0,50.0,78.0,2019-05-02
2019-05-03,0.06,0.0,0.0,50.0,56.0,2019-05-03
2019-05-04,0.11,0.0,0.0,53.0,71.0,2019-05-04
2019-05-05,1.31,0.0,0.0,51.0,58.0,2019-05-05
2019-05-06,0.0,0.0,0.0,51.0,74.0,2019-05-06
2019-05-07,0.11,0.0,0.0,52.0,70.0,2019-05-07
2019-05-08,0.0,0.0,0.0,55.0,71.0,2019-05-08
2019-05-09,0.0,0.0,0.0,53.0,61.0,2019-05-09
2019-05-10,0.04,0.0,0.0,56.0,73.0,2019-05-10
2019-05-11,0.04,0.0,0.0,56.0,69.0,2019-05-11
2019-05-12,1.32,0.0,0.0,43.0,59.0,2019-05-12
2019-05-13,0.7,0.0,0.0,42.0,48.0,2019-05-13
2019-05-14,0.3,0.0,0.0,44.0,52.0,2019-05-14
2019-05-15,0.01,0.0,0.0,44.0,69.0,2019-05-15
2019-05-16,0.12,0.0,0.0,52.0,73.0,2019-05-16
2019-05-17,0.03,0.0,0.0,60.0,76.0,2019-05-17
2019-05-18,0.0,0.0,0.0,56.0,75.0,2019-05-18
2019-05-19,0.06,0.0,0.0,60.0,76.0,2019-05-19
2019-05-20,0.0,0.0,0.0,66.0,85.0,2019-05-20
2019-05-21,0.0,0.0,0.0,56.0,71.0,2019-05-21
2019-05-22,0.0,0.0,0.0,54.0,74.0,2019-05-22
2019-05-23,0.48,0.0,0.0,55.0,72.0,2019-05-23
2019-05-24,0.0,0.0,0.0,61.0,73.0,2019-05-24
2019-05-25,0.0,0.0,0.0,55.0,71.0,2019-05-25
2019-05-26,0.2,0.0,0.0,59.0,86.0,2019-05-26
2019-05-27,0.0,0.0,0.0,64.0,80.0,2019-05-27
2019-05-28,0.17,0.0,0.0,62.0,71.0,2019-05-28
2019-05-29,0.8,0.0,0.0,56.0,70.0,2019-05-29
2019-05-30,0.95,0.0,0.0,57.0,70.0,2019-05-30
2019-05-31,0.0,0.0,0.0,63.0,80.0,2019-05-31
2019-06-01,0.0,0.0,0.0,63.0,80.0,2019-06-01
2019-06-02,0.86,0.0,0.0,61.0,81.0,2019-06-02
2019-06-03,0.0,0.0,0.0,58.0,70.0,2019-06-03
2019-06-04,0.0,0.0,0.0,54.0,70.0,2019-06-04
2019-06-05,0.0,0.0,0.0,64.0,81.0,2019-06-05
2019-06-06,0.04,0.0,0.0,68.0,83.0,2019-06-06
2019-06-07,0.0,0.0,0.0,66.0,81.0,2019-06-07
2019-06-08,0.0,0.0,0.0,63.0,81.0,2019-06-08
2019-06-09,0.0,0.0,0.0,60.0,78.0,2019-06-09
2019-06-10,0.62,0.0,0.0,60.0,70.0,2019-06-10
2019-06-11,0.45,0.0,0.0,63.0,77.0,2019-06-11
2019-06-12,0.0,0.0,0.0,59.0,74.0,2019-06-12
2019-06-13,0.6,0.0,0.0,55.0,65.0,2019-06-13
2019-06-14,0.0,0.0,0.0,58.0,73.0,2019-06-14
2019-06-15,0.0,0.0,0.0,60.0,81.0,2019-06-15
2019-06-16,0.04,0.0,0.0,65.0,80.0,2019-06-16
2019-06-17,0.0,0.0,0.0,69.0,76.0,2019-06-17
2019-06-18,0.79,0.0,0.0,67.0,73.0,2019-06-18
2019-06-19,0.11,0.0,0.0,66.0,71.0,2019-06-19
2019-06-20,0.42,0.0,0.0,65.0,78.0,2019-06-20
2019-06-21,0.53,0.0,0.0,65.0,77.0,2019-06-21
2019-06-22,0.0,0.0,0.0,61.0,79.0,2019-06-22
2019-06-23,0.0,0.0,0.0,64.0,83.0,2019-06-23
2019-06-24,0.0,0.0,0.0,67.0,84.0,2019-06-24
2019-06-25,0.86,0.0,0.0,72.0,84.0,2019-06-25
2019-06-26,0.0,0.0,0.0,72.0,87.0,2019-06-26
2019-06-27,0.0,0.0,0.0,71.0,89.0,2019-06-27
2019-06-28,0.0,0.0,0.0,73.0,89.0,2019-06-28
2019-06-29,0.08,0.0,0.0,72.0,91.0,2019-06-29
2019-06-30,0.06,0.0,0.0,69.0,83.0,2019-06-30
2019-07-01,0.0,0.0,0.0,65.0,85.0,2019-07-01
2019-07-02,0.02,0.0,0.0,71.0,85.0,2019-07-02
2019-07-03,0.0,0.0,0.0,75.0,87.0,2019-07-03
2019-07-04,0.0,0.0,0.0,74.0,90.0,2019-07-04
2019-07-05,0.0,0.0,0.0,72.0,86.0,2019-07-05
2019-07-06,0.0,0.0,0.0,76.0,90.0,2019-07-06
2019-07-07,0.0,0.0,0.0,72.0,86.0,2019-07-07
2019-07-08,0.04,0.0,0.0,68.0,78.0,2019-07-08
2019-07-09,0.0,0.0,0.0,69.0,87.0,2019-07-09
2019-07-10,0.0,0.0,0.0,74.0,88.0,2019-07-10
2019-07-11,0.79,0.0,0.0,73.0,87.0,2019-07-11
2019-07-12,0.0,0.0,0.0,72.0,87.0,2019-07-12
2019-07-13,0.0,0.0,0.0,70.0,85.0,2019-07-13
2019-07-14,0.0,0.0,0.0,76.0,89.0,2019-07-14
2019-07-15,0.0,0.0,0.0,68.0,85.0,2019-07-15
2019-07-16,0.0,0.0,0.0,72.0,91.0,2019-07-16
2019-07-17,1.82,0.0,0.0,73.0,93.0,2019-07-17
2019-07-18,0.51,0.0,0.0,71.0,79.0,2019-07-18
2019-07-19,0.0,0.0,0.0,71.0,91.0,2019-07-19
2019-07-20,0.0,0.0,0.0,82.0,95.0,2019-07-20
2019-07-21,0.0,0.0,0.0,80.0,95.0,2019-07-21
2019-07-22,1.66,0.0,0.0,72.0,90.0,2019-07-22
2019-07-23,0.53,0.0,0.0,67.0,74.0,2019-07-23
2019-07-24,0.02,0.0,0.0,67.0,83.0,2019-07-24
2019-07-25,0.0,0.0,0.0,70.0,84.0,2019-07-25
2019-07-26,0.0,0.0,0.0,69.0,88.0,2019-07-26
2019-07-27,0.0,0.0,0.0,72.0,85.0,2019-07-27
2019-07-28,0.01,0.0,0.0,71.0,88.0,2019-07-28
2019-07-29,0.0,0.0,0.0,73.0,90.0,2019-07-29
2019-07-30,0.01,0.0,0.0,78.0,92.0,2019-07-30
2019-07-31,0.36,0.0,0.0,70.0,87.0,2019-07-31
2019-08-01,0.0,0.0,0.0,70.0,87.0,2019-08-01
2019-08-02,0.0,0.0,0.0,73.0,84.0,2019-08-02
2019-08-03,0.21,0.0,0.0,68.0,86.0,2019-08-03
2019-08-04,0.0,0.0,0.0,69.0,87.0,2019-08-04
2019-08-05,0.0,0.0,0.0,70.0,82.0,2019-08-05
2019-08-06,0.04,0.0,0.0,71.0,79.0,2019-08-06
2019-08-07,1.18,0.0,0.0,69.0,84.0,2019-08-07
2019-08-08,0.2,0.0,0.0,67.0,84.0,2019-08-08
2019-08-09,0.08,0.0,0.0,68.0,83.0,2019-08-09
2019-08-10,0.0,0.0,0.0,66.0,81.0,2019-08-10
2019-08-11,0.0,0.0,0.0,63.0,80.0,2019-08-11
2019-08-12,0.0,0.0,0.0,68.0,85.0,2019-08-12
2019-08-13,0.07,0.0,0.0,71.0,79.0,2019-08-13
2019-08-14,0.0,0.0,0.0,73.0,84.0,2019-08-14
2019-08-15,0.0,0.0,0.0,70.0,85.0,2019-08-15
2019-08-16,0.0,0.0,0.0,68.0,79.0,2019-08-16
2019-08-17,0.0,0.0,0.0,73.0,87.0,2019-08-17
2019-08-18,0.64,0.0,0.0,70.0,90.0,2019-08-18
2019-08-19,0.0,0.0,0.0,72.0,90.0,2019-08-19
2019-08-20,0.0,0.0,0.0,75.0,88.0,2019-08-20
2019-08-21,0.1,0.0,0.0,74.0,87.0,2019-08-21
2019-08-22,1.01,0.0,0.0,71.0,90.0,2019-08-22
2019-08-23,0.09,0.0,0.0,65.0,74.0,2019-08-23
2019-08-24,0.0,0.0,0.0,64.0,76.0,2019-08-24
2019-08-25,0.0,0.0,0.0,63.0,77.0,2019-08-25
2019-08-26,0.0,0.0,0.0,61.0,74.0,2019-08-26
2019-08-27,0.0,0.0,0.0,62.0,75.0,2019-08-27
2019-08-28,0.08,0.0,0.0,67.0,74.0,2019-08-28
2019-08-29,0.0,0.0,0.0,65.0,81.0,2019-08-29
2019-08-30,0.0,0.0,0.0,67.0,86.0,2019-08-30
2019-08-31,0.0,0.0,0.0,69.0,81.0,2019-08-31
2019-09-01,0.0,0.0,0.0,63.0,78.0,2019-09-01
2019-09-02,0.3,0.0,0.0,69.0,74.0,2019-09-02
2019-09-03,0.0,0.0,0.0,67.0,82.0,2019-09-03
2019-09-04,0.0,0.0,0.0,68.0,87.0,2019-09-04
2019-09-05,0.0,0.0,0.0,65.0,74.0,2019-09-05
2019-09-06,0.32,0.0,0.0,58.0,67.0,2019-09-06
2019-09-07,0.02,0.0,0.0,56.0,75.0,2019-09-07
2019-09-08,0.0,0.0,0.0,63.0,77.0,2019-09-08
2019-09-09,0.0,0.0,0.0,64.0,78.0,2019-09-09
2019-09-10,0.01,0.0,0.0,66.0,76.0,2019-09-10
2019-09-11,0.0,0.0,0.0,69.0,88.0,2019-09-11
2019-09-12,0.17,0.0,0.0,61.0,81.0,2019-09-12
2019-09-13,0.0,0.0,0.0,57.0,72.0,2019-09-13
2019-09-14,0.0,0.0,0.0,61.0,74.0,2019-09-14
2019-09-15,0.0,0.0,0.0,68.0,82.0,2019-09-15
2019-09-16,0.0,0.0,0.0,68.0,77.0,2019-09-16
2019-09-17,0.0,0.0,0.0,62.0,76.0,2019-09-17
2019-09-18,0.0,0.0,0.0,57.0,69.0,2019-09-18
2019-09-19,0.0,0.0,0.0,52.0,70.0,2019-09-19
2019-09-20,0.0,0.0,0.0,56.0,78.0,2019-09-20
2019-09-21,0.0,0.0,0.0,61.0,84.0,2019-09-21
2019-09-22,0.0,0.0,0.0,67.0,86.0,2019-09-22
2019-09-23,0.11,0.0,0.0,70.0,89.0,2019-09-23
2019-09-24,0.0,0.0,0.0,63.0,76.0,2019-09-24
2019-09-25,0.0,0.0,0.0,58.0,79.0,2019-09-25
2019-09-26,0.02,0.0,0.0,63.0,83.0,2019-09-26
2019-09-27,0.0,0.0,0.0,59.0,76.0,2019-09-27
2019-09-28,0.0,0.0,0.0,65.0,82.0,2019-09-28
2019-09-29,0.0,0.0,0.0,65.0,80.0,2019-09-29
2019-09-30,0.0,0.0,0.0,60.0,71.0,2019-09-30
2019-10-01,0.0,0.0,0.0,63.0,81.0,2019-10-01
2019-10-02,0.03,0.0,0.0,63.0,93.0,2019-10-02
2019-10-03,0.34,0.0,0.0,53.0,63.0,2019-10-03
2019-10-04,0.0,0.0,0.0,50.0,66.0,2019-10-04
2019-10-05,0.0,0.0,0.0,45.0,61.0,2019-10-05
2019-10-06,0.01,0.0,0.0,57.0,70.0,2019-10-06
2019-10-07,0.2,0.0,0.0,59.0,79.0,2019-10-07
2019-10-08,0.02,0.0,0.0,57.0,64.0,2019-10-08
2019-10-09,0.54,0.0,0.0,51.0,59.0,2019-10-09
2019-10-10,0.0,0.0,0.0,53.0,71.0,2019-10-10
2019-10-11,0.0,0.0,0.0,55.0,64.0,2019-10-11
2019-10-12,0.0,0.0,0.0,55.0,67.0,2019-10-12
2019-10-13,0.0,0.0,0.0,53.0,67.0,2019-10-13
2019-10-14,0.0,0.0,0.0,58.0,72.0,2019-10-14
2019-10-15,0.0,0.0,0.0,51.0,64.0,2019-10-15
2019-10-16,1.83,0.0,0.0,52.0,66.0,2019-10-16
2019-10-17,0.0,0.0,0.0,51.0,57.0,2019-10-17
2019-10-18,0.0,0.0,0.0,47.0,58.0,2019-10-18
2019-10-19,0.0,0.0,0.0,43.0,60.0,2019-10-19
2019-10-20,0.54,0.0,0.0,49.0,59.0,2019-10-20
2019-10-21,0.0,0.0,0.0,51.0,67.0,2019-10-21
2019-10-22,0.57,0.0,0.0,55.0,63.0,2019-10-22
2019-10-23,0.01,0.0,0.0,54.0,65.0,2019-10-23
2019-10-24,0.0,0.0,0.0,50.0,67.0,2019-10-24
2019-10-25,0.0,0.0,0.0,52.0,65.0,2019-10-25
2019-10-26,0.01,0.0,0.0,52.0,63.0,2019-10-26
2019-10-27,1.38,0.0,0.0,55.0,67.0,2019-10-27
2019-10-28,0.0,0.0,0.0,55.0,63.0,2019-10-28
2019-10-29,0.07,0.0,0.0,54.0,59.0,2019-10-29
2019-10-30,0.06,0.0,0.0,58.0,63.0,2019-10-30
2019-10-31,0.54,0.0,0.0,60.0,71.0,2019-10-31
2019-11-01,0.11,0.0,0.0,42.0,71.0,2019-11-01
2019-11-02,0.0,0.0,0.0,40.0,53.0,2019-11-02
2019-11-03,0.0,0.0,0.0,42.0,54.0,2019-11-03
2019-11-04,0.0,0.0,0.0,41.0,56.0,2019-11-04
2019-11-05,0.0,0.0,0.0,51.0,61.0,2019-11-05
2019-11-06,0.0,0.0,0.0,45.0,54.0,2019-11-06
2019-11-07,0.1,0.0,0.0,41.0,57.0,2019-11-07
2019-11-08,0.0,0.0,0.0,29.0,41.0,2019-11-08
2019-11-09,0.0,0.0,0.0,27.0,41.0,2019-11-09
2019-11-10,0.0,0.0,0.0,38.0,51.0,2019-11-10
2019-11-11,0.0,0.0,0.0,46.0,62.0,2019-11-11
2019-11-12,0.04,0.0,0.0,25.0,57.0,2019-11-12
2019-11-13,0.0,0.0,0.0,23.0,34.0,2019-11-13
2019-11-14,0.0,0.0,0.0,28.0,45.0,2019-11-14
2019-11-15,0.0,0.0,0.0,37.0,51.0,2019-11-15
2019-11-16,0.0,0.0,0.0,31.0,42.0,2019-11-16
2019-11-17,0.0,0.0,0.0,30.0,43.0,2019-11-17
2019-11-18,0.48,0.0,0.0,37.0,42.0,2019-11-18
2019-11-19,0.18,0.0,0.0,40.0,48.0,2019-11-19
2019-11-20,0.0,0.0,0.0,40.0,49.0,2019-11-20
2019-11-21,0.0,0.0,0.0,39.0,53.0,2019-11-21
2019-11-22,0.07,0.0,0.0,38.0,53.0,2019-11-22
2019-11-23,0.03,0.0,0.0,34.0,45.0,2019-11-23
2019-11-24,0.9,0.0,0.0,40.0,46.0,2019-11-24
2019-11-25,0.0,0.0,0.0,39.0,53.0,2019-11-25
2019-11-26,0.0,0.0,0.0,44.0,61.0,2019-11-26
2019-11-27,0.04,0.0,0.0,49.0,59.0,2019-11-27
2019-11-28,0.0,0.0,0.0,37.0,53.0,2019-11-28
2019-11-29,0.0,0.0,0.0,30.0,40.0,2019-11-29
2019-11-30,0.0,0.0,0.0,31.0,43.0,2019-11-30
2019-12-01,0.62,0.0,0.0,30.0,39.0,2019-12-01
2019-12-02,0.48,1.3,0.0,31.0,37.0,2019-12-02
2019-12-03,0.02,0.3,1.2,30.0,36.0,2019-12-03
2019-12-04,0.0,0.0,0.0,32.0,39.0,2019-12-04
2019-12-05,0.0,0.0,0.0,36.0,42.0,2019-12-05
2019-12-06,0.0,0.0,0.0,34.0,50.0,2019-12-06
2019-12-07,0.0,0.0,0.0,30.0,38.0,2019-12-07
2019-12-08,0.0,0.0,0.0,28.0,46.0,2019-12-08
2019-12-09,1.57,0.0,0.0,42.0,55.0,2019-12-09
2019-12-10,0.13,0.0,0.0,39.0,58.0,2019-12-10
2019-12-11,0.26,0.2,0.0,31.0,40.0,2019-12-11
2019-12-12,0.0,0.0,0.0,26.0,36.0,2019-12-12
2019-12-13,0.81,0.0,0.0,33.0,48.0,2019-12-13
2019-12-14,1.16,0.0,0.0,45.0,56.0,2019-12-14
2019-12-15,0.0,0.0,0.0,37.0,49.0,2019-12-15
2019-12-16,0.1,0.0,0.0,33.0,37.0,2019-12-16
2019-12-17,0.9,0.0,0.0,32.0,35.0,2019-12-17
2019-12-18,0.03,0.7,0.0,21.0,36.0,2019-12-18
2019-12-19,0.0,0.0,0.0,16.0,25.0,2019-12-19
2019-12-20,0.0,0.0,0.0,22.0,33.0,2019-12-20
2019-12-21,0.0,0.0,0.0,23.0,35.0,2019-12-21
2019-12-22,0.0,0.0,0.0,30.0,46.0,2019-12-22
2019-12-23,0.0,0.0,0.0,41.0,57.0,2019-12-23
2019-12-24,0.0,0.0,0.0,36.0,47.0,2019-12-24
2019-12-25,0.0,0.0,0.0,32.0,47.0,2019-12-25
2019-12-26,0.0,0.0,0.0,36.0,46.0,2019-12-26
2019-12-27,0.0,0.0,0.0,46.0,54.0,2019-12-27
2019-12-28,0.0,0.0,0.0,43.0,51.0,2019-12-28
2019-12-29,0.25,0.0,0.0,39.0,44.0,2019-12-29
2019-12-30,0.74,0.0,0.0,37.0,41.0,2019-12-30
2019-12-31,0.02,0.0,0.0,36.0,45.0,2019-12-31
2020-01-01,0.0,0.0,0.0,34.0,41.0,2020-01-01
2020-01-02,0.0,0.0,0.0,33.0,49.0,2020-01-02
2020-01-03,0.15,0.0,0.0,44.0,49.0,2020-01-03
2020-01-04,0.27,0.0,0.0,41.0,51.0,2020-01-04
2020-01-05,0.0,0.0,0.0,35.0,42.0,2020-01-05
2020-01-06,0.04,0.2,0.0,32.0,45.0,2020-01-06
2020-01-07,0.0,0.0,0.0,36.0,45.0,2020-01-07
2020-01-08,0.0,0.0,0.0,28.0,42.0,2020-01-08
2020-01-09,0.0,0.0,0.0,23.0,34.0,2020-01-09
2020-01-10,0.0,0.0,0.0,33.0,55.0,2020-01-10
2020-01-11,0.0,0.0,0.0,51.0,69.0,2020-01-11
2020-01-12,0.05,0.0,0.0,43.0,68.0,2020-01-12
2020-01-13,0.0,0.0,0.0,37.0,46.0,2020-01-13
2020-01-14,0.07,0.0,0.0,39.0,46.0,2020-01-14
2020-01-15,0.0,0.0,0.0,41.0,50.0,2020-01-15
2020-01-16,0.11,0.0,0.0,33.0,49.0,2020-01-16
2020-01-17,0.0,0.0,0.0,21.0,33.0,2020-01-17
2020-01-18,0.37,2.1,0.0,20.0,37.0,2020-01-18
2020-01-19,0.0,0.0,1.2,27.0,43.0,2020-01-19
2020-01-20,0.0,0.0,0.0,20.0,31.0,2020-01-20
2020-01-21,0.0,0.0,0.0,20.0,33.0,2020-01-21
2020-01-22,0.0,0.0,0.0,25.0,38.0,2020-01-22
2020-01-23,0.0,0.0,0.0,33.0,47.0,2020-01-23
2020-01-24,0.0,0.0,0.0,37.0,51.0,2020-01-24
2020-01-25,0.85,0.0,0.0,38.0,51.0,2020-01-25
2020-01-26,0.0,0.0,0.0,38.0,46.0,2020-01-26
2020-01-27,0.0,0.0,0.0,37.0,45.0,2020-01-27
2020-01-28,0.0,0.0,0.0,37.0,43.0,2020-01-28
2020-01-29,0.0,0.0,0.0,31.0,41.0,2020-01-29
2020-01-30,0.0,0.0,0.0,25.0,38.0,2020-01-30
2020-01-31,0.02,0.0,0.0,33.0,44.0,2020-01-31
2020-02-01,0.0,0.0,0.0,37.0,43.0,2020-02-01
2020-02-02,0.07,0.0,0.0,35.0,45.0,2020-02-02
2020-02-03,0.0,0.0,0.0,37.0,57.0,2020-02-03
2020-02-04,0.0,0.0,0.0,43.0,61.0,2020-02-04
2020-02-05,0.0,0.0,0.0,39.0,55.0,2020-02-05
2020-02-06,0.51,0.0,0.0,35.0,41.0,2020-02-06
2020-02-07,0.25,0.0,0.0,33.0,56.0,2020-02-07
2020-02-08,0.0,0.0,0.0,30.0,41.0,2020-02-08
2020-02-09,0.0,0.0,0.0,31.0,44.0,2020-02-09
2020-02-10,0.37,0.0,0.0,42.0,47.0,2020-02-10
2020-02-11,0.28,0.0,0.0,43.0,48.0,2020-02-11
2020-02-12,0.13,0.0,0.0,37.0,46.0,2020-02-12
2020-02-13,0.39,0.0,0.0,37.0,44.0,2020-02-13
2020-02-14,0.0,0.0,0.0,18.0,40.0,2020-02-14
2020-02-15,0.0,0.0,0.0,14.0,31.0,2020-02-15
2020-02-16,0.0,0.0,0.0,30.0,44.0,2020-02-16
2020-02-17,0.0,0.0,0.0,38.0,51.0,2020-02-17
2020-02-18,0.0,0.0,0.0,38.0,47.0,2020-02-18
2020-02-19,0.0,0.0,0.0,32.0,48.0,2020-02-19
2020-02-20,0.0,0.0,0.0,26.0,35.0,2020-02-20
2020-02-21,0.0,0.0,0.0,20.0,35.0,2020-02-21
2020-02-22,0.0,0.0,0.0,30.0,50.0,2020-02-22
2020-02-23,0.0,0.0,0.0,39.0,56.0,2020-02-23
2020-02-24,0.0,0.0,0.0,41.0,62.0,2020-02-24
2020-02-25,0.14,0.0,0.0,46.0,53.0,2020-02-25
2020-02-26,0.0,0.0,0.0,43.0,48.0,2020-02-26
2020-02-27,0.4,0.0,0.0,31.0,43.0,2020-02-27
2020-02-28,0.0,0.0,0.0,29.0,42.0,2020-02-28
2020-02-29,0.0,0.0,0.0,25.0,35.0,2020-02-29
2020-03-01,0.0,0.0,0.0,25.0,44.0,2020-03-01
2020-03-02,0.0,0.0,0.0,40.0,58.0,2020-03-02
2020-03-03,0.26,0.0,0.0,49.0,59.0,2020-03-03
2020-03-04,0.0,0.0,0.0,45.0,56.0,2020-03-04
2020-03-05,0.0,0.0,0.0,39.0,51.0,2020-03-05
2020-03-06,0.37,0.0,0.0,37.0,45.0,2020-03-06
2020-03-07,0.0,0.0,0.0,36.0,48.0,2020-03-07
2020-03-08,0.0,0.0,0.0,35.0,59.0,2020-03-08
2020-03-09,0.0,0.0,0.0,47.0,72.0,2020-03-09
2020-03-10,0.0,0.0,0.0,54.0,65.0,2020-03-10
2020-03-11,0.0,0.0,0.0,43.0,57.0,2020-03-11
2020-03-12,0.03,0.0,0.0,43.0,50.0,2020-03-12
2020-03-13,0.26,0.0,0.0,45.0,70.0,2020-03-13
2020-03-14,0.0,0.0,0.0,43.0,57.0,2020-03-14
2020-03-15,0.0,0.0,0.0,40.0,54.0,2020-03-15
2020-03-16,0.0,0.0,0.0,33.0,45.0,2020-03-16
2020-03-17,0.16,0.0,0.0,41.0,54.0,2020-03-17
2020-03-18,0.0,0.0,0.0,41.0,54.0,2020-03-18
2020-03-19,0.93,0.0,0.0,41.0,52.0,2020-03-19
2020-03-20,0.0,0.0,0.0,47.0,77.0,2020-03-20
2020-03-21,0.0,0.0,0.0,40.0,65.0,2020-03-21
2020-03-22,0.0,0.0,0.0,33.0,45.0,2020-03-22
2020-03-23,1.16,0.0,0.0,36.0,41.0,2020-03-23
2020-03-24,0.0,0.0,0.0,36.0,55.0,2020-03-24
2020-03-25,0.01,0.0,0.0,40.0,45.0,2020-03-25
2020-03-26,0.0,0.0,0.0,38.0,60.0,2020-03-26
2020-03-27,0.0,0.0,0.0,50.0,69.0,2020-03-27
2020-03-28,0.45,0.0,0.0,44.0,54.0,2020-03-28
2020-03-29,0.05,0.0,0.0,44.0,47.0,2020-03-29
2020-03-30,0.04,0.0,0.0,41.0,52.0,2020-03-30
2020-03-31,0.06,0.0,0.0,41.0,49.0,2020-03-31
2020-04-01,0.0,0.0,0.0,38.0,56.0,2020-04-01
2020-04-02,0.0,0.0,0.0,38.0,58.0,2020-04-02
2020-04-03,0.13,0.0,0.0,45.0,52.0,2020-04-03
2020-04-04,0.02,0.0,0.0,46.0,62.0,2020-04-04
2020-04-05,0.0,0.0,0.0,47.0,65.0,2020-04-05
2020-04-06,0.07,0.0,0.0,49.0,66.0,2020-04-06
2020-04-07,0.0,0.0,0.0,52.0,68.0,2020-04-07
2020-04-08,0.2,0.0,0.0,49.0,64.0,2020-04-08
2020-04-09,0.12,0.0,0.0,43.0,59.0,2020-04-09
2020-04-10,0.01,0.0,0.0,37.0,49.0,2020-04-10
2020-04-11,0.0,0.0,0.0,38.0,56.0,2020-04-11
2020-04-12,0.0,0.0,0.0,44.0,63.0,2020-04-12
2020-04-13,1.92,0.0,0.0,53.0,67.0,2020-04-13
2020-04-14,0.0,0.0,0.0,47.0,60.0,2020-04-14
2020-04-15,0.0,0.0,0.0,42.0,54.0,2020-04-15
2020-04-16,0.0,0.0,0.0,38.0,50.0,2020-04-16
2020-04-17,0.07,0.0,0.0,36.0,51.0,2020-04-17
2020-04-18,0.22,0.0,0.0,41.0,46.0,2020-04-18
2020-04-19,0.0,0.0,0.0,40.0,63.0,2020-04-19
2020-04-20,0.0,0.0,0.0,48.0,57.0,2020-04-20
2020-04-21,0.18,0.0,0.0,39.0,61.0,2020-04-21
2020-04-22,0.0,0.0,0.0,36.0,51.0,2020-04-22
2020-04-23,0.13,0.0,0.0,40.0,52.0,2020-04-23
2020-04-24,0.48,0.0,0.0,42.0,49.0,2020-04-24
2020-04-25,0.0,0.0,0.0,44.0,65.0,2020-04-25
2020-04-26,0.22,0.0,0.0,42.0,51.0,2020-04-26
2020-04-27,0.0,0.0,0.0,39.0,50.0,2020-04-27
2020-04-28,0.0,0.0,0.0,41.0,67.0,2020-04-28
2020-04-29,0.01,0.0,0.0,47.0,59.0,2020-04-29
2020-04-30,0.71,0.0,0.0,49.0,60.0,2020-04-30
2020-05-01,0.21,0.0,0.0,53.0,66.0,2020-05-01
2020-05-02,0.0,0.0,0.0,51.0,73.0,2020-05-02
2020-05-03,0.04,0.0,0.0,54.0,80.0,2020-05-03
2020-05-04,0.0,0.0,0.0,50.0,75.0,2020-05-04
2020-05-05,0.0,0.0,0.0,46.0,63.0,2020-05-05
2020-05-06,0.06,0.0,0.0,45.0,52.0,2020-05-06
2020-05-07,0.0,0.0,0.0,46.0,67.0,2020-05-07
2020-05-08,0.45,0.0,0.0,36.0,57.0,2020-05-08
2020-05-09,0.03,0.0,0.0,34.0,48.0,2020-05-09
2020-05-10,0.0,0.0,0.0,39.0,64.0,2020-05-10
2020-05-11,0.05,0.0,0.0,44.0,61.0,2020-05-11
2020-05-12,0.0,0.0,0.0,43.0,59.0,2020-05-12
2020-05-13,0.0,0.0,0.0,41.0,64.0,2020-05-13
2020-05-14,0.0,0.0,0.0,47.0,67.0,2020-05-14
2020-05-15,0.07,0.0,0.0,60.0,84.0,2020-05-15
2020-05-16,0.01,0.0,0.0,59.0,77.0,2020-05-16
2020-05-17,0.0,0.0,0.0,55.0,69.0,2020-05-17
2020-05-18,0.0,0.0,0.0,54.0,70.0,2020-05-18
2020-05-19,0.0,0.0,0.0,53.0,68.0,2020-05-19
2020-05-20,0.0,0.0,0.0,49.0,66.0,2020-05-20
2020-05-21,0.0,0.0,0.0,46.0,68.0,2020-05-21
2020-05-22,0.03,0.0,0.0,54.0,77.0,2020-05-22
2020-05-23,0.65,0.0,0.0,55.0,67.0,2020-05-23
2020-05-24,0.0,0.0,0.0,52.0,67.0,2020-05-24
2020-05-25,0.0,0.0,0.0,55.0,71.0,2020-05-25
2020-05-26,0.0,0.0,0.0,58.0,78.0,2020-05-26
2020-05-27,0.0,0.0,0.0,60.0,79.0,2020-05-27
2020-05-28,0.0,0.0,0.0,64.0,76.0,2020-05-28
2020-05-29,0.03,0.0,0.0,67.0,81.0,2020-05-29
2020-05-30,0.02,0.0,0.0,67.0,81.0,2020-05-30
2020-05-31,0.0,0.0,0.0,56.0,70.0,2020-05-31
2020-06-01,0.0,0.0,0.0,51.0,70.0,2020-06-01
2020-06-02,0.0,0.0,0.0,59.0,72.0,2020-06-02
2020-06-03,0.45,0.0,0.0,60.0,79.0,2020-06-03
2020-06-04,0.16,0.0,0.0,66.0,84.0,2020-06-04
2020-06-05,0.26,0.0,0.0,69.0,79.0,2020-06-05
2020-06-06,0.06,0.0,0.0,70.0,86.0,2020-06-06
2020-06-07,0.0,0.0,0.0,63.0,76.0,2020-06-07
2020-06-08,0.0,0.0,0.0,59.0,79.0,2020-06-08
2020-06-09,0.0,0.0,0.0,65.0,87.0,2020-06-09
2020-06-10,0.0,0.0,0.0,70.0,85.0,2020-06-10
2020-06-11,0.05,0.0,0.0,70.0,84.0,2020-06-11
2020-06-12,0.0,0.0,0.0,69.0,85.0,2020-06-12
2020-06-13,0.0,0.0,0.0,59.0,75.0,2020-06-13
2020-06-14,0.0,0.0,0.0,54.0,74.0,2020-06-14
2020-06-15,0.0,0.0,0.0,59.0,75.0,2020-06-15
2020-06-16,0.0,0.0,0.0,60.0,78.0,2020-06-16
2020-06-17,0.0,0.0,0.0,60.0,78.0,2020-06-17
2020-06-18,0.0,0.0,0.0,65.0,77.0,2020-06-18
2020-06-19,0.0,0.0,0.0,65.0,83.0,2020-06-19
2020-06-20,0.0,0.0,0.0,70.0,86.0,2020-06-20
2020-06-21,0.0,0.0,0.0,70.0,88.0,2020-06-21
2020-06-22,0.0,0.0,0.0,72.0,90.0,2020-06-22
2020-06-23,0.0,0.0,0.0,74.0,87.0,2020-06-23
2020-06-24,0.0,0.0,0.0,74.0,86.0,2020-06-24
2020-06-25,0.0,0.0,0.0,72.0,87.0,2020-06-25
2020-06-26,0.0,0.0,0.0,69.0,87.0,2020-06-26
2020-06-27,0.09,0.0,0.0,72.0,80.0,2020-06-27
2020-06-28,0.11,0.0,0.0,70.0,90.0,2020-06-28
2020-06-29,0.58,0.0,0.0,65.0,87.0,2020-06-29
2020-06-30,0.0,0.0,0.0,67.0,80.0,2020-06-30
2020-07-01,0.03,0.0,0.0,67.0,80.0,2020-07-01
2020-07-02,0.0,0.0,0.0,68.0,92.0,2020-07-02
2020-07-03,0.13,0.0,0.0,71.0,90.0,2020-07-03
2020-07-04,0.0,0.0,0.0,68.0,87.0,2020-07-04
2020-07-05,0.0,0.0,0.0,72.0,92.0,2020-07-05
2020-07-06,0.54,0.0,0.0,70.0,96.0,2020-07-06
2020-07-07,0.0,0.0,0.0,72.0,82.0,2020-07-07
2020-07-08,0.02,0.0,0.0,75.0,83.0,2020-07-08
2020-07-09,0.0,0.0,0.0,75.0,89.0,2020-07-09
2020-07-10,2.54,0.0,0.0,73.0,77.0,2020-07-10
2020-07-11,0.76,0.0,0.0,72.0,83.0,2020-07-11
2020-07-12,0.04,0.0,0.0,71.0,87.0,2020-07-12
2020-07-13,0.02,0.0,0.0,70.0,86.0,2020-07-13
2020-07-14,0.0,0.0,0.0,70.0,85.0,2020-07-14
2020-07-15,0.0,0.0,0.0,70.0,82.0,2020-07-15
2020-07-16,0.0,0.0,0.0,69.0,78.0,2020-07-16
2020-07-17,0.03,0.0,0.0,69.0,84.0,2020-07-17
2020-07-18,0.0,0.0,0.0,72.0,91.0,2020-07-18
2020-07-19,0.0,0.0,0.0,77.0,94.0,2020-07-19
2020-07-20,0.0,0.0,0.0,81.0,93.0,2020-07-20
2020-07-21,0.0,0.0,0.0,77.0,91.0,2020-07-21
2020-07-22,1.42,0.0,0.0,72.0,92.0,2020-07-22
2020-07-23,0.0,0.0,0.0,73.0,86.0,2020-07-23
2020-07-24,0.19,0.0,0.0,72.0,80.0,2020-07-24
2020-07-25,0.0,0.0,0.0,72.0,88.0,2020-07-25
2020-07-26,0.0,0.0,0.0,77.0,92.0,2020-07-26
2020-07-27,0.0,0.0,0.0,76.0,93.0,2020-07-27
2020-07-28,0.0,0.0,0.0,80.0,93.0,2020-07-28
2020-07-29,0.0,0.0,0.0,77.0,90.0,2020-07-29
2020-07-30,0.08,0.0,0.0,74.0,92.0,2020-07-30
2020-07-31,0.78,0.0,0.0,70.0,82.0,2020-07-31
2020-08-01,0.0,0.0,0.0,71.0,88.0,2020-08-01
2020-08-02,0.0,0.0,0.0,77.0,89.0,2020-08-02
2020-08-03,0.54,0.0,0.0,70.0,88.0,2020-08-03
2020-08-04,0.55,0.0,0.0,70.0,79.0,2020-08-04
2020-08-05,0.0,0.0,0.0,73.0,86.0,2020-08-05
2020-08-06,0.0,0.0,0.0,71.0,82.0,2020-08-06
2020-08-07,0.46,0.0,0.0,66.0,81.0,2020-08-07
2020-08-08,0.0,0.0,0.0,68.0,83.0,2020-08-08
2020-08-09,0.0,0.0,0.0,72.0,87.0,2020-08-09
2020-08-10,0.0,0.0,0.0,76.0,92.0,2020-08-10
2020-08-11,0.0,0.0,0.0,78.0,88.0,2020-08-11
2020-08-12,1.76,0.0,0.0,72.0,90.0,2020-08-12
2020-08-13,0.24,0.0,0.0,72.0,79.0,2020-08-13
2020-08-14,0.0,0.0,0.0,73.0,86.0,2020-08-14
2020-08-15,0.0,0.0,0.0,71.0,84.0,2020-08-15
2020-08-16,0.21,0.0,0.0,67.0,72.0,2020-08-16
2020-08-17,0.14,0.0,0.0,64.0,81.0,2020-08-17
2020-08-18,0.2,0.0,0.0,63.0,82.0,2020-08-18
2020-08-19,0.14,0.0,0.0,66.0,75.0,2020-08-19
2020-08-20,0.0,0.0,0.0,62.0,80.0,2020-08-20
2020-08-21,0.0,0.0,0.0,68.0,83.0,2020-08-21
2020-08-22,0.0,0.0,0.0,73.0,88.0,2020-08-22
2020-08-23,0.0,0.0,0.0,74.0,86.0,2020-08-23
2020-08-24,0.0,0.0,0.0,75.0,90.0,2020-08-24
2020-08-25,0.36,0.0,0.0,71.0,89.0,2020-08-25
2020-08-26,0.0,0.0,0.0,67.0,77.0,2020-08-26
2020-08-27,0.42,0.0,0.0,66.0,90.0,2020-08-27
2020-08-28,0.0,0.0,0.0,71.0,85.0,2020-08-28
2020-08-29,0.01,0.0,0.0,72.0,81.0,2020-08-29
2020-08-30,0.0,0.0,0.0,67.0,79.0,2020-08-30
2020-08-31,0.0,0.0,0.0,63.0,77.0,2020-08-31
2020-09-01,0.23,0.0,0.0,66.0,77.0,2020-09-01
2020-09-02,0.14,0.0,0.0,69.0,79.0,2020-09-02
2020-09-03,0.71,0.0,0.0,70.0,85.0,2020-09-03
2020-09-04,0.0,0.0,0.0,69.0,85.0,2020-09-04
2020-09-05,0.0,0.0,0.0,65.0,80.0,2020-09-05
2020-09-06,0.0,0.0,0.0,66.0,82.0,2020-09-06
2020-09-07,0.0,0.0,0.0,66.0,79.0,2020-09-07
2020-09-08,0.0,0.0,0.0,68.0,84.0,2020-09-08
2020-09-09,0.0,0.0,0.0,69.0,81.0,2020-09-09
2020-09-10,1.2,0.0,0.0,73.0,82.0,2020-09-10
2020-09-11,0.0,0.0,0.0,64.0,76.0,2020-09-11
2020-09-12,0.0,0.0,0.0,61.0,74.0,2020-09-12
2020-09-13,0.0,0.0,0.0,61.0,74.0,2020-09-13
2020-09-14,0.0,0.0,0.0,59.0,75.0,2020-09-14
2020-09-15,0.0,0.0,0.0,54.0,66.0,2020-09-15
2020-09-16,0.0,0.0,0.0,56.0,71.0,2020-09-16
2020-09-17,0.0,0.0,0.0,64.0,75.0,2020-09-17
2020-09-18,0.0,0.0,0.0,55.0,70.0,2020-09-18
2020-09-19,0.0,0.0,0.0,50.0,63.0,2020-09-19
2020-09-20,0.0,0.0,0.0,50.0,65.0,2020-09-20
2020-09-21,0.0,0.0,0.0,49.0,65.0,2020-09-21
2020-09-22,0.0,0.0,0.0,48.0,71.0,2020-09-22
2020-09-23,0.0,0.0,0.0,57.0,79.0,2020-09-23
2020-09-24,0.0,0.0,0.0,62.0,75.0,2020-09-24
2020-09-25,0.0,0.0,0.0,62.0,77.0,2020-09-25
2020-09-26,0.0,0.0,0.0,65.0,74.0,2020-09-26
2020-09-27,0.03,0.0,0.0,67.0,79.0,2020-09-27
2020-09-28,0.02,0.0,0.0,69.0,77.0,2020-09-28
2020-09-29,0.47,0.0,0.0,67.0,74.0,2020-09-29
2020-09-30,1.14,0.0,0.0,60.0,71.0,2020-09-30
2020-10-01,0.0,0.0,0.0,60.0,72.0,2020-10-01
2020-10-02,0.04,0.0,0.0,53.0,65.0,2020-10-02
2020-10-03,0.0,0.0,0.0,52.0,66.0,2020-10-03
2020-10-04,0.0,0.0,0.0,51.0,67.0,2020-10-04
2020-10-05,0.0,0.0,0.0,53.0,70.0,2020-10-05
2020-10-06,0.0,0.0,0.0,57.0,69.0,2020-10-06
2020-10-07,0.02,0.0,0.0,60.0,74.0,2020-10-07
2020-10-08,0.0,0.0,0.0,53.0,64.0,2020-10-08
2020-10-09,0.0,0.0,0.0,50.0,69.0,2020-10-09
2020-10-10,0.0,0.0,0.0,58.0,71.0,2020-10-10
2020-10-11,0.0,0.0,0.0,57.0,67.0,2020-10-11
2020-10-12,0.96,0.0,0.0,49.0,57.0,2020-10-12
2020-10-13,0.34,0.0,0.0,53.0,58.0,2020-10-13
2020-10-14,0.0,0.0,0.0,50.0,67.0,2020-10-14
2020-10-15,0.0,0.0,0.0,57.0,71.0,2020-10-15
2020-10-16,1.36,0.0,0.0,47.0,66.0,2020-10-16
2020-10-17,0.01,0.0,0.0,44.0,59.0,2020-10-17
2020-10-18,0.0,0.0,0.0,46.0,62.0,2020-10-18
2020-10-19,0.0,0.0,0.0,51.0,65.0,2020-10-19
2020-10-20,0.0,0.0,0.0,57.0,71.0,2020-10-20
2020-10-21,0.0,0.0,0.0,59.0,68.0,2020-10-21
2020-10-22,0.0,0.0,0.0,64.0,68.0,2020-10-22
2020-10-23,0.0,0.0,0.0,63.0,69.0,2020-10-23
2020-10-24,0.0,0.0,0.0,48.0,69.0,2020-10-24
2020-10-25,0.02,0.0,0.0,45.0,53.0,2020-10-25
2020-10-26,0.02,0.0,0.0,51.0,59.0,2020-10-26
2020-10-27,0.0,0.0,0.0,52.0,59.0,2020-10-27
2020-10-28,0.11,0.0,0.0,52.0,57.0,2020-10-28
2020-10-29,1.53,0.0,0.0,46.0,56.0,2020-10-29
2020-10-30,0.64,0.0,0.0,37.0,47.0,2020-10-30
2020-10-31,0.0,0.0,0.0,32.0,46.0,2020-10-31
2020-11-01,0.4,0.0,0.0,43.0,55.0,2020-11-01
2020-11-02,0.0,0.0,0.0,38.0,44.0,2020-11-02
2020-11-03,0.0,0.0,0.0,40.0,53.0,2020-11-03
2020-11-04,0.0,0.0,0.0,40.0,62.0,2020-11-04
2020-11-05,0.0,0.0,0.0,52.0,67.0,2020-11-05
2020-11-06,0.0,0.0,0.0,56.0,70.0,2020-11-06
2020-11-07,0.0,0.0,0.0,56.0,74.0,2020-11-07
2020-11-08,0.0,0.0,0.0,56.0,75.0,2020-11-08
2020-11-09,0.0,0.0,0.0,54.0,75.0,2020-11-09
2020-11-10,0.0,0.0,0.0,60.0,74.0,2020-11-10
2020-11-11,0.78,0.0,0.0,64.0,72.0,2020-11-11
2020-11-12,0.24,0.0,0.0,46.0,68.0,2020-11-12
2020-11-13,0.19,0.0,0.0,47.0,50.0,2020-11-13
2020-11-14,0.0,0.0,0.0,42.0,52.0,2020-11-14
2020-11-15,0.07,0.0,0.0,41.0,64.0,2020-11-15
2020-11-16,0.0,0.0,0.0,44.0,55.0,2020-11-16
2020-11-17,0.0,0.0,0.0,36.0,50.0,2020-11-17
2020-11-18,0.0,0.0,0.0,30.0,36.0,2020-11-18
2020-11-19,0.0,0.0,0.0,30.0,48.0,2020-11-19
2020-11-20,0.0,0.0,0.0,45.0,63.0,2020-11-20
2020-11-21,0.0,0.0,0.0,49.0,64.0,2020-11-21
2020-11-22,0.0,0.0,0.0,44.0,59.0,2020-11-22
2020-11-23,0.54,0.0,0.0,42.0,60.0,2020-11-23
2020-11-24,0.0,0.0,0.0,41.0,48.0,2020-11-24
2020-11-25,0.0,0.0,0.0,45.0,56.0,2020-11-25
2020-11-26,0.79,0.0,0.0,55.0,65.0,2020-11-26
2020-11-27,0.0,0.0,0.0,51.0,63.0,2020-11-27
2020-11-28,0.0,0.0,0.0,44.0,56.0,2020-11-28
2020-11-29,0.0,0.0,0.0,41.0,54.0,2020-11-29
2020-11-30,0.98,0.0,0.0,50.0,63.0,2020-11-30
2020-12-01,0.0,0.0,0.0,37.0,62.0,2020-12-01
2020-12-02,0.0,0.0,0.0,36.0,43.0,2020-12-02
2020-12-03,0.0,0.0,0.0,35.0,50.0,2020-12-03
2020-12-04,0.11,0.0,0.0,44.0,52.0,2020-12-04
2020-12-05,1.02,0.0,0.0,39.0,47.0,2020-12-05
2020-12-06,0.0,0.0,0.0,33.0,40.0,2020-12-06
2020-12-07,0.0,0.0,0.0,32.0,40.0,2020-12-07
2020-12-08,0.0,0.0,0.0,30.0,36.0,2020-12-08
2020-12-09,0.05,0.0,0.0,31.0,38.0,2020-12-09
2020-12-10,0.0,0.0,0.0,36.0,49.0,2020-12-10
2020-12-11,0.0,0.0,0.0,39.0,57.0,2020-12-11
2020-12-12,0.0,0.0,0.0,46.0,58.0,2020-12-12
2020-12-13,0.0,0.0,0.0,47.0,62.0,2020-12-13
2020-12-14,0.26,0.0,0.0,35.0,47.0,2020-12-14
2020-12-15,0.0,0.0,0.0,30.0,39.0,2020-12-15
2020-12-16,0.86,6.5,0.0,24.0,31.0,2020-12-16
2020-12-17,0.66,4.0,9.1,24.0,33.0,2020-12-17
2020-12-18,0.0,0.0,7.9,24.0,32.0,2020-12-18
2020-12-19,0.0,0.0,7.1,20.0,32.0,2020-12-19
2020-12-20,0.01,0.0,5.9,31.0,40.0,2020-12-20
2020-12-21,0.0,0.0,5.1,37.0,46.0,2020-12-21
2020-12-22,0.0,0.0,3.1,38.0,46.0,2020-12-22
2020-12-23,0.0,0.0,2.0,36.0,45.0,2020-12-23
2020-12-24,0.24,0.0,1.2,43.0,59.0,2020-12-24
2020-12-25,0.92,0.0,0.0,29.0,61.0,2020-12-25
2020-12-26,0.0,0.0,0.0,24.0,32.0,2020-12-26
2020-12-27,0.0,0.0,0.0,24.0,37.0,2020-12-27
2020-12-28,0.0,0.0,0.0,35.0,50.0,2020-12-28
2020-12-29,0.0,0.0,0.0,30.0,43.0,2020-12-29
2020-12-30,0.0,0.0,0.0,28.0,43.0,2020-12-30
2020-12-31,0.48,0.0,0.0,36.0,48.0,2020-12-31
2021-01-01,0.62,0.0,0.0,33.0,40.0,2021-01-01
2021-01-02,0.05,0.0,0.0,36.0,51.0,2021-01-02
2021-01-03,0.22,0.0,0.0,34.0,38.0,2021-01-03
2021-01-04,0.02,0.0,0.0,35.0,43.0,2021-01-04
2021-01-05,0.0,0.0,0.0,36.0,42.0,2021-01-05
2021-01-06,0.0,0.0,0.0,34.0,41.0,2021-01-06
2021-01-07,0.0,0.0,0.0,30.0,41.0,2021-01-07
2021-01-08,0.0,0.0,0.0,27.0,37.0,2021-01-08
2021-01-09,0.0,0.0,0.0,24.0,37.0,2021-01-09
2021-01-10,0.0,0.0,0.0,29.0,41.0,2021-01-10
2021-01-11,0.0,0.0,0.0,28.0,37.0,2021-01-11
2021-01-12,0.0,0.0,0.0,33.0,44.0,2021-01-12
2021-01-13,0.0,0.0,0.0,35.0,43.0,2021-01-13
2021-01-14,0.0,0.0,0.0,39.0,49.0,2021-01-14
2021-01-15,0.38,0.0,0.0,38.0,46.0,2021-01-15
2021-01-16,0.78,0.0,0.0,37.0,47.0,2021-01-16
2021-01-17,0.0,0.0,0.0,35.0,44.0,2021-01-17
2021-01-18,0.0,0.0,0.0,37.0,45.0,2021-01-18
2021-01-19,0.0,0.0,0.0,35.0,43.0,2021-01-19
2021-01-20,0.02,0.0,0.0,27.0,40.0,2021-01-20
2021-01-21,0.0,0.0,0.0,25.0,43.0,2021-01-21
2021-01-22,0.0,0.0,0.0,36.0,45.0,2021-01-22
2021-01-23,0.0,0.0,0.0,24.0,36.0,2021-01-23
2021-01-24,0.0,0.0,0.0,22.0,32.0,2021-01-24
2021-01-25,0.0,0.0,0.0,23.0,37.0,2021-01-25
2021-01-26,0.1,0.1,0.0,31.0,34.0,2021-01-26
2021-01-27,0.0,0.0,0.0,31.0,37.0,2021-01-27
2021-01-28,0.0,0.0,0.0,20.0,34.0,2021-01-28
2021-01-29,0.0,0.0,0.0,14.0,25.0,2021-01-29
2021-01-30,0.0,0.0,0.0,17.0,32.0,2021-01-30
2021-01-31,0.12,2.0,0.0,20.0,26.0,2021-01-31
2021-02-01,1.85,14.8,5.1,22.0,34.0,2021-02-01
2021-02-02,0.13,0.4,14.2,30.0,33.0,2021-02-02
2021-02-03,0.01,0.2,13.0,29.0,37.0,2021-02-03
2021-02-04,0.0,0.0,11.0,31.0,43.0,2021-02-04
2021-02-05,0.07,0.0,9.1,37.0,47.0,2021-02-05
2021-02-06,0.0,0.0,7.1,34.0,44.0,2021-02-06
2021-02-07,0.39,4.5,5.9,24.0,40.0,2021-02-07
2021-02-08,0.0,0.0,9.8,17.0,29.0,2021-02-08
2021-02-09,0.0,0.0,9.1,27.0,33.0,2021-02-09
2021-02-10,0.01,0.0,9.1,26.0,35.0,2021-02-10
2021-02-11,0.1,1.3,9.1,26.0,33.0,2021-02-11
2021-02-12,0.0,0.0,7.9,20.0,30.0,2021-02-12
2021-02-13,0.0,0.0,7.9,25.0,30.0,2021-02-13
2021-02-14,0.0,0.0,7.9,27.0,38.0,2021-02-14
2021-02-15,0.02,0.0,7.1,31.0,36.0,2021-02-15
2021-02-16,0.82,0.0,5.9,34.0,51.0,2021-02-16
2021-02-17,0.0,0.0,3.1,22.0,34.0,2021-02-17
2021-02-18,0.45,3.2,2.0,24.0,30.0,2021-02-18
2021-02-19,0.14,1.2,5.1,28.0,33.0,2021-02-19
2021-02-20,0.0,0.0,5.9,26.0,35.0,2021-02-20
2021-02-21,0.0,0.0,5.1,24.0,37.0,2021-02-21
2021-02-22,0.52,0.4,3.1,32.0,39.0,2021-02-22
2021-02-23,0.01,0.0,3.1,36.0,45.0,2021-02-23
2021-02-24,0.0,0.0,2.0,39.0,54.0,2021-02-24
2021-02-25,0.0,0.0,0.0,40.0,50.0,2021-02-25
2021-02-26,0.0,0.0,0.0,33.0,45.0,2021-02-26
2021-02-27,0.39,0.0,0.0,38.0,50.0,2021-02-27
2021-02-28,0.22,0.0,0.0,41.0,45.0,2021-02-28
2021-03-01,0.16,0.0,0.0,31.0,49.0,2021-03-01
2021-03-02,0.0,0.0,0.0,21.0,33.0,2021-03-02
2021-03-03,0.0,0.0,0.0,32.0,52.0,2021-03-03
2021-03-04,0.0,0.0,0.0,27.0,45.0,2021-03-04
2021-03-05,0.0,0.0,0.0,23.0,37.0,2021-03-05
2021-03-06,0.0,0.0,0.0,29.0,34.0,2021-03-06
2021-03-07,0.0,0.0,0.0,29.0,41.0,2021-03-07
2021-03-08,0.0,0.0,0.0,26.0,43.0,2021-03-08
2021-03-09,0.0,0.0,0.0,42.0,64.0,2021-03-09
2021-03-10,0.0,0.0,0.0,41.0,54.0,2021-03-10
2021-03-11,0.0,0.0,0.0,44.0,71.0,2021-03-11
2021-03-12,0.0,0.0,0.0,52.0,68.0,2021-03-12
2021-03-13,0.0,0.0,0.0,33.0,52.0,2021-03-13
2021-03-14,0.0,0.0,0.0,31.0,54.0,2021-03-14
2021-03-15,0.0,0.0,0.0,24.0,39.0,2021-03-15
2021-03-16,0.0,0.0,0.0,29.0,37.0,2021-03-16
2021-03-17,0.0,0.0,0.0,34.0,47.0,2021-03-17
2021-03-18,0.6,0.0,0.0,41.0,47.0,2021-03-18
2021-03-19,0.07,0.0,0.0,31.0,43.0,2021-03-19
2021-03-20,0.0,0.0,0.0,33.0,59.0,2021-03-20
2021-03-21,0.0,0.0,0.0,42.0,63.0,2021-03-21
2021-03-22,0.0,0.0,0.0,42.0,62.0,2021-03-22
2021-03-23,0.0,0.0,0.0,43.0,66.0,2021-03-23
2021-03-24,1.27,0.0,0.0,47.0,56.0,2021-03-24
2021-03-25,0.01,0.0,0.0,49.0,68.0,2021-03-25
2021-03-26,0.19,0.0,0.0,52.0,82.0,2021-03-26
2021-03-27,0.0,0.0,0.0,50.0,69.0,2021-03-27
2021-03-28,0.76,0.0,0.0,48.0,60.0,2021-03-28
2021-03-29,0.0,0.0,0.0,45.0,55.0,2021-03-29
2021-03-30,0.0,0.0,0.0,42.0,61.0,2021-03-30
2021-03-31,0.35,0.0,0.0,50.0,67.0,2021-03-31
2021-04-01,0.03,0.0,0.0,38.0,58.0,2021-04-01
2021-04-02,0.0,0.0,0.0,28.0,39.0,2021-04-02
2021-04-03,0.0,0.0,0.0,32.0,53.0,2021-04-03
2021-04-04,0.0,0.0,0.0,45.0,65.0,2021-04-04
2021-04-05,0.0,0.0,0.0,48.0,68.0,2021-04-05
2021-04-06,0.0,0.0,0.0,47.0,70.0,2021-04-06
2021-04-07,0.0,0.0,0.0,51.0,72.0,2021-04-07
2021-04-08,0.0,0.0,0.0,49.0,70.0,2021-04-08
2021-04-09,0.01,0.0,0.0,49.0,59.0,2021-04-09
2021-04-10,0.01,0.0,0.0,51.0,70.0,2021-04-10
2021-04-11,0.42,0.0,0.0,47.0,57.0,2021-04-11
2021-04-12,0.49,0.0,0.0,45.0,51.0,2021-04-12
2021-04-13,0.06,0.0,0.0,44.0,65.0,2021-04-13
2021-04-14,0.0,0.0,0.0,48.0,72.0,2021-04-14
2021-04-15,0.83,0.0,0.0,45.0,58.0,2021-04-15
2021-04-16,0.04,0.0,0.0,41.0,53.0,2021-04-16
2021-04-17,0.0,0.0,0.0,43.0,56.0,2021-04-17
2021-04-18,0.0,0.0,0.0,49.0,64.0,2021-04-18
2021-04-19,0.0,0.0,0.0,52.0,65.0,2021-04-19
2021-04-20,0.0,0.0,0.0,53.0,76.0,2021-04-20
2021-04-21,0.11,0.0,0.0,39.0,68.0,2021-04-21
2021-04-22,0.0,0.0,0.0,36.0,48.0,2021-04-22
2021-04-23,0.0,0.0,0.0,39.0,64.0,2021-04-23
2021-04-24,0.0,0.0,0.0,52.0,72.0,2021-04-24
2021-04-25,0.59,0.0,0.0,49.0,63.0,2021-04-25
2021-04-26,0.0,0.0,0.0,41.0,60.0,2021-04-26
2021-04-27,0.0,0.0,0.0,46.0,64.0,2021-04-27
2021-04-28,0.05,0.0,0.0,52.0,85.0,2021-04-28
2021-04-29,0.02,0.0,0.0,59.0,75.0,2021-04-29
2021-04-30,0.03,0.0,0.0,46.0,71.0,2021-04-30
2021-05-01,0.0,0.0,0.0,42.0,65.0,2021-05-01
2021-05-02,0.0,0.0,0.0,56.0,82.0,2021-05-02
2021-05-03,0.58,0.0,0.0,52.0,66.0,2021-05-03
2021-05-04,0.23,0.0,0.0,52.0,73.0,2021-05-04
2021-05-05,0.31,0.0,0.0,52.0,62.0,2021-05-05
2021-05-06,0.0,0.0,0.0,50.0,66.0,2021-05-06
2021-05-07,0.0,0.0,0.0,49.0,66.0,2021-05-07
2021-05-08,0.05,0.0,0.0,48.0,55.0,2021-05-08
2021-05-09,0.47,0.0,0.0,46.0,65.0,2021-05-09
2021-05-10,0.03,0.0,0.0,47.0,60.0,2021-05-10
2021-05-11,0.0,0.0,0.0,49.0,67.0,2021-05-11
2021-05-12,0.0,0.0,0.0,46.0,68.0,2021-05-12
2021-05-13,0.0,0.0,0.0,50.0,72.0,2021-05-13
2021-05-14,0.0,0.0,0.0,52.0,76.0,2021-05-14
2021-05-15,0.0,0.0,0.0,55.0,79.0,2021-05-15
2021-05-16,0.01,0.0,0.0,59.0,75.0,2021-05-16
2021-05-17,0.0,0.0,0.0,56.0,78.0,2021-05-17
2021-05-18,0.0,0.0,0.0,60.0,82.0,2021-05-18
2021-05-19,0.0,0.0,0.0,65.0,86.0,2021-05-19
2021-05-20,0.0,0.0,0.0,59.0,76.0,2021-05-20
2021-05-21,0.0,0.0,0.0,58.0,79.0,2021-05-21
2021-05-22,0.0,0.0,0.0,65.0,89.0,2021-05-22
2021-05-23,0.0,0.0,0.0,68.0,88.0,2021-05-23
2021-05-24,0.0,0.0,0.0,59.0,68.0,2021-05-24
2021-05-25,0.0,0.0,0.0,58.0,73.0,2021-05-25
2021-05-26,0.07,0.0,0.0,65.0,86.0,2021-05-26
2021-05-27,0.02,0.0,0.0,65.0,81.0,2021-05-27
2021-05-28,1.22,0.0,0.0,49.0,69.0,2021-05-28
2021-05-29,0.46,0.0,0.0,47.0,51.0,2021-05-29
2021-05-30,0.89,0.0,0.0,47.0,51.0,2021-05-30
2021-05-31,0.02,0.0,0.0,49.0,70.0,2021-05-31
2021-06-01,0.0,0.0,0.0,57.0,76.0,2021-06-01
2021-06-02,0.0,0.0,0.0,62.0,75.0,2021-06-02
2021-06-03,0.38,0.0,0.0,60.0,74.0,2021-06-03
2021-06-04,0.39,0.0,0.0,63.0,78.0,2021-06-04
2021-06-05,0.0,0.0,0.0,66.0,89.0,2021-06-05
2021-06-06,0.0,0.0,0.0,76.0,92.0,2021-06-06
2021-06-07,0.07,0.0,0.0,76.0,91.0,2021-06-07
2021-06-08,0.47,0.0,0.0,72.0,90.0,2021-06-08
2021-06-09,0.01,0.0,0.0,72.0,90.0,2021-06-09
2021-06-10,0.0,0.0,0.0,65.0,84.0,2021-06-10
2021-06-11,0.0,0.0,0.0,62.0,69.0,2021-06-11
2021-06-12,0.0,0.0,0.0,62.0,69.0,2021-06-12
2021-06-13,0.01,0.0,0.0,62.0,76.0,2021-06-13
2021-06-14,0.22,0.0,0.0,64.0,73.0,2021-06-14
2021-06-15,0.0,0.0,0.0,66.0,80.0,2021-06-15
2021-06-16,0.0,0.0,0.0,62.0,77.0,2021-06-16
2021-06-17,0.0,0.0,0.0,57.0,78.0,2021-06-17
2021-06-18,0.0,0.0,0.0,63.0,84.0,2021-06-18
2021-06-19,0.14,0.0,0.0,65.0,88.0,2021-06-19
2021-06-20,0.0,0.0,0.0,66.0,86.0,2021-06-20
2021-06-21,0.0,0.0,0.0,75.0,86.0,2021-06-21
2021-06-22,0.24,0.0,0.0,59.0,78.0,2021-06-22
2021-06-23,0.0,0.0,0.0,55.0,76.0,2021-06-23
2021-06-24,0.0,0.0,0.0,61.0,77.0,2021-06-24
2021-06-25,0.0,0.0,0.0,64.0,81.0,2021-06-25
2021-06-26,0.04,0.0,0.0,68.0,83.0,2021-06-26
2021-06-27,0.0,0.0,0.0,73.0,90.0,2021-06-27
2021-06-28,0.0,0.0,0.0,76.0,92.0,2021-06-28
2021-06-29,0.0,0.0,0.0,78.0,95.0,2021-06-29
2021-06-30,0.65,0.0,0.0,73.0,98.0,2021-06-30
2021-07-01,0.9,0.0,0.0,72.0,84.0,2021-07-01
2021-07-02,0.67,0.0,0.0,62.0,79.0,2021-07-02
2021-07-03,0.34,0.0,0.0,59.0,66.0,2021-07-03
2021-07-04,0.0,0.0,0.0,60.0,79.0,2021-07-04
2021-07-05,0.0,0.0,0.0,67.0,83.0,2021-07-05
2021-07-06,0.55,0.0,0.0,71.0,92.0,2021-07-06
2021-07-07,0.0,0.0,0.0,71.0,91.0,2021-07-07
2021-07-08,2.27,0.0,0.0,71.0,84.0,2021-07-08
2021-07-09,2.06,0.0,0.0,70.0,85.0,2021-07-09
2021-07-10,0.27,0.0,0.0,68.0,81.0,2021-07-10
2021-07-11,0.01,0.0,0.0,70.0,78.0,2021-07-11
2021-07-12,1.42,0.0,0.0,72.0,86.0,2021-07-12
2021-07-13,0.0,0.0,0.0,69.0,72.0,2021-07-13
2021-07-14,0.0,0.0,0.0,69.0,87.0,2021-07-14
2021-07-15,0.0,0.0,0.0,74.0,89.0,2021-07-15
2021-07-16,0.0,0.0,0.0,79.0,91.0,2021-07-16
2021-07-17,0.62,0.0,0.0,73.0,91.0,2021-07-17
2021-07-18,0.03,0.0,0.0,72.0,84.0,2021-07-18
2021-07-19,0.01,0.0,0.0,71.0,81.0,2021-07-19
2021-07-20,0.0,0.0,0.0,73.0,86.0,2021-07-20
2021-07-21,0.05,0.0,0.0,70.0,80.0,2021-07-21
2021-07-22,0.0,0.0,0.0,67.0,81.0,2021-07-22
2021-07-23,0.01,0.0,0.0,67.0,83.0,2021-07-23
2021-07-24,0.0,0.0,0.0,67.0,84.0,2021-07-24
2021-07-25,0.49,0.0,0.0,66.0,83.0,2021-07-25
2021-07-26,0.78,0.0,0.0,72.0,88.0,2021-07-26
2021-07-27,0.0,0.0,0.0,73.0,89.0,2021-07-27
2021-07-28,0.14,0.0,0.0,69.0,81.0,2021-07-28
2021-07-29,0.47,0.0,0.0,69.0,77.0,2021-07-29
2021-07-30,0.0,0.0,0.0,67.0,82.0,2021-07-30
2021-07-31,0.0,0.0,0.0,60.0,77.0,2021-07-31
2021-08-01,0.04,0.0,0.0,66.0,77.0,2021-08-01
2021-08-02,0.0,0.0,0.0,63.0,80.0,2021-08-02
2021-08-03,0.0,0.0,0.0,65.0,79.0,2021-08-03
2021-08-04,0.0,0.0,0.0,67.0,76.0,2021-08-04
2021-08-05,0.0,0.0,0.0,69.0,81.0,2021-08-05
2021-08-06,0.0,0.0,0.0,70.0,88.0,2021-08-06
2021-08-07,0.0,0.0,0.0,73.0,87.0,2021-08-07
2021-08-08,0.21,0.0,0.0,66.0,77.0,2021-08-08
2021-08-09,0.0,0.0,0.0,69.0,81.0,2021-08-09
2021-08-10,0.83,0.0,0.0,71.0,84.0,2021-08-10
2021-08-11,0.18,0.0,0.0,73.0,89.0,2021-08-11
2021-08-12,0.0,0.0,0.0,74.0,93.0,2021-08-12
2021-08-13,0.0,0.0,0.0,78.0,94.0,2021-08-13
2021-08-14,0.0,0.0,0.0,76.0,88.0,2021-08-14
2021-08-15,0.0,0.0,0.0,70.0,83.0,2021-08-15
2021-08-16,0.0,0.0,0.0,69.0,83.0,2021-08-16
2021-08-17,0.0,0.0,0.0,73.0,81.0,2021-08-17
2021-08-18,0.0,0.0,0.0,74.0,83.0,2021-08-18
2021-08-19,0.2,0.0,0.0,75.0,85.0,2021-08-19
2021-08-20,0.0,0.0,0.0,75.0,82.0,2021-08-20
2021-08-21,4.45,0.0,0.0,73.0,82.0,2021-08-21
2021-08-22,2.67,0.0,0.0,70.0,76.0,2021-08-22
2021-08-23,1.07,0.0,0.0,71.0,83.0,2021-08-23
2021-08-24,0.0,0.0,0.0,72.0,89.0,2021-08-24
2021-08-25,0.0,0.0,0.0,72.0,91.0,2021-08-25
2021-08-26,0.0,0.0,0.0,78.0,91.0,2021-08-26
2021-08-27,0.67,0.0,0.0,75.0,93.0,2021-08-27
2021-08-28,0.0,0.0,0.0,68.0,80.0,2021-08-28
2021-08-29,0.0,0.0,0.0,67.0,76.0,2021-08-29
2021-08-30,0.0,0.0,0.0,73.0,85.0,2021-08-30
2021-08-31,0.0,0.0,0.0,73.0,83.0,2021-08-31
2021-09-01,7.13,0.0,0.0,63.0,78.0,2021-09-01
2021-09-02,0.1,0.0,0.0,61.0,77.0,2021-09-02
2021-09-03,0.0,0.0,0.0,59.0,74.0,2021-09-03
2021-09-04,0.0,0.0,0.0,61.0,79.0,2021-09-04
2021-09-05,0.02,0.0,0.0,67.0,74.0,2021-09-05
2021-09-06,0.0,0.0,0.0,69.0,81.0,2021-09-06
2021-09-07,0.0,0.0,0.0,65.0,79.0,2021-09-07
2021-09-08,0.0,0.0,0.0,70.0,82.0,2021-09-08
2021-09-09,0.26,0.0,0.0,68.0,76.0,2021-09-09
2021-09-10,0.0,0.0,0.0,63.0,74.0,2021-09-10
2021-09-11,0.0,0.0,0.0,60.0,76.0,2021-09-11
2021-09-12,0.0,0.0,0.0,66.0,81.0,2021-09-12
2021-09-13,0.12,0.0,0.0,67.0,83.0,2021-09-13
2021-09-14,0.0,0.0,0.0,67.0,80.0,2021-09-14
2021-09-15,0.0,0.0,0.0,71.0,85.0,2021-09-15
2021-09-16,0.0,0.0,0.0,71.0,76.0,2021-09-16
2021-09-17,0.0,0.0,0.0,69.0,75.0,2021-09-17
2021-09-18,0.0,0.0,0.0,69.0,84.0,2021-09-18
2021-09-19,0.0,0.0,0.0,64.0,76.0,2021-09-19
2021-09-20,0.0,0.0,0.0,63.0,75.0,2021-09-20
2021-09-21,0.09,0.0,0.0,63.0,76.0,2021-09-21
2021-09-22,0.01,0.0,0.0,72.0,79.0,2021-09-22
2021-09-23,1.37,0.0,0.0,64.0,79.0,2021-09-23
2021-09-24,0.66,0.0,0.0,57.0,72.0,2021-09-24
2021-09-25,0.0,0.0,0.0,57.0,75.0,2021-09-25
2021-09-26,0.0,0.0,0.0,61.0,71.0,2021-09-26
2021-09-27,0.0,0.0,0.0,62.0,78.0,2021-09-27
2021-09-28,0.27,0.0,0.0,61.0,71.0,2021-09-28
2021-09-29,0.0,0.0,0.0,54.0,68.0,2021-09-29
2021-09-30,0.0,0.0,0.0,55.0,65.0,2021-09-30
2021-10-01,0.0,0.0,0.0,51.0,67.0,2021-10-01
2021-10-02,0.0,0.0,0.0,57.0,74.0,2021-10-02
2021-10-03,0.0,0.0,0.0,61.0,77.0,2021-10-03
2021-10-04,0.15,0.0,0.0,62.0,73.0,2021-10-04
2021-10-05,0.0,0.0,0.0,60.0,65.0,2021-10-05
2021-10-06,0.0,0.0,0.0,61.0,69.0,2021-10-06
2021-10-07,0.0,0.0,0.0,62.0,73.0,2021-10-07
2021-10-08,0.0,0.0,0.0,61.0,76.0,2021-10-08
2021-10-09,0.0,0.0,0.0,60.0,67.0,2021-10-09
2021-10-10,0.11,0.0,0.0,61.0,66.0,2021-10-10
2021-10-11,0.0,0.0,0.0,61.0,71.0,2021-10-11
2021-10-12,0.0,0.0,0.0,61.0,69.0,2021-10-12
2021-10-13,0.0,0.0,0.0,61.0,69.0,2021-10-13
2021-10-14,0.0,0.0,0.0,62.0,76.0,2021-10-14
2021-10-15,0.0,0.0,0.0,63.0,79.0,2021-10-15
2021-10-16,0.25,0.0,0.0,56.0,76.0,2021-10-16
2021-10-17,0.0,0.0,0.0,51.0,61.0,2021-10-17
2021-10-18,0.0,0.0,0.0,49.0,58.0,2021-10-18
2021-10-19,0.0,0.0,0.0,47.0,66.0,2021-10-19
2021-10-20,0.0,0.0,0.0,56.0,75.0,2021-10-20
2021-10-21,0.0,0.0,0.0,59.0,73.0,2021-10-21
2021-10-22,0.0,0.0,0.0,57.0,69.0,2021-10-22
2021-10-23,0.01,0.0,0.0,48.0,59.0,2021-10-23
2021-10-24,0.03,0.0,0.0,47.0,59.0,2021-10-24
2021-10-25,0.23,0.0,0.0,55.0,73.0,2021-10-25
2021-10-26,3.3,0.0,0.0,54.0,63.0,2021-10-26
2021-10-27,0.16,0.0,0.0,53.0,61.0,2021-10-27
2021-10-28,0.0,0.0,0.0,49.0,57.0,2021-10-28
2021-10-29,0.41,0.0,0.0,47.0,56.0,2021-10-29
2021-10-30,0.57,0.0,0.0,53.0,64.0,2021-10-30
2021-10-31,0.04,0.0,0.0,55.0,63.0,2021-10-31
2021-11-01,0.0,0.0,0.0,50.0,58.0,2021-11-01
2021-11-02,0.0,0.0,0.0,44.0,53.0,2021-11-02
2021-11-03,0.0,0.0,0.0,41.0,51.0,2021-11-03
2021-11-04,0.0,0.0,0.0,39.0,50.0,2021-11-04
2021-11-05,0.0,0.0,0.0,39.0,51.0,2021-11-05
2021-11-06,0.0,0.0,0.0,40.0,52.0,2021-11-06
2021-11-07,0.0,0.0,0.0,40.0,53.0,2021-11-07
2021-11-08,0.0,0.0,0.0,44.0,63.0,2021-11-08
2021-11-09,0.0,0.0,0.0,50.0,68.0,2021-11-09
2021-11-10,0.0,0.0,0.0,49.0,64.0,2021-11-10
2021-11-11,0.01,0.0,0.0,45.0,61.0,2021-11-11
2021-11-12,0.48,0.0,0.0,51.0,65.0,2021-11-12
2021-11-13,0.33,0.0,0.0,40.0,62.0,2021-11-13
2021-11-14,0.02,0.0,0.0,38.0,48.0,2021-11-14
2021-11-15,0.0,0.0,0.0,39.0,47.0,2021-11-15
2021-11-16,0.0,0.0,0.0,36.0,49.0,2021-11-16
2021-11-17,0.0,0.0,0.0,38.0,57.0,2021-11-17
2021-11-18,0.09,0.0,0.0,46.0,69.0,2021-11-18
2021-11-19,0.01,0.0,0.0,39.0,48.0,2021-11-19
2021-11-20,0.0,0.0,0.0,35.0,47.0,2021-11-20
2021-11-21,0.01,0.0,0.0,44.0,56.0,2021-11-21
2021-11-22,0.04,0.0,0.0,35.0,55.0,2021-11-22
2021-11-23,0.0,0.0,0.0,32.0,42.0,2021-11-23
2021-11-24,0.0,0.0,0.0,30.0,45.0,2021-11-24
2021-11-25,0.01,0.0,0.0,39.0,56.0,2021-11-25
2021-11-26,0.12,0.0,0.0,37.0,47.0,2021-11-26
2021-11-27,0.0,0.0,0.0,34.0,39.0,2021-11-27
2021-11-28,0.0,0.0,0.0,33.0,41.0,2021-11-28
2021-11-29,0.0,0.0,0.0,33.0,45.0,2021-11-29
2021-11-30,0.0,0.0,0.0,31.0,41.0,2021-11-30
2021-12-01,0.0,0.0,0.0,40.0,49.0,2021-12-01
2021-12-02,0.04,0.0,0.0,45.0,58.0,2021-12-02
2021-12-03,0.0,0.0,0.0,37.0,48.0,2021-12-03
2021-12-04,0.0,0.0,0.0,36.0,48.0,2021-12-04
2021-12-05,0.0,0.0,0.0,39.0,49.0,2021-12-05
2021-12-06,0.42,0.0,0.0,43.0,61.0,2021-12-06
2021-12-07,0.0,0.0,0.0,36.0,43.0,2021-12-07
2021-12-08,0.04,0.0,0.0,34.0,42.0,2021-12-08
2021-12-09,0.0,0.0,0.0,31.0,39.0,2021-12-09
2021-12-10,0.0,0.0,0.0,38.0,50.0,2021-12-10
2021-12-11,0.17,0.0,0.0,45.0,66.0,2021-12-11
2021-12-12,0.0,0.0,0.0,42.0,56.0,2021-12-12
2021-12-13,0.0,0.0,0.0,40.0,53.0,2021-12-13
2021-12-14,0.0,0.0,0.0,44.0,53.0,2021-12-14
2021-12-15,0.0,0.0,0.0,40.0,57.0,2021-12-15
2021-12-16,0.0,0.0,0.0,54.0,62.0,2021-12-16
2021-12-17,0.0,0.0,0.0,48.0,60.0,2021-12-17
2021-12-18,0.06,0.0,0.0,39.0,48.0,2021-12-18
2021-12-19,0.02,0.0,0.0,28.0,45.0,2021-12-19
2021-12-20,0.0,0.0,0.0,25.0,37.0,2021-12-20
2021-12-21,0.0,0.0,0.0,31.0,43.0,2021-12-21
2021-12-22,0.12,0.0,0.0,33.0,47.0,2021-12-22
2021-12-23,0.0,0.0,0.0,31.0,36.0,2021-12-23
2021-12-24,0.03,0.2,0.0,30.0,40.0,2021-12-24
2021-12-25,0.16,0.0,0.0,36.0,52.0,2021-12-25
2021-12-26,0.0,0.0,0.0,39.0,51.0,2021-12-26
2021-12-27,0.09,0.0,0.0,34.0,39.0,2021-12-27
2021-12-28,0.05,0.0,0.0,36.0,47.0,2021-12-28
2021-12-29,0.14,0.0,0.0,41.0,44.0,2021-12-29
2021-12-30,0.05,0.0,0.0,43.0,49.0,2021-12-30
2021-12-31,0.0,0.0,0.0,48.0,55.0,2021-12-31
2022-01-01,0.79,0.0,0.0,50.0,56.0,2022-01-01
2022-01-02,0.04,0.0,0.0,37.0,59.0,2022-01-02
2022-01-03,0.0,0.0,0.0,22.0,37.0,2022-01-03
2022-01-04,0.0,0.0,0.0,19.0,34.0,2022-01-04
2022-01-05,0.23,0.0,0.0,31.0,47.0,2022-01-05
2022-01-06,0.0,0.0,0.0,34.0,41.0,2022-01-06
2022-01-07,0.38,5.8,5.9,25.0,34.0,2022-01-07
2022-01-08,0.0,0.0,3.1,20.0,30.0,2022-01-08
2022-01-09,0.1,0.0,3.1,29.0,40.0,2022-01-09
2022-01-10,0.0,0.0,0.0,24.0,40.0,2022-01-10
2022-01-11,0.0,0.0,0.0,15.0,24.0,2022-01-11
2022-01-12,0.0,0.0,0.0,20.0,40.0,2022-01-12
2022-01-13,0.0,0.0,0.0,34.0,48.0,2022-01-13
2022-01-14,0.0,0.0,0.0,21.0,43.0,2022-01-14
2022-01-15,0.0,0.0,0.0,10.0,21.0,2022-01-15
2022-01-16,0.37,0.8,0.0,10.0,37.0,2022-01-16
2022-01-17,1.16,0.0,0.0,34.0,44.0,2022-01-17
2022-01-18,0.0,0.0,0.0,29.0,36.0,2022-01-18
2022-01-19,0.0,0.0,0.0,28.0,49.0,2022-01-19
2022-01-20,0.3,0.0,0.0,22.0,46.0,2022-01-20
2022-01-21,0.0,0.0,0.0,14.0,22.0,2022-01-21
2022-01-22,0.0,0.0,0.0,13.0,29.0,2022-01-22
2022-01-23,0.02,0.2,0.0,24.0,37.0,2022-01-23
2022-01-24,0.0,0.0,0.0,26.0,36.0,2022-01-24
2022-01-25,0.0,0.0,0.0,28.0,42.0,2022-01-25
2022-01-26,0.0,0.0,0.0,20.0,28.0,2022-01-26
2022-01-27,0.0,0.0,0.0,17.0,32.0,2022-01-27
2022-01-28,0.13,1.2,0.0,29.0,32.0,2022-01-28
2022-01-29,0.77,7.3,5.9,12.0,29.0,2022-01-29
2022-01-30,0.0,0.0,7.1,12.0,26.0,2022-01-30
2022-01-31,0.0,0.0,5.9,21.0,31.0,2022-01-31
2022-02-01,0.0,0.0,5.9,23.0,36.0,2022-02-01
2022-02-02,0.0,0.0,3.9,32.0,47.0,2022-02-02
2022-02-03,0.42,0.0,2.0,42.0,52.0,2022-02-03
2022-02-04,0.72,0.0,0.0,26.0,57.0,2022-02-04
2022-02-05,0.0,0.0,0.0,19.0,27.0,2022-02-05
2022-02-06,0.0,0.0,0.0,17.0,30.0,2022-02-06
2022-02-07,0.15,0.0,0.0,30.0,37.0,2022-02-07
2022-02-08,0.07,0.0,0.0,32.0,45.0,2022-02-08
2022-02-09,0.0,0.0,0.0,29.0,46.0,2022-02-09
2022-02-10,0.0,0.0,0.0,37.0,54.0,2022-02-10
2022-02-11,0.0,0.0,0.0,38.0,57.0,2022-02-11
2022-02-12,0.0,0.0,0.0,42.0,59.0,2022-02-12
2022-02-13,0.23,1.6,1.2,25.0,42.0,2022-02-13
2022-02-14,0.0,0.0,1.2,16.0,25.0,2022-02-14
2022-02-15,0.0,0.0,0.0,16.0,30.0,2022-02-15
2022-02-16,0.0,0.0,0.0,28.0,49.0,2022-02-16
2022-02-17,0.31,0.0,0.0,49.0,68.0,2022-02-17
2022-02-18,0.33,0.0,0.0,27.0,63.0,2022-02-18
2022-02-19,0.0,0.0,0.0,23.0,40.0,2022-02-19
2022-02-20,0.0,0.0,0.0,21.0,36.0,2022-02-20
2022-02-21,0.0,0.0,0.0,32.0,55.0,2022-02-21
2022-02-22,0.26,0.0,0.0,37.0,61.0,2022-02-22
2022-02-23,0.0,0.0,0.0,35.0,68.0,2022-02-23
2022-02-24,0.0,0.0,0.0,29.0,35.0,2022-02-24
2022-02-25,0.74,0.4,0.0,26.0,41.0,2022-02-25
2022-02-26,0.0,0.0,0.0,24.0,37.0,2022-02-26
2022-02-27,0.0,0.0,0.0,28.0,48.0,2022-02-27
2022-02-28,0.0,0.0,0.0,26.0,36.0,2022-02-28
2022-03-01,0.0,0.0,0.0,31.0,48.0,2022-03-01
2022-03-02,0.0,0.0,0.0,40.0,52.0,2022-03-02
2022-03-03,0.03,0.0,0.0,24.0,48.0,2022-03-03
2022-03-04,0.0,0.0,0.0,21.0,37.0,2022-03-04
2022-03-05,0.0,0.0,0.0,32.0,46.0,2022-03-05
2022-03-06,0.06,0.0,0.0,43.0,68.0,2022-03-06
2022-03-07,0.03,0.0,0.0,50.0,74.0,2022-03-07
2022-03-08,0.0,0.0,0.0,39.0,50.0,2022-03-08
2022-03-09,0.56,0.4,0.0,33.0,41.0,2022-03-09
2022-03-10,0.0,0.0,0.0,33.0,51.0,2022-03-10
2022-03-11,0.0,0.0,0.0,40.0,55.0,2022-03-11
2022-03-12,0.5,0.0,0.0,24.0,48.0,2022-03-12
2022-03-13,0.0,0.0,0.0,22.0,35.0,2022-03-13
2022-03-14,0.0,0.0,0.0,33.0,56.0,2022-03-14
2022-03-15,0.0,0.0,0.0,46.0,68.0,2022-03-15
2022-03-16,0.0,0.0,0.0,48.0,67.0,2022-03-16
2022-03-17,0.08,0.0,0.0,45.0,53.0,2022-03-17
2022-03-18,0.0,0.0,0.0,50.0,74.0,2022-03-18
2022-03-19,0.05,0.0,0.0,49.0,70.0,2022-03-19
2022-03-20,0.0,0.0,0.0,46.0,61.0,2022-03-20
2022-03-21,0.0,0.0,0.0,44.0,62.0,2022-03-21
2022-03-22,0.0,0.0,0.0,43.0,58.0,2022-03-22
2022-03-23,0.06,0.0,0.0,38.0,49.0,2022-03-23
2022-03-24,0.93,0.0,0.0,38.0,47.0,2022-03-24
2022-03-25,0.02,0.0,0.0,44.0,60.0,2022-03-25
2022-03-26,0.0,0.0,0.0,42.0,53.0,2022-03-26
2022-03-27,0.0,0.0,0.0,28.0,46.0,2022-03-27
2022-03-28,0.0,0.0,0.0,23.0,33.0,2022-03-28
2022-03-29,0.0,0.0,0.0,24.0,38.0,2022-03-29
2022-03-30,0.0,0.0,0.0,29.0,47.0,2022-03-30
2022-03-31,0.07,0.0,0.0,45.0,66.0,2022-03-31
2022-04-01,0.28,0.0,0.0,43.0,61.0,2022-04-01
2022-04-02,0.0,0.0,0.0,38.0,54.0,2022-04-02
2022-04-03,0.12,0.0,0.0,40.0,48.0,2022-04-03
2022-04-04,0.0,0.0,0.0,39.0,54.0,2022-04-04
2022-04-05,0.04,0.0,0.0,45.0,57.0,2022-04-05
2022-04-06,0.45,0.0,0.0,44.0,53.0,2022-04-06
2022-04-07,1.12,0.0,0.0,45.0,54.0,2022-04-07
2022-04-08,0.03,0.0,0.0,49.0,65.0,2022-04-08
2022-04-09,0.05,0.0,0.0,47.0,55.0,2022-04-09
2022-04-10,0.0,0.0,0.0,42.0,50.0,2022-04-10
2022-04-11,0.0,0.0,0.0,40.0,61.0,2022-04-11
2022-04-12,0.07,0.0,0.0,50.0,72.0,2022-04-12
2022-04-13,0.0,0.0,0.0,55.0,71.0,2022-04-13
2022-04-14,0.06,0.0,0.0,57.0,79.0,2022-04-14
2022-04-15,0.0,0.0,0.0,52.0,70.0,2022-04-15
2022-04-16,0.2,0.0,0.0,44.0,73.0,2022-04-16
2022-04-17,0.0,0.0,0.0,41.0,51.0,2022-04-17
2022-04-18,0.85,0.0,0.0,39.0,54.0,2022-04-18
2022-04-19,1.24,0.0,0.0,39.0,50.0,2022-04-19
2022-04-20,0.0,0.0,0.0,42.0,60.0,2022-04-20
2022-04-21,0.0,0.0,0.0,44.0,59.0,2022-04-21
2022-04-22,0.0,0.0,0.0,53.0,70.0,2022-04-22
2022-04-23,0.0,0.0,0.0,51.0,65.0,2022-04-23
2022-04-24,0.0,0.0,0.0,48.0,63.0,2022-04-24
2022-04-25,0.0,0.0,0.0,46.0,58.0,2022-04-25
2022-04-26,0.02,0.0,0.0,52.0,60.0,2022-04-26
2022-04-27,0.0,0.0,0.0,41.0,58.0,2022-04-27
2022-04-28,0.0,0.0,0.0,40.0,58.0,2022-04-28
2022-04-29,0.0,0.0,0.0,41.0,63.0,2022-04-29
2022-04-30,0.0,0.0,0.0,44.0,68.0,2022-04-30
2022-05-01,0.0,0.0,0.0,47.0,69.0,2022-05-01
2022-05-02,0.23,0.0,0.0,51.0,56.0,2022-05-02
2022-05-03,0.0,0.0,0.0,51.0,62.0,2022-05-03
2022-05-04,0.08,0.0,0.0,50.0,65.0,2022-05-04
2022-05-05,0.0,0.0,0.0,56.0,74.0,2022-05-05
2022-05-06,0.69,0.0,0.0,49.0,61.0,2022-05-06
2022-05-07,0.92,0.0,0.0,45.0,50.0,2022-05-07
2022-05-08,0.0,0.0,0.0,45.0,58.0,2022-05-08
2022-05-09,0.0,0.0,0.0,47.0,70.0,2022-05-09
2022-05-10,0.0,0.0,0.0,51.0,73.0,2022-05-10
2022-05-11,0.0,0.0,0.0,53.0,75.0,2022-05-11
2022-05-12,0.0,0.0,0.0,58.0,75.0,2022-05-12
2022-05-13,0.03,0.0,0.0,57.0,72.0,2022-05-13
2022-05-14,0.22,0.0,0.0,60.0,72.0,2022-05-14
2022-05-15,0.1,0.0,0.0,60.0,76.0,2022-05-15
2022-05-16,0.12,0.0,0.0,61.0,75.0,2022-05-16
2022-05-17,0.0,0.0,0.0,57.0,77.0,2022-05-17
2022-05-18,0.01,0.0,0.0,55.0,72.0,2022-05-18
2022-05-19,0.73,0.0,0.0,54.0,66.0,2022-05-19
2022-05-20,0.4,0.0,0.0,55.0,69.0,2022-05-20
2022-05-21,0.0,0.0,0.0,62.0,90.0,2022-05-21
2022-05-22,0.0,0.0,0.0,72.0,89.0,2022-05-22
2022-05-23,0.0,0.0,0.0,61.0,73.0,2022-05-23
2022-05-24,0.0,0.0,0.0,57.0,67.0,2022-05-24
2022-05-25,0.0,0.0,0.0,53.0,70.0,2022-05-25
2022-05-26,0.0,0.0,0.0,54.0,70.0,2022-05-26
2022-05-27,0.27,0.0,0.0,65.0,80.0,2022-05-27
2022-05-28,0.72,0.0,0.0,63.0,74.0,2022-05-28
2022-05-29,0.0,0.0,0.0,59.0,77.0,2022-05-29
2022-05-30,0.0,0.0,0.0,63.0,84.0,2022-05-30
2022-05-31,0.0,0.0,0.0,65.0,93.0,2022-05-31
2022-06-01,0.71,0.0,0.0,60.0,72.0,2022-06-01
2022-06-02,0.45,0.0,0.0,62.0,79.0,2022-06-02
2022-06-03,0.0,0.0,0.0,62.0,76.0,2022-06-03
2022-06-04,0.0,0.0,0.0,61.0,80.0,2022-06-04
2022-06-05,0.0,0.0,0.0,57.0,77.0,2022-06-05
2022-06-06,0.0,0.0,0.0,63.0,80.0,2022-06-06
2022-06-07,0.08,0.0,0.0,63.0,78.0,2022-06-07
2022-06-08,0.03,0.0,0.0,66.0,82.0,2022-06-08
2022-06-09,0.83,0.0,0.0,65.0,81.0,2022-06-09
2022-06-10,0.0,0.0,0.0,63.0,77.0,2022-06-10
2022-06-11,0.0,0.0,0.0,66.0,74.0,2022-06-11
2022-06-12,0.05,0.0,0.0,63.0,72.0,2022-06-12
2022-06-13,0.0,0.0,0.0,68.0,85.0,2022-06-13
2022-06-14,0.0,0.0,0.0,68.0,81.0,2022-06-14
2022-06-15,0.0,0.0,0.0,66.0,83.0,2022-06-15
2022-06-16,0.32,0.0,0.0,61.0,71.0,2022-06-16
2022-06-17,0.0,0.0,0.0,69.0,88.0,2022-06-17
2022-06-18,0.0,0.0,0.0,58.0,75.0,2022-06-18
2022-06-19,0.0,0.0,0.0,54.0,73.0,2022-06-19
2022-06-20,0.0,0.0,0.0,57.0,78.0,2022-06-20
2022-06-21,0.06,0.0,0.0,63.0,80.0,2022-06-21
2022-06-22,0.02,0.0,0.0,62.0,67.0,2022-06-22
2022-06-23,0.08,0.0,0.0,61.0,74.0,2022-06-23
2022-06-24,0.0,0.0,0.0,63.0,81.0,2022-06-24
2022-06-25,0.0,0.0,0.0,69.0,90.0,2022-06-25
2022-06-26,0.0,0.0,0.0,74.0,89.0,2022-06-26
2022-06-27,0.29,0.0,0.0,69.0,77.0,2022-06-27
2022-06-28,0.0,0.0,0.0,66.0,79.0,2022-06-28
2022-06-29,0.0,0.0,0.0,66.0,84.0,2022-06-29
2022-06-30,0.0,0.0,0.0,69.0,86.0,2022-06-30
2022-07-01,0.0,0.0,0.0,73.0,91.0,2022-07-01
2022-07-02,0.0,0.0,0.0,73.0,87.0,2022-07-02
2022-07-03,0.0,0.0,0.0,73.0,88.0,2022-07-03
2022-07-04,0.0,0.0,0.0,65.0,85.0,2022-07-04
2022-07-05,0.09,0.0,0.0,70.0,87.0,2022-07-05
2022-07-06,0.0,0.0,0.0,71.0,85.0,2022-07-06
2022-07-07,0.0,0.0,0.0,69.0,84.0,2022-07-07
2022-07-08,0.24,0.0,0.0,68.0,83.0,2022-07-08
2022-07-09,0.0,0.0,0.0,71.0,85.0,2022-07-09
2022-07-10,0.0,0.0,0.0,67.0,83.0,2022-07-10
2022-07-11,0.0,0.0,0.0,67.0,85.0,2022-07-11
2022-07-12,0.0,0.0,0.0,70.0,90.0,2022-07-12
2022-07-13,0.0,0.0,0.0,74.0,91.0,2022-07-13
2022-07-14,0.0,0.0,0.0,72.0,90.0,2022-07-14
2022-07-15,0.0,0.0,0.0,73.0,86.0,2022-07-15
2022-07-16,1.11,0.0,0.0,66.0,85.0,2022-07-16
2022-07-17,0.0,0.0,0.0,71.0,83.0,2022-07-17
2022-07-18,1.85,0.0,0.0,69.0,81.0,2022-07-18
2022-07-19,0.0,0.0,0.0,73.0,90.0,2022-07-19
2022-07-20,0.0,0.0,0.0,78.0,95.0,2022-07-20
2022-07-21,0.16,0.0,0.0,74.0,92.0,2022-07-21
2022-07-22,0.0,0.0,0.0,78.0,94.0,2022-07-22
2022-07-23,0.0,0.0,0.0,78.0,95.0,2022-07-23
2022-07-24,0.0,0.0,0.0,79.0,95.0,2022-07-24
2022-07-25,0.98,0.0,0.0,73.0,86.0,2022-07-25
2022-07-26,0.0,0.0,0.0,71.0,81.0,2022-07-26
2022-07-27,0.0,0.0,0.0,70.0,85.0,2022-07-27
2022-07-28,0.02,0.0,0.0,73.0,87.0,2022-07-28
2022-07-29,0.1,0.0,0.0,72.0,85.0,2022-07-29
2022-07-30,0.0,0.0,0.0,73.0,87.0,2022-07-30
2022-07-31,0.0,0.0,0.0,71.0,86.0,2022-07-31
2022-08-01,0.48,0.0,0.0,68.0,77.0,2022-08-01
2022-08-02,0.0,0.0,0.0,72.0,90.0,2022-08-02
2022-08-03,0.0,0.0,0.0,71.0,89.0,2022-08-03
2022-08-04,0.0,0.0,0.0,76.0,93.0,2022-08-04
2022-08-05,0.0,0.0,0.0,78.0,89.0,2022-08-05
2022-08-06,0.0,0.0,0.0,77.0,92.0,2022-08-06
2022-08-07,0.16,0.0,0.0,76.0,92.0,2022-08-07
2022-08-08,0.0,0.0,0.0,79.0,93.0,2022-08-08
2022-08-09,0.03,0.0,0.0,78.0,97.0,2022-08-09
2022-08-10,0.0,0.0,0.0,75.0,87.0,2022-08-10
2022-08-11,0.11,0.0,0.0,72.0,89.0,2022-08-11
2022-08-12,0.0,0.0,0.0,71.0,85.0,2022-08-12
2022-08-13,0.0,0.0,0.0,65.0,79.0,2022-08-13
2022-08-14,0.0,0.0,0.0,66.0,82.0,2022-08-14
2022-08-15,0.0,0.0,0.0,68.0,83.0,2022-08-15
2022-08-16,0.0,0.0,0.0,66.0,83.0,2022-08-16
2022-08-17,0.34,0.0,0.0,63.0,81.0,2022-08-17
2022-08-18,0.0,0.0,0.0,62.0,87.0,2022-08-18
2022-08-19,0.0,0.0,0.0,69.0,90.0,2022-08-19
2022-08-20,0.0,0.0,0.0,74.0,90.0,2022-08-20
2022-08-21,0.0,0.0,0.0,72.0,82.0,2022-08-21
2022-08-22,0.23,0.0,0.0,73.0,79.0,2022-08-22
2022-08-23,0.0,0.0,0.0,72.0,86.0,2022-08-23
2022-08-24,0.0,0.0,0.0,71.0,90.0,2022-08-24
2022-08-25,0.0,0.0,0.0,72.0,91.0,2022-08-25
2022-08-26,0.24,0.0,0.0,74.0,87.0,2022-08-26
2022-08-27,0.0,0.0,0.0,74.0,90.0,2022-08-27
2022-08-28,0.0,0.0,0.0,73.0,82.0,2022-08-28
2022-08-29,0.0,0.0,0.0,75.0,85.0,2022-08-29
2022-08-30,0.12,0.0,0.0,73.0,89.0,2022-08-30
2022-08-31,0.0,0.0,0.0,69.0,85.0,2022-08-31
2022-09-01,0.0,0.0,0.0,69.0,86.0,2022-09-01
2022-09-02,0.0,0.0,0.0,62.0,79.0,2022-09-02
2022-09-03,0.0,0.0,0.0,65.0,82.0,2022-09-03
2022-09-04,0.0,0.0,0.0,71.0,90.0,2022-09-04
2022-09-05,0.06,0.0,0.0,73.0,88.0,2022-09-05
2022-09-06,0.78,0.0,0.0,67.0,74.0,2022-09-06
2022-09-07,0.0,0.0,0.0,65.0,72.0,2022-09-07
2022-09-08,0.0,0.0,0.0,65.0,78.0,2022-09-08
2022-09-09,0.0,0.0,0.0,62.0,80.0,2022-09-09
2022-09-10,0.0,0.0,0.0,64.0,86.0,2022-09-10
2022-09-11,0.32,0.0,0.0,67.0,76.0,2022-09-11
2022-09-12,0.81,0.0,0.0,68.0,81.0,2022-09-12
2022-09-13,0.41,0.0,0.0,68.0,82.0,2022-09-13
2022-09-14,0.0,0.0,0.0,62.0,80.0,2022-09-14
2022-09-15,0.0,0.0,0.0,62.0,74.0,2022-09-15
2022-09-16,0.0,0.0,0.0,57.0,75.0,2022-09-16
2022-09-17,0.0,0.0,0.0,64.0,76.0,2022-09-17
2022-09-18,0.0,0.0,0.0,67.0,83.0,2022-09-18
2022-09-19,0.14,0.0,0.0,68.0,85.0,2022-09-19
2022-09-20,0.0,0.0,0.0,67.0,79.0,2022-09-20
2022-09-21,0.0,0.0,0.0,62.0,80.0,2022-09-21
2022-09-22,0.47,0.0,0.0,57.0,75.0,2022-09-22
2022-09-23,0.0,0.0,0.0,51.0,63.0,2022-09-23
2022-09-24,0.0,0.0,0.0,49.0,69.0,2022-09-24
2022-09-25,1.11,0.0,0.0,59.0,72.0,2022-09-25
2022-09-26,0.0,0.0,0.0,58.0,74.0,2022-09-26
2022-09-27,0.0,0.0,0.0,59.0,70.0,2022-09-27
2022-09-28,0.0,0.0,0.0,53.0,69.0,2022-09-28
2022-09-29,0.0,0.0,0.0,53.0,66.0,2022-09-29
2022-09-30,0.0,0.0,0.0,52.0,62.0,2022-09-30
2022-10-01,0.59,0.0,0.0,51.0,61.0,2022-10-01
2022-10-02,0.0,0.0,0.0,50.0,60.0,2022-10-02
2022-10-03,0.47,0.0,0.0,47.0,53.0,2022-10-03
2022-10-04,1.85,0.0,0.0,46.0,55.0,2022-10-04
2022-10-05,0.37,0.0,0.0,54.0,59.0,2022-10-05
2022-10-06,0.0,0.0,0.0,53.0,74.0,2022-10-06
2022-10-07,0.0,0.0,0.0,58.0,76.0,2022-10-07
2022-10-08,0.03,0.0,0.0,47.0,58.0,2022-10-08
2022-10-09,0.0,0.0,0.0,44.0,61.0,2022-10-09
2022-10-10,0.0,0.0,0.0,52.0,67.0,2022-10-10
2022-10-11,0.0,0.0,0.0,51.0,70.0,2022-10-11
2022-10-12,0.0,0.0,0.0,57.0,70.0,2022-10-12
2022-10-13,0.8,0.0,0.0,54.0,69.0,2022-10-13
2022-10-14,0.19,0.0,0.0,52.0,67.0,2022-10-14
2022-10-15,0.0,0.0,0.0,50.0,68.0,2022-10-15
2022-10-16,0.0,0.0,0.0,52.0,64.0,2022-10-16
2022-10-17,0.14,0.0,0.0,53.0,66.0,2022-10-17
2022-10-18,0.0,0.0,0.0,46.0,56.0,2022-10-18
2022-10-19,0.0,0.0,0.0,42.0,54.0,2022-10-19
2022-10-20,0.0,0.0,0.0,44.0,58.0,2022-10-20
2022-10-21,0.0,0.0,0.0,46.0,62.0,2022-10-21
2022-10-22,0.0,0.0,0.0,49.0,66.0,2022-10-22
2022-10-23,0.02,0.0,0.0,54.0,61.0,2022-10-23
2022-10-24,0.52,0.0,0.0,55.0,61.0,2022-10-24
2022-10-25,0.0,0.0,0.0,61.0,70.0,2022-10-25
2022-10-26,0.0,0.0,0.0,60.0,72.0,2022-10-26
2022-10-27,0.0,0.0,0.0,52.0,65.0,2022-10-27
2022-10-28,0.0,0.0,0.0,45.0,56.0,2022-10-28
2022-10-29,0.0,0.0,0.0,43.0,58.0,2022-10-29
2022-10-30,0.0,0.0,0.0,43.0,63.0,2022-10-30
2022-10-31,0.1,0.0,0.0,51.0,65.0,2022-10-31
2022-11-01,0.08,0.0,0.0,59.0,67.0,2022-11-01
2022-11-02,0.0,0.0,0.0,54.0,70.0,2022-11-02
2022-11-03,0.0,0.0,0.0,52.0,67.0,2022-11-03
2022-11-04,0.0,0.0,0.0,53.0,70.0,2022-11-04
2022-11-05,0.0,0.0,0.0,64.0,76.0,2022-11-05
2022-11-06,0.0,0.0,0.0,66.0,75.0,2022-11-06
2022-11-07,0.0,0.0,0.0,54.0,77.0,2022-11-07
2022-11-08,0.0,0.0,0.0,47.0,58.0,2022-11-08
2022-11-09,0.0,0.0,0.0,40.0,53.0,2022-11-09
2022-11-10,0.0,0.0,0.0,47.0,66.0,2022-11-10
2022-11-11,0.89,0.0,0.0,59.0,68.0,2022-11-11
2022-11-12,0.08,0.0,0.0,60.0,69.0,2022-11-12
2022-11-13,0.04,0.0,0.0,41.0,61.0,2022-11-13
2022-11-14,0.0,0.0,0.0,37.0,45.0,2022-11-14
2022-11-15,0.56,0.0,0.0,35.0,46.0,2022-11-15
2022-11-16,0.28,0.0,0.0,39.0,50.0,2022-11-16
2022-11-17,0.0,0.0,0.0,37.0,46.0,2022-11-17
2022-11-18,0.0,0.0,0.0,34.0,44.0,2022-11-18
2022-11-19,0.0,0.0,0.0,31.0,40.0,2022-11-19
2022-11-20,0.0,0.0,0.0,30.0,40.0,2022-11-20
2022-11-21,0.0,0.0,0.0,27.0,41.0,2022-11-21
2022-11-22,0.0,0.0,0.0,37.0,51.0,2022-11-22
2022-11-23,0.0,0.0,0.0,42.0,55.0,2022-11-23
2022-11-24,0.0,0.0,0.0,40.0,54.0,2022-11-24
2022-11-25,0.02,0.0,0.0,46.0,55.0,2022-11-25
2022-11-26,0.0,0.0,0.0,42.0,57.0,2022-11-26
2022-11-27,0.7,0.0,0.0,48.0,60.0,2022-11-27
2022-11-28,0.0,0.0,0.0,41.0,54.0,2022-11-28
2022-11-29,0.0,0.0,0.0,36.0,44.0,2022-11-29
2022-11-30,0.5,0.0,0.0,40.0,58.0,2022-11-30
2022-12-01,0.0,0.0,0.0,35.0,43.0,2022-12-01
2022-12-02,0.0,0.0,0.0,32.0,47.0,2022-12-02
2022-12-03,0.49,0.0,0.0,45.0,58.0,2022-12-03
2022-12-04,0.0,0.0,0.0,38.0,45.0,2022-12-04
2022-12-05,0.0,0.0,0.0,36.0,48.0,2022-12-05
2022-12-06,1.05,0.0,0.0,42.0,58.0,2022-12-06
2022-12-07,0.26,0.0,0.0,54.0,59.0,2022-12-07
2022-12-08,0.0,0.0,0.0,42.0,55.0,2022-12-08
2022-12-09,0.0,0.0,0.0,36.0,45.0,2022-12-09
2022-12-10,0.0,0.0,0.0,32.0,39.0,2022-12-10
2022-12-11,0.32,0.0,0.0,33.0,40.0,2022-12-11
2022-12-12,0.01,0.0,0.0,28.0,38.0,2022-12-12
2022-12-13,0.0,0.0,0.0,25.0,40.0,2022-12-13
2022-12-14,0.0,0.0,0.0,31.0,39.0,2022-12-14
2022-12-15,0.51,0.0,0.0,33.0,42.0,2022-12-15
2022-12-16,0.85,0.0,0.0,38.0,44.0,2022-12-16
2022-12-17,0.0,0.0,0.0,36.0,44.0,2022-12-17
2022-12-18,0.0,0.0,0.0,32.0,40.0,2022-12-18
2022-12-19,0.0,0.0,0.0,31.0,39.0,2022-12-19
2022-12-20,0.0,0.0,0.0,30.0,39.0,2022-12-20
2022-12-21,0.0,0.0,0.0,27.0,40.0,2022-12-21
2022-12-22,0.23,0.0,0.0,35.0,47.0,2022-12-22
2022-12-23,1.83,0.0,0.0,8.0,58.0,2022-12-23
2022-12-24,0.0,0.0,0.0,7.0,15.0,2022-12-24
2022-12-25,0.0,0.0,0.0,14.0,28.0,2022-12-25
2022-12-26,0.0,0.0,0.0,18.0,29.0,2022-12-26
2022-12-27,0.0,0.0,0.0,29.0,35.0,2022-12-27
2022-12-28,0.0,0.0,0.0,33.0,47.0,2022-12-28
2022-12-29,0.0,0.0,0.0,40.0,51.0,2022-12-29
