period,value,is_weekend,is_holiday
2026-07-22,476647,0,0
2026-07-21,475020,0,0
2026-07-20,425790,0,0
2026-07-19,412254,1,0
2026-07-18,454595,1,0
2026-07-17,477357,0,0
2026-07-16,512171,0,0
2026-07-15,581613,0,0
2026-07-14,542800,0,0
2026-07-13,485110,0,0
2026-07-12,429766,1,0
2026-07-11,457287,1,0
2026-07-10,515623,0,0
2026-07-09,503247,0,0
2026-07-08,458423,0,0
2026-07-07,426784,0,0
2026-07-06,459167,0,0
2026-07-05,486394,1,0
2026-07-04,550294,1,1
2026-07-03,611504,0,1
2026-07-02,625158,0,0
2026-07-01,569867,0,0
2026-06-30,522414,0,0
2026-06-29,484364,0,0
2026-06-28,423240,1,0
2026-06-27,414385,1,0
2026-06-26,439581,0,0
2026-06-25,431107,0,0
2026-06-24,406722,0,0
2026-06-23,409777,0,0
2026-06-22,425162,0,0
2026-06-21,382267,1,0
2026-06-20,381250,1,0
2026-06-19,416595,0,1
2026-06-18,450741,0,0
2026-06-17,405213,0,0
2026-06-16,379873,0,0
2026-06-15,415978,0,0
2026-06-14,455682,1,0
2026-06-13,457863,1,0
2026-06-12,536765,0,0
2026-06-11,532166,0,0
2026-06-10,463567,0,0
2026-06-09,411046,0,0
2026-06-08,396618,0,0
2026-06-07,411735,1,0
2026-06-06,434983,1,0
2026-06-05,428309,0,0
2026-06-04,395732,0,0
2026-06-03,373297,0,0
2026-06-02,346961,0,0
2026-06-01,340552,0,0
2026-05-31,312799,1,0
2026-05-30,313734,1,0
2026-05-29,354028,0,0
2026-05-28,375518,0,0
2026-05-27,392603,0,0
2026-05-26,362512,0,0
2026-05-25,329585,0,1
2026-05-24,335688,1,0
2026-05-23,340533,1,0
2026-05-22,335007,0,0
2026-05-21,367875,0,0
2026-05-20,478266,0,0
2026-05-19,481122,0,0
2026-05-18,436576,0,0
2026-05-17,352433,1,0
2026-05-16,316663,1,0
2026-05-15,337247,0,0
2026-05-14,356595,0,0
2026-05-13,351045,0,0
2026-05-12,323693,0,0
2026-05-11,334938,0,0
2026-05-10,307665,1,0
2026-05-09,331074,1,0
2026-05-08,335961,0,0
2026-05-07,336219,0,0
2026-05-06,373795,0,0
2026-05-05,353722,0,0
2026-05-04,335137,0,0
2026-05-03,313630,1,0
2026-05-02,323252,1,0
2026-05-01,335996,0,0
2026-04-30,357106,0,0
2026-04-29,347846,0,0
2026-04-28,340216,0,0
2026-04-27,326786,0,0
2026-04-26,312899,1,0
2026-04-25,343784,1,0
2026-04-24,326804,0,0
2026-04-23,337142,0,0
2026-04-22,358349,0,0
2026-04-21,355667,0,0
2026-04-20,358494,0,0
2026-04-19,337198,1,0
2026-04-18,320966,1,0
2026-04-17,379565,0,0
2026-04-16,404315,0,0
2026-04-15,385907,0,0
2026-04-14,364209,0,0
2026-04-13,357342,0,0
2026-04-12,325079,1,0
2026-04-11,312384,1,0
2026-04-10,345776,0,0
2026-04-09,348705,0,0
2026-04-08,360360,0,0
2026-04-07,369536,0,0
2026-04-06,359426,0,0
2026-04-05,341676,1,0
2026-04-04,322634,1,0
2026-04-03,348163,0,0
2026-04-02,379391,0,0
2026-04-01,372270,0,0
2026-03-31,362338,0,0
2026-03-30,353898,0,0
2026-03-29,346164,1,0
2026-03-28,362212,1,0
2026-03-27,359320,0,0
2026-03-26,364392,0,0
2026-03-25,373311,0,0
2026-03-24,379841,0,0
2026-03-23,406749,0,0
2026-03-22,368779,1,0
2026-03-21,356588,1,0
2026-03-20,395661,0,0
2026-03-19,415249,0,0
2026-03-18,414090,0,0
2026-03-17,401401,0,0
2026-03-16,393083,0,0
2026-03-15,380017,1,0
2026-03-14,378730,1,0
2026-03-13,412985,0,0
2026-03-12,398286,0,0
2026-03-11,367660,0,0
2026-03-10,357912,0,0
2026-03-09,355873,0,0
2026-03-08,341740,1,0
2026-03-07,383179,1,0
2026-03-06,420563,0,0
2026-03-05,426250,0,0
2026-03-04,406190,0,0
2026-03-03,458964,0,0
2026-03-02,438419,0,0
2026-03-01,398862,1,0
2026-02-28,382600,1,0
2026-02-27,418645,0,0
2026-02-26,428420,0,0
2026-02-25,456742,0,0
2026-02-24,462318,0,0
2026-02-23,449523,0,0
2026-02-22,424742,1,0
2026-02-21,409201,1,0
2026-02-20,441238,0,0
2026-02-19,426808,0,0
2026-02-18,439069,0,0
2026-02-17,433071,0,0
2026-02-16,431441,0,1
2026-02-15,408029,1,0
2026-02-14,427075,1,0
2026-02-13,455128,0,0
2026-02-12,462239,0,0
2026-02-11,466332,0,0
2026-02-10,487923,0,0
2026-02-09,385476,0,0
2026-02-08,522575,1,0
2026-02-07,503844,1,0
2026-02-06,478617,0,0
2026-02-05,478975,0,0
2026-02-04,473389,0,0
2026-02-03,493290,0,0
2026-02-02,504373,0,0
2026-02-01,503274,1,0
2026-01-31,502982,1,0
2026-01-30,530778,0,0
2026-01-29,521699,0,0
2026-01-28,516929,0,0
2026-01-27,519719,0,0
2026-01-26,502319,0,0
2026-01-25,511960,1,0
2026-01-24,497876,1,0
2026-01-23,471379,0,0
2026-01-22,449357,0,0
2026-01-21,497750,0,0
2026-01-20,498299,0,0
2026-01-19,464296,0,1
2026-01-18,435108,1,0
2026-01-17,435414,1,0
2026-01-16,466357,0,0
2026-01-15,440042,0,0
2026-01-14,420426,0,0
2026-01-13,427538,0,0
2026-01-12,442783,0,0
2026-01-11,403027,1,0
2026-01-10,401761,1,0
2026-01-09,420552,0,0
2026-01-08,415745,0,0
2026-01-07,433790,0,0
2026-01-06,448764,0,0
2026-01-05,472942,0,0
2026-01-04,449678,1,0
2026-01-03,459360,1,0
2026-01-02,478538,0,0
2026-01-01,448333,0,1
2025-12-31,461980,0,0
2025-12-30,469504,0,0
2025-12-29,441137,0,0
2025-12-28,446239,1,0
2025-12-27,453744,1,0
2025-12-26,464476,0,0
2025-12-25,403690,0,1
2025-12-24,416801,0,0
2025-12-23,449593,0,0
2025-12-22,448217,0,0
2025-12-21,420817,1,0
2025-12-20,426416,1,0
2025-12-19,430530,0,0
2025-12-18,429403,0,0
2025-12-17,460888,0,0
2025-12-16,480325,0,0
2025-12-15,499898,0,0
2025-12-14,458703,1,0
2025-12-13,446784,1,0
2025-12-12,467680,0,0
2025-12-11,462692,0,0
2025-12-10,456963,0,0
2025-12-09,479786,0,0
2025-12-08,459311,0,0
2025-12-07,415891,1,0
2025-12-06,427742,1,0
2025-12-05,469072,0,0
2025-12-04,449323,0,0
2025-12-03,436494,0,0
2025-12-02,446583,0,0
2025-12-01,418250,0,0
2025-11-30,401931,1,0
2025-11-29,390145,1,0
2025-11-28,398027,0,0
2025-11-27,371650,0,1
2025-11-26,387216,0,0
2025-11-25,401879,0,0
2025-11-24,391658,0,0
2025-11-23,387763,1,0
2025-11-22,373317,1,0
2025-11-21,405336,0,0
2025-11-20,402034,0,0
2025-11-19,404923,0,0
2025-11-18,406016,0,0
2025-11-17,414358,0,0
2025-11-16,368835,1,0
2025-11-15,374381,1,0
2025-11-14,394307,0,0
2025-11-13,400214,0,0
2025-11-12,415637,0,0
2025-11-11,420212,0,1
2025-11-10,400681,0,0
2025-11-09,361975,1,0
2025-11-08,343508,1,0
2025-11-07,383078,0,0
2025-11-06,379278,0,0
2025-11-05,382182,0,0
2025-11-04,366601,0,0
2025-11-03,381480,0,0
2025-11-02,355978,1,0
2025-11-01,351857,1,0
2025-10-31,376837,0,0
2025-10-30,390814,0,0
2025-10-29,373252,0,0
2025-10-28,372623,0,0
2025-10-27,367741,0,0
2025-10-26,335100,1,0
2025-10-25,341944,1,0
2025-10-24,362965,0,0
2025-10-23,366155,0,0
2025-10-22,362556,0,0
2025-10-21,355615,0,0
2025-10-20,367678,0,0
2025-10-19,334015,1,0
2025-10-18,333437,1,0
2025-10-17,355083,0,0
2025-10-16,348705,0,0
2025-10-15,355820,0,0
2025-10-14,365212,0,0
2025-10-13,367765,0,1
2025-10-12,331635,1,0
2025-10-11,335621,1,0
2025-10-10,343863,0,0
2025-10-09,340193,0,0
2025-10-08,379896,0,0
2025-10-07,412826,0,0
2025-10-06,398925,0,0
2025-10-05,365686,1,0
2025-10-04,345358,1,0
2025-10-03,349375,0,0
2025-10-02,345548,0,0
2025-10-01,353297,0,0
2025-09-30,388509,0,0
2025-09-29,400388,0,0
2025-09-28,389718,1,0
2025-09-27,384042,1,0
2025-09-26,423653,0,0
2025-09-25,443927,0,0
2025-09-24,432178,0,0
2025-09-23,416524,0,0
2025-09-22,379327,0,0
2025-09-21,337369,1,0
2025-09-20,344147,1,0
2025-09-19,410318,0,0
2025-09-18,406058,0,0
2025-09-17,386088,0,0
2025-09-16,392441,0,0
2025-09-15,408169,0,0
2025-09-14,382054,1,0
2025-09-13,375302,1,0
2025-09-12,386145,0,0
2025-09-11,383588,0,0
2025-09-10,373084,0,0
2025-09-09,365709,0,0
2025-09-08,363745,0,0
2025-09-07,359811,1,0
2025-09-06,424128,1,0
2025-09-05,431027,0,0
2025-09-04,414686,0,0
2025-09-03,400220,0,0
2025-09-02,395951,0,0
2025-09-01,363315,0,1
2025-08-31,342833,1,0
2025-08-30,344509,1,0
2025-08-29,392702,0,0
2025-08-28,387000,0,0
2025-08-27,389620,0,0
2025-08-26,410750,0,0
2025-08-25,447864,0,0
2025-08-24,414496,1,0
2025-08-23,400489,1,0
2025-08-22,398716,0,0
2025-08-21,385529,0,0
2025-08-20,413024,0,0
2025-08-19,413861,0,0
2025-08-18,430269,0,0
2025-08-17,498703,1,0
2025-08-16,492830,1,0
2025-08-15,517722,0,0
2025-08-14,539828,0,0
2025-08-13,557728,0,0
2025-08-12,541109,0,0
2025-08-11,515453,0,0
2025-08-10,459226,1,0
2025-08-09,434994,1,0
2025-08-08,450265,0,0
2025-08-07,461535,0,0
2025-08-06,474832,0,0
2025-08-05,487114,0,0
2025-08-04,470645,0,0
2025-08-03,403537,1,0
2025-08-02,387889,1,0
2025-08-01,416720,0,0
2025-07-31,531768,0,0
2025-07-30,603912,0,0
2025-07-29,610519,0,0
2025-07-28,578466,0,0
2025-07-27,497735,1,0
2025-07-26,501454,1,0
2025-07-25,575639,0,0
2025-07-24,524638,0,0
2025-07-23,466856,0,0
2025-07-22,443227,0,0
2025-07-21,493897,0,0
2025-07-20,507938,1,0
2025-07-19,454397,1,0
2025-07-18,492801,0,0
2025-07-17,594728,0,0
2025-07-16,587198,0,0
2025-07-15,553254,0,0
2025-07-14,554606,0,0
2025-07-13,510365,1,0
2025-07-12,514639,1,0
2025-07-11,533381,0,0
2025-07-10,530750,0,0
2025-07-09,556728,0,0
2025-07-08,574492,0,0
2025-07-07,565879,0,0
2025-07-06,500009,1,0
2025-07-05,439855,1,0
2025-07-04,412395,0,1
2025-07-03,494340,0,0
2025-07-02,510732,0,0
2025-07-01,553433,0,0
2025-06-30,532117,0,0
2025-06-29,478643,1,0
2025-06-28,436440,1,0
2025-06-27,425393,0,0
2025-06-26,504822,0,0
2025-06-25,631325,0,0
2025-06-24,634989,0,0
2025-06-23,605720,0,0
2025-06-22,499901,1,0
2025-06-21,453899,1,0
2025-06-20,445034,0,0
2025-06-19,486067,0,1
2025-06-18,442047,0,0
2025-06-17,403093,0,0
2025-06-16,385072,0,0
2025-06-15,346071,1,0
2025-06-14,360984,1,0
2025-06-13,410319,0,0
2025-06-12,442764,0,0
2025-06-11,408877,0,0
2025-06-10,391678,0,0
2025-06-09,393737,0,0
2025-06-08,372609,1,0
2025-06-07,407747,1,0
2025-06-06,459310,0,0
2025-06-05,450580,0,0
2025-06-04,398247,0,0
2025-06-03,361515,0,0
2025-06-02,340152,0,0
2025-06-01,321141,1,0
2025-05-31,347440,1,0
2025-05-30,364810,0,0
2025-05-29,364022,0,0
2025-05-28,359169,0,0
2025-05-27,353250,0,0
2025-05-26,315141,0,1
2025-05-25,317846,1,0
2025-05-24,330395,1,0
2025-05-23,365159,0,0
2025-05-22,374452,0,0
2025-05-21,370021,0,0
2025-05-20,345213,0,0
2025-05-19,352986,0,0
2025-05-18,352067,1,0
2025-05-17,371042,1,0
2025-05-16,381591,0,0
2025-05-15,378697,0,0
2025-05-14,374649,0,0
2025-05-13,371528,0,0
2025-05-12,350168,0,0
2025-05-11,314285,1,0
2025-05-10,319321,1,0
2025-05-09,372257,0,0
2025-05-08,368991,0,0
2025-05-07,357163,0,0
2025-05-06,365045,0,0
2025-05-05,370613,0,0
2025-05-04,351454,1,0
2025-05-03,359167,1,0
2025-05-02,364283,0,0
2025-05-01,342641,0,0
2025-04-30,345429,0,0
2025-04-29,350034,0,0
2025-04-28,338108,0,0
2025-04-27,319753,1,0
2025-04-26,350989,1,0
2025-04-25,356956,0,0
2025-04-24,347655,0,0
2025-04-23,340232,0,0
2025-04-22,349718,0,0
2025-04-21,359352,0,0
2025-04-20,310102,1,0
2025-04-19,338963,1,0
2025-04-18,344463,0,0
2025-04-17,346878,0,0
2025-04-16,382310,0,0
2025-04-15,357518,0,0
2025-04-14,353510,0,0
2025-04-13,341598,1,0
2025-04-12,381150,1,0
2025-04-11,391914,0,0
2025-04-10,391883,0,0
2025-04-09,380058,0,0
2025-04-08,390632,0,0
2025-04-07,383201,0,0
2025-04-06,347576,1,0
2025-04-05,355164,1,0
2025-04-04,346729,0,0
2025-04-03,377519,0,0
2025-04-02,387527,0,0
2025-04-01,358784,0,0
2025-03-31,370439,0,0
2025-03-30,360251,1,0
2025-03-29,356584,1,0
2025-03-28,373815,0,0
2025-03-27,371568,0,0
2025-03-26,383131,0,0
2025-03-25,378674,0,0
2025-03-24,398827,0,0
2025-03-23,351612,1,0
2025-03-22,354942,1,0
2025-03-21,360106,0,0
2025-03-20,365904,0,0
2025-03-19,354325,0,0
2025-03-18,367109,0,0
2025-03-17,383316,0,0
2025-03-16,350585,1,0
2025-03-15,353508,1,0
2025-03-14,362794,0,0
2025-03-13,374367,0,0
2025-03-12,380035,0,0
2025-03-11,360839,0,0
2025-03-10,368767,0,0
2025-03-09,361838,1,0
2025-03-08,379947,1,0
2025-03-07,406048,0,0
2025-03-06,403469,0,0
2025-03-05,407344,0,0
2025-03-04,420282,0,0
2025-03-03,430754,0,0
2025-03-02,417602,1,0
2025-03-01,391122,1,0
2025-02-28,395168,0,0
2025-02-27,413497,0,0
2025-02-26,390557,0,0
2025-02-25,409251,0,0
2025-02-24,414863,0,0
2025-02-23,407668,1,0
2025-02-22,424577,1,0
2025-02-21,466908,0,0
2025-02-20,475569,0,0
2025-02-19,475123,0,0
2025-02-18,476969,0,0
2025-02-17,450724,0,1
2025-02-16,428955,1,0
2025-02-15,442916,1,0
2025-02-14,442568,0,0
2025-02-13,449773,0,0
2025-02-12,461393,0,0
2025-02-11,462141,0,0
2025-02-10,450779,0,0
2025-02-09,437321,1,0
2025-02-08,435101,1,0
2025-02-07,437921,0,0
2025-02-06,466398,0,0
2025-02-05,450687,0,0
2025-02-04,433662,0,0
2025-02-03,443795,0,0
2025-02-02,458769,1,0
2025-02-01,427318,1,0
2025-01-31,444812,0,0
2025-01-30,456746,0,0
2025-01-29,444445,0,0
2025-01-28,446129,0,0
2025-01-27,445832,0,0
2025-01-26,433362,1,0
2025-01-25,456690,1,0
2025-01-24,479623,0,0
2025-01-23,493684,0,0
2025-01-22,512469,0,0
2025-01-21,507458,0,0
2025-01-20,476314,0,1
2025-01-19,425620,1,0
2025-01-18,423690,1,0
2025-01-17,452520,0,0
2025-01-16,471935,0,0
2025-01-15,429499,0,0
2025-01-14,460618,0,0
2025-01-13,450534,0,0
2025-01-12,420996,1,0
2025-01-11,439882,1,0
2025-01-10,457755,0,0
2025-01-09,490373,0,0
2025-01-08,491538,0,0
2025-01-07,489499,0,0
2025-01-06,478157,0,0
2025-01-05,444306,1,0
2025-01-04,444490,1,0
2025-01-03,443961,0,0
2025-01-02,433967,0,0
2025-01-01,386468,0,1
2024-12-31,387803,0,0
2024-12-30,389721,0,0
2024-12-29,384030,1,0
2024-12-28,407169,1,0
2024-12-27,446691,0,0
2024-12-26,452405,0,0
2024-12-25,421329,0,1
2024-12-24,452742,0,0
2024-12-23,499812,0,0
2024-12-22,478530,1,0
2024-12-21,454146,1,0
2024-12-20,450901,0,0
2024-12-19,425504,0,0
2024-12-18,413074,0,0
2024-12-17,406974,0,0
2024-12-16,434083,0,0
2024-12-15,432459,1,0
2024-12-14,434485,1,0
2024-12-13,453408,0,0
2024-12-12,433378,0,0
2024-12-11,412993,0,0
2024-12-10,415010,0,0
2024-12-09,424459,0,0
2024-12-08,403297,1,0
2024-12-07,426283,1,0
2024-12-06,452742,0,0
2024-12-05,445660,0,0
2024-12-04,447651,0,0
2024-12-03,440665,0,0
2024-12-02,439637,0,0
2024-12-01,412709,1,0
2024-11-30,398752,1,0
2024-11-29,387608,0,0
2024-11-28,380960,0,1
2024-11-27,389193,0,0
2024-11-26,395848,0,0
2024-11-25,386591,0,0
2024-11-24,368594,1,0
2024-11-23,374705,1,0
2024-11-22,406854,0,0
2024-11-21,394330,0,0
2024-11-20,378483,0,0
2024-11-19,376740,0,0
2024-11-18,371605,0,0
2024-11-17,353747,1,0
2024-11-16,354835,1,0
2024-11-15,386291,0,0
2024-11-14,400435,0,0
2024-11-13,387730,0,0
2024-11-12,377863,0,0
2024-11-11,374033,0,1
2024-11-10,355474,1,0
2024-11-09,344838,1,0
2024-11-08,367491,0,0
2024-11-07,378476,0,0
2024-11-06,386179,0,0
2024-11-05,371794,0,0
2024-11-04,385333,0,0
2024-11-03,358226,1,0
2024-11-02,345239,1,0
2024-11-01,380282,0,0
2024-10-31,376387,0,0
2024-10-30,369942,0,0
2024-10-29,380778,0,0
2024-10-28,369182,0,0
2024-10-27,340857,1,0
2024-10-26,337178,1,0
2024-10-25,361117,0,0
2024-10-24,366182,0,0
2024-10-23,376031,0,0
2024-10-22,373493,0,0
2024-10-21,363870,0,0
2024-10-20,330021,1,0
2024-10-19,334870,1,0
2024-10-18,359360,0,0
2024-10-17,365921,0,0
2024-10-16,371418,0,0
2024-10-15,370140,0,0
2024-10-14,373774,0,1
2024-10-13,349858,1,0
2024-10-12,327886,1,0
2024-10-11,354992,0,0
2024-10-10,360125,0,0
2024-10-09,328198,0,0
2024-10-08,358371,0,0
2024-10-07,375050,0,0
2024-10-06,337242,1,0
2024-10-05,346119,1,0
2024-10-04,370991,0,0
2024-10-03,369088,0,0
2024-10-02,374092,0,0
2024-10-01,378816,0,0
2024-09-30,380784,0,0
2024-09-29,360454,1,0
2024-09-28,368122,1,0
2024-09-27,393654,0,0
2024-09-26,406784,0,0
2024-09-25,384115,0,0
2024-09-24,376808,0,0
2024-09-23,389014,0,0
2024-09-22,372482,1,0
2024-09-21,387404,1,0
2024-09-20,429269,0,0
2024-09-19,434128,0,0
2024-09-18,421286,0,0
2024-09-17,422263,0,0
2024-09-16,415597,0,0
2024-09-15,404636,1,0
2024-09-14,411903,1,0
2024-09-13,420936,0,0
2024-09-12,408416,0,0
2024-09-11,389353,0,0
2024-09-10,388966,0,0
2024-09-09,377879,0,0
2024-09-08,338759,1,0
2024-09-07,387435,1,0
2024-09-06,415105,0,0
2024-09-05,401446,0,0
2024-09-04,392797,0,0
2024-09-03,382423,0,0
2024-09-02,394828,0,1
2024-09-01,436966,1,0
2024-08-31,429079,1,0
2024-08-30,437924,0,0
2024-08-29,475354,0,0
2024-08-28,539447,0,0
2024-08-27,487564,0,0
2024-08-26,475589,0,0
2024-08-25,425264,1,0
2024-08-24,405102,1,0
2024-08-23,407431,0,0
2024-08-22,389306,0,0
2024-08-21,382126,0,0
2024-08-20,401830,0,0
2024-08-19,477779,0,0
2024-08-18,454911,1,0
2024-08-17,462051,1,0
2024-08-16,492956,0,0
2024-08-15,480985,0,0
2024-08-14,465624,0,0
2024-08-13,436644,0,0
2024-08-12,436269,0,0
2024-08-11,421810,1,0
2024-08-10,459300,1,0
2024-08-09,498953,0,0
2024-08-08,437163,0,0
2024-08-07,448992,0,0
2024-08-06,537462,0,0
2024-08-05,544649,0,0
2024-08-04,501763,1,0
2024-08-03,536896,1,0
2024-08-02,580016,0,0
2024-08-01,578337,0,0
2024-07-31,565967,0,0
2024-07-30,549083,0,0
2024-07-29,512723,0,0
2024-07-28,457041,1,0
2024-07-27,446802,1,0
2024-07-26,459510,0,0
2024-07-25,504415,0,0
2024-07-24,522291,0,0
2024-07-23,515697,0,0
2024-07-22,526457,0,0
2024-07-21,482653,1,0
2024-07-20,457240,1,0
2024-07-19,474958,0,0
2024-07-18,523047,0,0
2024-07-17,572022,0,0
2024-07-16,592567,0,0
2024-07-15,582246,0,0
2024-07-14,519002,1,0
2024-07-13,514810,1,0
2024-07-12,537021,0,0
2024-07-11,560345,0,0
2024-07-10,596679,0,0
2024-07-09,584881,0,0
2024-07-08,575041,0,0
2024-07-07,521388,1,0
2024-07-06,524043,1,0
2024-07-05,535062,0,0
2024-07-04,468304,0,1
2024-07-03,464048,0,0
2024-07-02,442764,0,0
2024-07-01,431153,0,0
2024-06-30,459818,1,0
2024-06-29,428966,1,0
2024-06-28,413704,0,0
2024-06-27,474388,0,0
2024-06-26,525513,0,0
2024-06-25,488333,0,0
2024-06-24,487872,0,0
2024-06-23,528587,1,0
2024-06-22,535052,1,0
2024-06-21,569747,0,0
2024-06-20,560371,0,0
2024-06-19,543998,0,1
2024-06-18,528597,0,0
2024-06-17,472702,0,0
2024-06-16,373330,1,0
2024-06-15,392856,1,0
2024-06-14,460500,0,0
2024-06-13,437863,0,0
2024-06-12,400073,0,0
2024-06-11,396022,0,0
2024-06-10,397209,0,0
2024-06-09,372919,1,0
2024-06-08,379216,1,0
2024-06-07,437779,0,0
2024-06-06,475275,0,0
2024-06-05,461009,0,0
2024-06-04,455096,0,0
2024-06-03,448343,0,0
2024-06-02,378133,1,0
2024-06-01,360183,1,0
2024-05-31,365780,0,0
2024-05-30,368523,0,0
2024-05-29,393945,0,0
2024-05-28,415978,0,0
2024-05-27,398974,0,1
2024-05-26,382548,1,0
2024-05-25,375230,1,0
2024-05-24,414012,0,0
2024-05-23,424937,0,0
2024-05-22,434377,0,0
2024-05-21,408914,0,0
2024-05-20,377636,0,0
2024-05-19,336057,1,0
2024-05-18,336962,1,0
2024-05-17,358677,0,0
2024-05-16,363810,0,0
2024-05-15,367413,0,0
2024-05-14,354711,0,0
2024-05-13,347954,0,0
2024-05-12,322479,1,0
2024-05-11,318881,1,0
2024-05-10,355509,0,0
2024-05-09,361010,0,0
2024-05-08,377331,0,0
2024-05-07,351355,0,0
2024-05-06,350571,0,0
2024-05-05,337959,1,0
2024-05-04,322139,1,0
2024-05-03,341940,0,0
2024-05-02,349936,0,0
2024-05-01,350558,0,0
2024-04-30,357614,0,0
2024-04-29,367015,0,0
2024-04-28,325176,1,0
2024-04-27,326116,1,0
2024-04-26,339869,0,0
2024-04-25,343892,0,0
2024-04-24,355440,0,0
2024-04-23,342348,0,0
2024-04-22,342465,0,0
2024-04-21,338783,1,0
2024-04-20,332701,1,0
2024-04-19,358950,0,0
2024-04-18,374256,0,0
2024-04-17,356408,0,0
2024-04-16,339492,0,0
2024-04-15,350306,0,0
2024-04-14,335281,1,0
2024-04-13,348744,1,0
2024-04-12,362000,0,0
2024-04-11,365841,0,0
2024-04-10,355212,0,0
2024-04-09,346768,0,0
2024-04-08,359559,0,0
2024-04-07,331645,1,0
2024-04-06,356074,1,0
2024-04-05,388378,0,0
2024-04-04,397689,0,0
2024-04-03,407045,0,0
2024-04-02,387097,0,0
2024-04-01,367507,0,0
2024-03-31,324834,1,0
2024-03-30,344454,1,0
2024-03-29,368971,0,0
2024-03-28,385640,0,0
2024-03-27,383448,0,0
2024-03-26,385561,0,0
2024-03-25,383981,0,0
2024-03-24,374124,1,0
2024-03-23,401240,1,0
2024-03-22,415370,0,0
2024-03-21,410406,0,0
2024-03-20,397710,0,0
2024-03-19,393405,0,0
2024-03-18,382298,0,0
2024-03-17,336793,1,0
2024-03-16,335411,1,0
2024-03-15,366545,0,0
2024-03-14,357131,0,0
2024-03-13,359800,0,0
2024-03-12,368076,0,0
2024-03-11,396162,0,0
2024-03-10,359499,1,0
2024-03-09,379781,1,0
2024-03-08,367479,0,0
2024-03-07,381120,0,0
2024-03-06,389117,0,0
2024-03-05,384689,0,0
2024-03-04,367679,0,0
2024-03-03,351663,1,0
2024-03-02,386945,1,0
2024-03-01,402317,0,0
2024-02-29,421602,0,0
2024-02-28,396623,0,0
2024-02-27,385408,0,0
2024-02-26,395371,0,0
2024-02-25,393214,1,0
2024-02-24,388729,1,0
2024-02-23,401186,0,0
2024-02-22,416491,0,0
2024-02-21,418196,0,0
2024-02-20,428184,0,0
2024-02-19,415805,0,1
2024-02-18,418952,1,0
2024-02-17,421321,1,0
2024-02-16,426724,0,0
2024-02-15,441473,0,0
2024-02-14,436800,0,0
2024-02-13,427326,0,0
2024-02-12,408515,0,0
2024-02-11,375216,1,0
2024-02-10,366403,1,0
2024-02-09,390065,0,0
2024-02-08,403921,0,0
2024-02-07,419883,0,0
2024-02-06,423078,0,0
2024-02-05,418621,0,0
2024-02-04,388873,1,0
2024-02-03,394338,1,0
2024-02-02,422726,0,0
2024-02-01,427766,0,0
2024-01-31,435711,0,0
2024-01-30,442912,0,0
2024-01-29,438516,0,0
2024-01-28,404502,1,0
2024-01-27,391839,1,0
2024-01-26,415228,0,0
2024-01-25,411051,0,0
2024-01-24,434340,0,0
2024-01-23,446742,0,0
2024-01-22,468156,0,0
2024-01-21,463436,1,0
2024-01-20,473397,1,0
2024-01-19,475271,0,0
2024-01-18,483811,0,0
2024-01-17,461496,0,0
2024-01-16,470943,0,0
2024-01-15,450200,0,1
2024-01-14,411754,1,0
2024-01-13,389538,1,0
2024-01-12,406979,0,0
2024-01-11,416354,0,0
2024-01-10,410623,0,0
2024-01-09,435703,0,0
2024-01-08,429591,0,0
2024-01-07,418058,1,0
2024-01-06,426204,1,0
2024-01-05,443452,0,0
2024-01-04,430238,0,0
2024-01-03,427709,0,0
2024-01-02,423513,0,0
2024-01-01,387760,0,1
2023-12-31,390049,1,0
2023-12-30,382382,1,0
2023-12-29,384132,0,0
2023-12-28,389848,0,0
2023-12-27,394055,0,0
2023-12-26,391138,0,0
2023-12-25,360649,0,1
2023-12-24,384835,1,0
2023-12-23,411441,1,0
2023-12-22,436126,0,0
2023-12-21,429908,0,0
2023-12-20,435155,0,0
2023-12-19,428070,0,0
2023-12-18,403894,0,0
2023-12-17,380944,1,0
2023-12-16,376701,1,0
2023-12-15,406664,0,0
2023-12-14,429718,0,0
2023-12-13,422306,0,0
2023-12-12,416767,0,0
2023-12-11,419515,0,0
2023-12-10,376182,1,0
2023-12-09,373711,1,0
2023-12-08,412205,0,0
2023-12-07,442171,0,0
2023-12-06,431962,0,0
2023-12-05,420938,0,0
2023-12-04,403910,0,0
2023-12-03,381390,1,0
2023-12-02,378264,1,0
2023-12-01,410305,0,0
2023-11-30,414521,0,0
2023-11-29,441816,0,0
2023-11-28,431182,0,0
2023-11-27,402302,0,0
2023-11-26,381840,1,0
2023-11-25,385287,1,0
2023-11-24,374717,0,0
2023-11-23,357208,0,1
2023-11-22,399455,0,0
2023-11-21,422208,0,0
2023-11-20,398738,0,0
2023-11-19,361956,1,0
2023-11-18,353161,1,0
2023-11-17,376382,0,0
2023-11-16,379487,0,0
2023-11-15,390690,0,0
2023-11-14,397633,0,0
2023-11-13,402867,0,0
2023-11-12,369083,1,0
2023-11-11,363503,1,1
2023-11-10,386341,0,1
2023-11-09,393383,0,0
2023-11-08,383652,0,0
2023-11-07,377906,0,0
2023-11-06,380687,0,0
2023-11-05,356806,1,0
2023-11-04,353806,1,0
2023-11-03,376754,0,0
2023-11-02,393357,0,0
2023-11-01,391850,0,0
2023-10-31,376276,0,0
2023-10-30,381897,0,0
2023-10-29,350128,1,0
2023-10-28,354555,1,0
2023-10-27,372224,0,0
2023-10-26,372609,0,0
2023-10-25,368089,0,0
2023-10-24,367799,0,0
2023-10-23,364232,0,0
2023-10-22,341587,1,0
2023-10-21,347420,1,0
2023-10-20,372367,0,0
2023-10-19,362798,0,0
2023-10-18,370005,0,0
2023-10-17,367636,0,0
2023-10-16,365421,0,0
2023-10-15,336784,1,0
2023-10-14,347869,1,0
2023-10-13,354007,0,0
2023-10-12,360176,0,0
2023-10-11,364173,0,0
2023-10-10,362268,0,0
2023-10-09,352285,0,1
2023-10-08,324694,1,0
2023-10-07,362531,1,0
2023-10-06,409244,0,0
2023-10-05,407490,0,0
2023-10-04,421794,0,0
2023-10-03,398934,0,0
2023-10-02,386038,0,0
2023-10-01,342239,1,0
2023-09-30,343517,1,0
2023-09-29,371057,0,0
2023-09-28,358569,0,0
2023-09-27,351547,0,0
2023-09-26,362953,0,0
2023-09-25,369004,0,0
2023-09-24,347665,1,0
2023-09-23,347082,1,0
2023-09-22,368390,0,0
2023-09-21,371396,0,0
2023-09-20,372949,0,0
2023-09-19,379157,0,0
2023-09-18,401057,0,0
2023-09-17,356750,1,0
2023-09-16,347287,1,0
2023-09-15,371734,0,0
2023-09-14,416021,0,0
2023-09-13,462646,0,0
2023-09-12,469119,0,0
2023-09-11,480290,0,0
2023-09-10,450864,1,0
2023-09-09,484367,1,0
2023-09-08,531312,0,0
2023-09-07,583530,0,0
2023-09-06,590859,0,0
2023-09-05,567735,0,0
2023-09-04,495882,0,1
2023-09-03,438201,1,0
2023-09-02,379217,1,0
2023-09-01,390399,0,0
2023-08-31,404950,0,0
2023-08-30,459840,0,0
2023-08-29,459067,0,0
2023-08-28,444158,0,0
2023-08-27,419960,1,0
2023-08-26,444657,1,0
2023-08-25,452775,0,0
2023-08-24,430894,0,0
2023-08-23,424054,0,0
2023-08-22,440861,0,0
2023-08-21,495605,0,0
2023-08-20,409987,1,0
2023-08-19,382469,1,0
2023-08-18,451794,0,0
2023-08-17,479408,0,0
2023-08-16,480007,0,0
2023-08-15,481777,0,0
2023-08-14,487917,0,0
2023-08-13,460411,1,0
2023-08-12,444920,1,0
2023-08-11,457084,0,0
2023-08-10,465105,0,0
2023-08-09,469883,0,0
2023-08-08,472963,0,0
2023-08-07,493552,0,0
2023-08-06,434358,1,0
2023-08-05,437452,1,0
2023-08-04,459470,0,0
2023-08-03,445878,0,0
2023-08-02,427096,0,0
2023-08-01,435324,0,0
2023-07-31,446976,0,0
2023-07-30,414495,1,0
2023-07-29,529835,1,0
2023-07-28,577616,0,0
2023-07-27,567010,0,0
2023-07-26,517627,0,0
2023-07-25,506807,0,0
2023-07-24,506188,0,0
2023-07-23,455533,1,0
2023-07-22,449553,1,0
2023-07-21,502012,0,0
2023-07-20,501495,0,0
2023-07-19,490114,0,0
2023-07-18,526145,0,0
2023-07-17,541307,0,0
2023-07-16,497093,1,0
2023-07-15,507765,1,0
2023-07-14,518623,0,0
2023-07-13,547632,0,0
2023-07-12,532334,0,0
2023-07-11,502830,0,0
2023-07-10,496838,0,0
2023-07-09,475684,1,0
2023-07-08,494545,1,0
2023-07-07,543441,0,0
2023-07-06,563299,0,0
2023-07-05,536105,0,0
2023-07-04,471224,0,1
2023-07-03,497472,0,0
2023-07-02,451059,1,0
2023-07-01,439545,1,0
2023-06-30,460167,0,0
2023-06-29,442343,0,0
2023-06-28,447233,0,0
2023-06-27,450807,0,0
2023-06-26,469876,0,0
2023-06-25,436926,1,0
2023-06-24,415226,1,0
2023-06-23,419329,0,0
2023-06-22,397641,0,0
2023-06-21,403538,0,0
2023-06-20,419516,0,0
2023-06-19,407913,0,1
2023-06-18,362553,1,0
2023-06-17,358573,1,0
2023-06-16,399818,0,0
2023-06-15,393562,0,0
2023-06-14,398769,0,0
2023-06-13,403232,0,0
2023-06-12,417727,0,0
2023-06-11,368404,1,0
2023-06-10,345925,1,0
2023-06-09,365957,0,0
2023-06-08,368385,0,0
2023-06-07,364924,0,0
2023-06-06,373060,0,0
2023-06-05,362634,0,0
2023-06-04,323676,1,0
2023-06-03,368122,1,0
2023-06-02,448046,0,0
2023-06-01,421942,0,0
2023-05-31,389761,0,0
2023-05-30,373798,0,0
2023-05-29,346952,0,1
2023-05-28,331256,1,0
2023-05-27,327519,1,0
2023-05-26,344498,0,0
2023-05-25,344406,0,0
2023-05-24,359851,0,0
2023-05-23,355234,0,0
2023-05-22,357179,0,0
2023-05-21,321377,1,0
2023-05-20,340257,1,0
2023-05-19,347304,0,0
2023-05-18,341869,0,0
2023-05-17,349076,0,0
2023-05-16,365366,0,0
2023-05-15,353202,0,0
2023-05-14,321480,1,0
2023-05-13,361318,1,0
2023-05-12,382667,0,0
2023-05-11,357481,0,0
2023-05-10,343723,0,0
2023-05-09,343182,0,0
2023-05-08,351217,0,0
2023-05-07,319256,1,0
2023-05-06,317453,1,0
2023-05-05,347953,0,0
2023-05-04,364282,0,0
2023-05-03,362991,0,0
2023-05-02,362066,0,0
2023-05-01,354241,0,0
2023-04-30,343546,1,0
2023-04-29,347414,1,0
2023-04-28,354173,0,0
2023-04-27,353480,0,0
2023-04-26,356268,0,0
2023-04-25,357574,0,0
2023-04-24,353181,0,0
2023-04-23,329118,1,0
2023-04-22,325093,1,0
2023-04-21,340097,0,0
2023-04-20,348058,0,0
2023-04-19,359758,0,0
2023-04-18,358331,0,0
2023-04-17,354728,0,0
2023-04-16,330423,1,0
2023-04-15,345826,1,0
2023-04-14,384186,0,0
2023-04-13,370935,0,0
2023-04-12,348633,0,0
2023-04-11,346981,0,0
2023-04-10,344926,0,0
2023-04-09,318693,1,0
2023-04-08,333294,1,0
2023-04-07,348795,0,0
2023-04-06,358342,0,0
2023-04-05,369020,0,0
2023-04-04,358409,0,0
2023-04-03,363987,0,0
2023-04-02,335164,1,0
2023-04-01,340462,1,0
2023-03-31,392488,0,0
2023-03-30,383436,0,0
2023-03-29,371904,0,0
2023-03-28,380407,0,0
2023-03-27,378230,0,0
2023-03-26,336512,1,0
2023-03-25,378027,1,0
2023-03-24,370607,0,0
2023-03-23,379278,0,0
2023-03-22,371501,0,0
2023-03-21,372953,0,0
2023-03-20,385241,0,0
2023-03-19,375771,1,0
2023-03-18,357175,1,0
2023-03-17,387887,0,0
2023-03-16,392506,0,0
2023-03-15,408274,0,0
2023-03-14,423648,0,0
2023-03-13,409925,0,0
2023-03-12,359761,1,0
2023-03-11,390735,1,0
2023-03-10,407218,0,0
2023-03-09,401725,0,0
2023-03-08,409802,0,0
2023-03-07,399747,0,0
2023-03-06,391012,0,0
2023-03-05,370237,1,0
2023-03-04,387061,1,0
2023-03-03,401773,0,0
2023-03-02,405127,0,0
2023-03-01,412869,0,0
2023-02-28,431938,0,0
2023-02-27,411799,0,0
2023-02-26,399977,1,0
2023-02-25,428564,1,0
2023-02-24,413590,0,0
2023-02-23,417667,0,0
2023-02-22,414043,0,0
2023-02-21,400505,0,0
2023-02-20,375218,0,1
2023-02-19,371472,1,0
2023-02-18,380315,1,0
2023-02-17,399012,0,0
2023-02-16,379026,0,0
2023-02-15,373676,0,0
2023-02-14,380814,0,0
2023-02-13,388023,0,0
2023-02-12,375690,1,0
2023-02-11,379637,1,0
2023-02-10,392227,0,0
2023-02-09,417733,0,0
2023-02-08,402113,0,0
2023-02-07,427017,0,0
2023-02-06,423255,0,0
2023-02-05,416754,1,0
2023-02-04,484021,1,0
2023-02-03,474073,0,0
2023-02-02,434689,0,0
2023-02-01,439322,0,0
2023-01-31,432008,0,0
2023-01-30,412378,0,0
2023-01-29,386965,1,0
2023-01-28,385163,1,0
2023-01-27,421747,0,0
2023-01-26,422036,0,0
2023-01-25,433224,0,0
2023-01-24,425993,0,0
2023-01-23,430239,0,0
2023-01-22,396379,1,0
2023-01-21,401239,1,0
2023-01-20,413040,0,0
2023-01-19,421151,0,0
2023-01-18,409281,0,0
2023-01-17,428337,0,0
2023-01-16,424077,0,1
2023-01-15,411256,1,0
2023-01-14,418622,1,0
2023-01-13,411605,0,0
2023-01-12,422209,0,0
2023-01-11,427479,0,0
2023-01-10,427763,0,0
2023-01-09,419995,0,0
2023-01-08,394021,1,0
2023-01-07,392144,1,0
2023-01-06,404341,0,0
2023-01-05,395100,0,0
2023-01-04,392449,0,0
2023-01-03,404670,0,0
2023-01-02,377848,0,1
2023-01-01,357120,1,1
2022-12-31,373979,1,0
2022-12-30,388828,0,0
2022-12-29,406497,0,0
2022-12-28,423600,0,0
2022-12-27,450373,0,0
2022-12-26,445148,0,1
2022-12-25,440051,1,1
2022-12-24,471567,1,0
2022-12-23,433897,0,0
2022-12-22,437369,0,0
2022-12-21,437409,0,0
2022-12-20,439344,0,0
2022-12-19,441335,0,0
2022-12-18,405618,1,0
2022-12-17,401844,1,0
2022-12-16,431541,0,0
2022-12-15,446909,0,0
2022-12-14,445467,0,0
2022-12-13,446120,0,0
2022-12-12,440042,0,0
2022-12-11,406325,1,0
2022-12-10,398472,1,0
2022-12-09,410401,0,0
2022-12-08,395795,0,0
2022-12-07,395569,0,0
2022-12-06,412121,0,0
2022-12-05,414809,0,0
2022-12-04,383809,1,0
2022-12-03,386842,1,0
2022-12-02,414743,0,0
2022-12-01,420331,0,0
2022-11-30,412040,0,0
2022-11-29,409500,0,0
2022-11-28,395059,0,0
2022-11-27,369839,1,0
2022-11-26,355992,1,0
2022-11-25,371896,0,0
2022-11-24,360503,0,1
2022-11-23,395186,0,0
2022-11-22,404262,0,0
2022-11-21,424428,0,0
2022-11-20,399511,1,0
2022-11-19,390704,1,0
2022-11-18,407274,0,0
2022-11-17,406837,0,0
2022-11-16,405670,0,0
2022-11-15,409202,0,0
2022-11-14,393016,0,0
2022-11-13,352217,1,0
2022-11-12,350189,1,0
2022-11-11,375461,0,1
2022-11-10,368441,0,0
2022-11-09,373883,0,0
2022-11-08,364476,0,0
2022-11-07,372260,0,0
2022-11-06,365645,1,0
2022-11-05,348797,1,0
2022-11-04,362783,0,0
2022-11-03,363608,0,0
2022-11-02,363778,0,0
2022-11-01,375433,0,0
2022-10-31,369105,0,0
2022-10-30,338359,1,0
2022-10-29,342245,1,0
2022-10-28,367224,0,0
2022-10-27,362305,0,0
2022-10-26,380186,0,0
2022-10-25,377642,0,0
2022-10-24,369924,0,0
2022-10-23,337044,1,0
2022-10-22,334261,1,0
2022-10-21,363911,0,0
2022-10-20,376629,0,0
2022-10-19,377574,0,0
2022-10-18,366894,0,0
2022-10-17,372337,0,0
2022-10-16,330210,1,0
2022-10-15,332720,1,0
2022-10-14,357356,0,0
2022-10-13,379397,0,0
2022-10-12,362693,0,0
2022-10-11,361815,0,0
2022-10-10,356988,0,1
2022-10-09,331356,1,0
2022-10-08,337114,1,0
2022-10-07,370922,0,0
2022-10-06,366484,0,0
2022-10-05,370598,0,0
2022-10-04,380474,0,0
2022-10-03,371457,0,0
2022-10-02,334579,1,0
2022-10-01,339570,1,0
2022-09-30,358453,0,0
2022-09-29,361651,0,0
2022-09-28,369309,0,0
2022-09-27,372601,0,0
2022-09-26,374670,0,0
2022-09-25,345662,1,0
2022-09-24,331175,1,0
2022-09-23,355382,0,0
2022-09-22,414969,0,0
2022-09-21,430535,0,0
2022-09-20,436421,0,0
2022-09-19,457330,0,0
2022-09-18,408063,1,0
2022-09-17,373341,1,0
2022-09-16,382655,0,0
2022-09-15,397434,0,0
2022-09-14,430059,0,0
2022-09-13,473225,0,0
2022-09-12,463393,0,0
2022-09-11,410176,1,0
2022-09-10,414587,1,0
2022-09-09,430244,0,0
2022-09-08,431963,0,0
2022-09-07,431800,0,0
2022-09-06,462891,0,0
2022-09-05,462389,0,1
2022-09-04,450186,1,0
2022-09-03,421998,1,0
2022-09-02,429684,0,0
2022-09-01,458351,0,0
2022-08-31,494411,0,0
2022-08-30,553334,0,0
2022-08-29,550544,0,0
2022-08-28,468204,1,0
2022-08-27,483418,1,0
2022-08-26,525128,0,0
2022-08-25,523934,0,0
2022-08-24,515251,0,0
2022-08-23,515643,0,0
2022-08-22,503422,0,0
2022-08-21,478724,1,0
2022-08-20,494694,1,0
2022-08-19,490626,0,0
2022-08-18,463151,0,0
2022-08-17,454669,0,0
2022-08-16,467088,0,0
2022-08-15,465434,0,0
2022-08-14,412349,1,0
2022-08-13,411863,1,0
2022-08-12,475127,0,0
2022-08-11,527410,0,0
2022-08-10,543232,0,0
2022-08-09,611972,0,0
2022-08-08,621287,0,0
2022-08-07,573906,1,0
2022-08-06,560940,1,0
2022-08-05,576386,0,0
2022-08-04,581315,0,0
2022-08-03,544856,0,0
2022-08-02,537157,0,0
2022-08-01,498356,0,0
2022-07-31,470435,1,0
2022-07-30,482024,1,0
2022-07-29,532754,0,0
2022-07-28,556273,0,0
2022-07-27,498791,0,0
2022-07-26,496129,0,0
2022-07-25,574545,0,0
2022-07-24,563938,1,0
2022-07-23,559974,1,0
2022-07-22,585707,0,0
2022-07-21,608105,0,0
2022-07-20,605859,0,0
2022-07-19,558981,0,0
2022-07-18,526190,0,0
2022-07-17,480966,1,0
2022-07-16,462208,1,0
2022-07-15,486175,0,0
2022-07-14,516803,0,0
2022-07-13,527084,0,0
2022-07-12,521841,0,0
2022-07-11,472530,0,0
2022-07-10,412997,1,0
2022-07-09,440819,1,0
2022-07-08,482822,0,0
2022-07-07,481602,0,0
2022-07-06,499684,0,0
2022-07-05,475326,0,0
2022-07-04,423686,0,1
2022-07-03,442303,1,0
2022-07-02,492965,1,0
2022-07-01,526072,0,0
2022-06-30,475488,0,0
2022-06-29,443985,0,0
2022-06-28,428090,0,0
2022-06-27,470754,0,0
2022-06-26,478066,1,0
2022-06-25,456234,1,0
2022-06-24,438680,0,0
2022-06-23,418264,0,0
2022-06-22,431426,0,0
2022-06-21,421047,0,0
2022-06-20,382314,0,1
2022-06-19,328801,1,1
2022-06-18,370098,1,0
2022-06-17,478940,0,0
2022-06-16,456388,0,0
2022-06-15,458247,0,0
2022-06-14,439182,0,0
2022-06-13,450830,0,0
2022-06-12,372179,1,0
2022-06-11,380077,1,0
2022-06-10,407263,0,0
2022-06-09,442467,0,0
2022-06-08,437771,0,0
2022-06-07,417263,0,0
2022-06-06,408991,0,0
2022-06-05,354341,1,0
2022-06-04,370229,1,0
2022-06-03,409061,0,0
2022-06-02,419580,0,0
2022-06-01,422070,0,0
2022-05-31,513029,0,0
2022-05-30,407158,0,1
2022-05-29,354089,1,0
2022-05-28,370143,1,0
2022-05-27,405941,0,0
2022-05-26,376922,0,0
2022-05-25,366308,0,0
2022-05-24,368690,0,0
2022-05-23,387040,0,0
2022-05-22,426749,1,0
2022-05-21,408354,1,0
2022-05-20,369533,0,0
2022-05-19,366395,0,0
2022-05-18,354919,0,0
2022-05-17,365360,0,0
2022-05-16,391582,0,0
2022-05-15,363172,1,0
2022-05-14,368342,1,0
2022-05-13,383995,0,0
2022-05-12,367219,0,0
2022-05-11,352804,0,0
2022-05-10,345909,0,0
2022-05-09,344868,0,0
2022-05-08,320761,1,0
2022-05-07,337622,1,0
2022-05-06,357753,0,0
2022-05-05,349202,0,0
2022-05-04,365483,0,0
2022-05-03,355332,0,0
2022-05-02,364459,0,0
2022-05-01,318743,1,0
2022-04-30,324495,1,0
2022-04-29,354137,0,0
2022-04-28,363575,0,0
2022-04-27,366888,0,0
2022-04-26,367151,0,0
2022-04-25,354332,0,0
2022-04-24,317182,1,0
2022-04-23,331229,1,0
2022-04-22,349912,0,0
2022-04-21,371922,0,0
2022-04-20,364751,0,0
2022-04-19,383257,0,0
2022-04-18,371403,0,0
2022-04-17,329959,1,0
2022-04-16,337822,1,0
2022-04-15,342061,0,0
2022-04-14,363493,0,0
2022-04-13,359734,0,0
2022-04-12,356978,0,0
2022-04-11,366013,0,0
2022-04-10,354325,1,0
2022-04-09,346982,1,0
2022-04-08,366369,0,0
2022-04-07,391376,0,0
2022-04-06,379429,0,0
2022-04-05,373680,0,0
2022-04-04,380454,0,0
2022-04-03,366445,1,0
2022-04-02,352549,1,0
2022-04-01,381021,0,0
2022-03-31,387855,0,0
2022-03-30,415453,0,0
2022-03-29,422667,0,0
2022-03-28,432280,0,0
2022-03-27,370833,1,0
2022-03-26,355638,1,0
2022-03-25,376651,0,0
2022-03-24,390837,0,0
2022-03-23,390981,0,0
2022-03-22,369472,0,0
2022-03-21,365711,0,0
2022-03-20,345386,1,0
2022-03-19,340963,1,0
2022-03-18,359371,0,0
2022-03-17,376855,0,0
2022-03-16,368983,0,0
2022-03-15,383112,0,0
2022-03-14,399280,0,0
2022-03-13,391820,1,0
2022-03-12,407073,1,0
2022-03-11,391633,0,0
2022-03-10,403381,0,0
2022-03-09,423633,0,0
2022-03-08,392419,0,0
2022-03-07,390578,0,0
2022-03-06,360191,1,0
2022-03-05,396104,1,0
2022-03-04,430519,0,0
2022-03-03,416973,0,0
2022-03-02,406531,0,0
2022-03-01,432395,0,0
2022-02-28,434624,0,0
2022-02-27,401051,1,0
2022-02-26,418335,1,0
2022-02-25,446363,0,0
2022-02-24,434053,0,0
2022-02-23,398469,0,0
2022-02-22,408506,0,0
2022-02-21,394780,0,1
2022-02-20,415199,1,0
2022-02-19,427191,1,0
2022-02-18,414991,0,0
2022-02-17,409066,0,0
2022-02-16,443515,0,0
2022-02-15,472536,0,0
2022-02-14,470508,0,0
2022-02-13,418603,1,0
2022-02-12,383488,1,0
2022-02-11,405937,0,0
2022-02-10,418997,0,0
2022-02-09,427932,0,0
2022-02-08,436570,0,0
2022-02-07,451630,0,0
2022-02-06,446185,1,0
2022-02-05,448858,1,0
2022-02-04,450497,0,0
2022-02-03,435333,0,0
2022-02-02,435492,0,0
2022-02-01,458322,0,0
2022-01-31,472752,0,0
2022-01-30,464368,1,0
2022-01-29,472203,1,0
2022-01-28,463408,0,0
2022-01-27,477551,0,0
2022-01-26,470414,0,0
2022-01-25,450540,0,0
2022-01-24,459578,0,0
2022-01-23,438048,1,0
2022-01-22,463056,1,0
2022-01-21,483931,0,0
2022-01-20,451197,0,0
2022-01-19,446006,0,0
2022-01-18,455428,0,0
2022-01-17,446764,0,1
2022-01-16,461701,1,0
2022-01-15,472953,1,0
2022-01-14,440947,0,0
2022-01-13,432684,0,0
2022-01-12,465751,0,0
2022-01-11,486958,0,0
2022-01-10,455889,0,0
2022-01-09,422709,1,0
2022-01-08,439824,1,0
2022-01-07,452261,0,0
2022-01-06,435247,0,0
2022-01-05,438027,0,0
2022-01-04,453310,0,0
2022-01-03,448996,0,0
2022-01-02,382944,1,0
2022-01-01,364945,1,1
2021-12-31,380279,0,1
2021-12-30,401376,0,0
2021-12-29,411729,0,0
2021-12-28,411471,0,0
2021-12-27,424491,0,0
2021-12-26,377826,1,0
2021-12-25,381031,1,1
2021-12-24,412041,0,1
2021-12-23,434566,0,0
2021-12-22,427415,0,0
2021-12-21,427748,0,0
2021-12-20,438651,0,0
2021-12-19,402296,1,0
2021-12-18,395970,1,0
2021-12-17,387297,0,0
2021-12-16,393911,0,0
2021-12-15,417533,0,0
2021-12-14,406508,0,0
2021-12-13,407557,0,0
2021-12-12,374538,1,0
2021-12-11,385857,1,0
2021-12-10,421014,0,0
2021-12-09,439318,0,0
2021-12-08,436185,0,0
2021-12-07,424133,0,0
2021-12-06,409530,0,0
2021-12-05,386815,1,0
2021-12-04,393324,1,0
2021-12-03,410901,0,0
2021-12-02,409290,0,0
2021-12-01,414962,0,0
2021-11-30,432433,0,0
2021-11-29,424413,0,0
2021-11-28,397107,1,0
2021-11-27,390358,1,0
2021-11-26,383990,0,0
2021-11-25,368786,0,1
2021-11-24,411563,0,0
2021-11-23,415459,0,0
2021-11-22,400669,0,0
2021-11-21,365167,1,0
2021-11-20,377006,1,0
2021-11-19,395872,0,0
2021-11-18,386099,0,0
2021-11-17,400827,0,0
2021-11-16,401603,0,0
2021-11-15,401029,0,0
2021-11-14,364484,1,0
2021-11-13,363727,1,0
2021-11-12,380179,0,0
2021-11-11,378296,0,1
2021-11-10,371055,0,0
2021-11-09,378210,0,0
2021-11-08,378526,0,0
2021-11-07,370979,1,0
2021-11-06,362899,1,0
2021-11-05,388933,0,0
2021-11-04,392496,0,0
2021-11-03,387462,0,0
2021-11-02,381553,0,0
2021-11-01,368267,0,0
2021-10-31,341288,1,0
2021-10-30,354960,1,0
2021-10-29,373093,0,0
2021-10-28,370213,0,0
2021-10-27,372780,0,0
2021-10-26,386916,0,0
2021-10-25,382666,0,0
2021-10-24,338150,1,0
2021-10-23,343715,1,0
2021-10-22,373467,0,0
2021-10-21,379073,0,0
2021-10-20,372814,0,0
2021-10-19,366013,0,0
2021-10-18,366490,0,0
2021-10-17,338428,1,0
2021-10-16,381062,1,0
2021-10-15,407906,0,0
2021-10-14,398505,0,0
2021-10-13,392677,0,0
2021-10-12,389922,0,0
2021-10-11,380322,0,1
2021-10-10,350618,1,0
2021-10-09,356688,1,0
2021-10-08,396250,0,0
2021-10-07,392990,0,0
2021-10-06,384145,0,0
2021-10-05,385804,0,0
2021-10-04,407602,0,0
2021-10-03,363003,1,0
2021-10-02,345926,1,0
2021-10-01,360615,0,0
2021-09-30,368584,0,0
2021-09-29,371318,0,0
2021-09-28,401475,0,0
2021-09-27,395893,0,0
2021-09-26,349913,1,0
2021-09-25,361999,1,0
2021-09-24,398403,0,0
2021-09-23,472433,0,0
2021-09-22,465200,0,0
2021-09-21,420718,0,0
2021-09-20,414650,0,0
2021-09-19,389462,1,0
2021-09-18,442843,1,0
2021-09-17,457534,0,0
2021-09-16,455728,0,0
2021-09-15,498502,0,0
2021-09-14,466466,0,0
2021-09-13,476225,0,0
2021-09-12,414037,1,0
2021-09-11,379406,1,0
2021-09-10,405248,0,0
2021-09-09,447704,0,0
2021-09-08,469124,0,0
2021-09-07,431277,0,0
2021-09-06,411241,0,1
2021-09-05,390216,1,0
2021-09-04,381463,1,0
2021-09-03,394874,0,0
2021-09-02,404896,0,0
2021-09-01,455094,0,0
2021-08-31,508719,0,0
2021-08-30,528948,0,0
2021-08-29,444715,1,0
2021-08-28,471359,1,0
2021-08-27,583902,0,0
2021-08-26,598650,0,0
2021-08-25,565729,0,0
2021-08-24,545593,0,0
2021-08-23,514700,0,0
2021-08-22,474030,1,0
2021-08-21,500330,1,0
2021-08-20,525709,0,0
2021-08-19,543100,0,0
2021-08-18,516433,0,0
2021-08-17,494718,0,0
2021-08-16,472967,0,0
2021-08-15,440552,1,0
2021-08-14,530336,1,0
2021-08-13,600360,0,0
2021-08-12,591527,0,0
2021-08-11,576272,0,0
2021-08-10,533246,0,0
2021-08-09,506104,0,0
2021-08-08,450707,1,0
2021-08-07,480482,1,0
2021-08-06,495648,0,0
2021-08-05,453627,0,0
2021-08-04,435027,0,0
2021-08-03,428325,0,0
2021-08-02,432120,0,0
2021-08-01,393980,1,0
2021-07-31,384501,1,0
2021-07-30,455163,0,0
2021-07-29,471653,0,0
2021-07-28,490337,0,0
2021-07-27,522558,0,0
2021-07-26,532521,0,0
2021-07-25,463355,1,0
2021-07-24,436459,1,0
2021-07-23,458287,0,0
2021-07-22,459845,0,0
2021-07-21,491012,0,0
2021-07-20,525650,0,0
2021-07-19,495959,0,0
2021-07-18,474043,1,0
2021-07-17,514869,1,0
2021-07-16,570552,0,0
2021-07-15,551789,0,0
2021-07-14,516042,0,0
2021-07-13,484708,0,0
2021-07-12,496398,0,0
2021-07-11,430384,1,0
2021-07-10,448446,1,0
2021-07-09,498113,0,0
2021-07-08,515975,0,0
2021-07-07,550353,0,0
2021-07-06,538613,0,0
2021-07-05,439509,0,1
2021-07-04,372944,1,1
2021-07-03,377791,1,0
2021-07-02,465323,0,0
2021-07-01,529786,0,0
2021-06-30,614517,0,0
2021-06-29,618929,0,0
2021-06-28,594510,0,0
2021-06-27,510104,1,0
2021-06-26,464480,1,0
2021-06-25,435296,0,0
2021-06-24,411361,0,0
2021-06-23,392962,0,0
2021-06-22,446933,0,0
2021-06-21,531239,0,0
2021-06-20,451424,1,0
2021-06-19,450071,1,1
2021-06-18,423960,0,1
2021-06-17,397991,0,0
2021-06-16,401587,0,0
2021-06-15,425076,0,0
2021-06-14,417920,0,0
2021-06-13,384833,1,0
2021-06-12,383299,1,0
2021-06-11,415274,0,0
2021-06-10,482074,0,0
2021-06-09,545958,0,0
2021-06-08,535458,0,0
2021-06-07,538108,0,0
2021-06-06,480108,1,0
2021-06-05,435041,1,0
2021-06-04,417200,0,0
2021-06-03,394875,0,0
2021-06-02,384575,0,0
2021-06-01,368916,0,0
2021-05-31,331594,0,1
2021-05-30,338613,1,0
2021-05-29,344443,1,0
2021-05-28,376794,0,0
2021-05-27,421184,0,0
2021-05-26,444047,0,0
2021-05-25,395964,0,0
2021-05-24,384548,0,0
2021-05-23,425957,1,0
2021-05-22,406830,1,0
2021-05-21,406843,0,0
2021-05-20,401067,0,0
2021-05-19,403734,0,0
2021-05-18,377601,0,0
2021-05-17,362224,0,0
2021-05-16,327384,1,0
2021-05-15,328050,1,0
2021-05-14,351062,0,0
2021-05-13,350029,0,0
2021-05-12,351423,0,0
2021-05-11,353517,0,0
2021-05-10,356421,0,0
2021-05-09,321625,1,0
2021-05-08,333170,1,0
2021-05-07,348856,0,0
2021-05-06,345402,0,0
2021-05-05,360820,0,0
2021-05-04,358866,0,0
2021-05-03,355985,0,0
2021-05-02,324709,1,0
2021-05-01,326083,1,0
2021-04-30,359708,0,0
2021-04-29,369526,0,0
2021-04-28,357300,0,0
2021-04-27,355317,0,0
2021-04-26,354532,0,0
2021-04-25,329845,1,0
2021-04-24,324378,1,0
2021-04-23,360100,0,0
2021-04-22,382974,0,0
2021-04-21,373686,0,0
2021-04-20,357950,0,0
2021-04-19,350865,0,0
2021-04-18,325231,1,0
2021-04-17,341334,1,0
2021-04-16,373125,0,0
2021-04-15,371205,0,0
2021-04-14,351319,0,0
2021-04-13,355382,0,0
2021-04-12,368415,0,0
2021-04-11,331019,1,0
2021-04-10,324769,1,0
2021-04-09,348447,0,0
2021-04-08,347105,0,0
2021-04-07,349595,0,0
2021-04-06,351856,0,0
2021-04-05,352706,0,0
2021-04-04,329017,1,0
2021-04-03,352411,1,0
2021-04-02,382735,0,0
2021-04-01,378817,0,0
2021-03-31,366803,0,0
2021-03-30,358829,0,0
2021-03-29,366955,0,0
2021-03-28,343406,1,0
2021-03-27,330055,1,0
2021-03-26,357933,0,0
2021-03-25,356242,0,0
2021-03-24,370445,0,0
2021-03-23,360592,0,0
2021-03-22,364768,0,0
2021-03-21,346588,1,0
2021-03-20,365911,1,0
2021-03-19,403090,0,0
2021-03-18,410431,0,0
2021-03-17,406417,0,0
2021-03-16,432976,0,0
2021-03-15,422442,0,0
2021-03-14,352123,1,0
2021-03-13,361434,1,0
2021-03-12,363170,0,0
2021-03-11,372488,0,0
2021-03-10,381957,0,0
2021-03-09,390131,0,0
2021-03-08,420040,0,0
2021-03-07,393435,1,0
2021-03-06,412873,1,0
2021-03-05,428893,0,0
2021-03-04,413658,0,0
2021-03-03,410133,0,0
2021-03-02,437235,0,0
2021-03-01,414947,0,0
2021-02-28,381413,1,0
2021-02-27,389255,1,0
2021-02-26,406528,0,0
2021-02-25,404842,0,0
2021-02-24,405350,0,0
2021-02-23,429113,0,0
2021-02-22,446062,0,0
2021-02-21,413940,1,0
2021-02-20,422977,1,0
2021-02-19,452039,0,0
2021-02-18,461188,0,0
2021-02-17,444978,0,0
2021-02-16,431607,0,0
2021-02-15,438248,0,1
2021-02-14,420995,1,0
2021-02-13,441065,1,0
2021-02-12,462071,0,0
2021-02-11,455649,0,0
2021-02-10,451682,0,0
2021-02-09,461958,0,0
2021-02-08,460103,0,0
2021-02-07,425338,1,0
2021-02-06,406996,1,0
2021-02-05,427449,0,0
2021-02-04,435958,0,0
2021-02-03,451157,0,0
2021-02-02,454581,0,0
2021-02-01,464642,0,0
2021-01-31,451538,1,0
2021-01-30,452002,1,0
2021-01-29,481893,0,0
2021-01-28,457481,0,0
2021-01-27,443123,0,0
2021-01-26,449777,0,0
2021-01-25,446285,0,0
2021-01-24,426810,1,0
2021-01-23,423179,1,0
2021-01-22,425015,0,0
2021-01-21,440899,0,0
2021-01-20,434838,0,0
2021-01-19,427503,0,0
2021-01-18,409343,0,1
2021-01-17,388142,1,0
2021-01-16,391838,1,0
2021-01-15,418092,0,0
2021-01-14,417053,0,0
2021-01-13,428535,0,0
2021-01-12,430982,0,0
2021-01-11,439489,0,0
2021-01-10,407166,1,0
2021-01-09,417297,1,0
2021-01-08,437653,0,0
2021-01-07,429691,0,0
2021-01-06,425229,0,0
2021-01-05,421016,0,0
2021-01-04,419854,0,0
2021-01-03,400773,1,0
2021-01-02,386757,1,0
2021-01-01,394458,0,1
2020-12-31,409804,0,0
2020-12-30,431655,0,0
2020-12-29,425497,0,0
2020-12-28,418723,0,0
2020-12-27,409582,1,0
2020-12-26,414776,1,0
2020-12-25,374831,0,1
2020-12-24,395338,0,0
2020-12-23,423610,0,0
2020-12-22,425866,0,0
2020-12-21,429495,0,0
2020-12-20,421354,1,0
2020-12-19,440992,1,0
2020-12-18,459992,0,0
2020-12-17,456506,0,0
2020-12-16,462739,0,0
2020-12-15,433832,0,0
2020-12-14,421772,0,0
2020-12-13,370036,1,0
2020-12-12,384119,1,0
2020-12-11,405539,0,0
2020-12-10,417418,0,0
2020-12-09,437546,0,0
2020-12-08,439286,0,0
2020-12-07,427538,0,0
2020-12-06,393226,1,0
2020-12-05,388790,1,0
2020-12-04,400374,0,0
2020-12-03,405187,0,0
2020-12-02,413585,0,0
2020-12-01,391636,0,0
2020-11-30,397672,0,0
2020-11-29,357775,1,0
2020-11-28,356781,1,0
2020-11-27,353285,0,0
2020-11-26,354877,0,1
2020-11-25,392693,0,0
2020-11-24,396220,0,0
2020-11-23,390956,0,0
2020-11-22,368526,1,0
2020-11-21,354913,1,0
2020-11-20,377500,0,0
2020-11-19,407893,0,0
2020-11-18,417364,0,0
2020-11-17,401069,0,0
2020-11-16,383362,0,0
2020-11-15,360657,1,0
2020-11-14,359465,1,0
2020-11-13,386797,0,0
2020-11-12,381135,0,0
2020-11-11,378257,0,1
2020-11-10,372050,0,0
2020-11-09,368160,0,0
2020-11-08,336662,1,0
2020-11-07,341890,1,0
2020-11-06,367269,0,0
2020-11-05,374554,0,0
2020-11-04,385107,0,0
2020-11-03,398826,0,0
2020-11-02,404530,0,0
2020-11-01,383759,1,0
2020-10-31,368979,1,0
2020-10-30,397989,0,0
2020-10-29,390508,0,0
2020-10-28,382536,0,0
2020-10-27,378156,0,0
2020-10-26,382988,0,0
2020-10-25,343680,1,0
2020-10-24,351243,1,0
2020-10-23,380120,0,0
2020-10-22,384146,0,0
2020-10-21,380997,0,0
2020-10-20,378932,0,0
2020-10-19,371610,0,0
2020-10-18,340508,1,0
2020-10-17,341083,1,0
2020-10-16,376725,0,0
2020-10-15,371138,0,0
2020-10-14,364062,0,0
2020-10-13,372711,0,0
2020-10-12,366810,0,1
2020-10-11,337765,1,0
2020-10-10,346165,1,0
2020-10-09,360226,0,0
2020-10-08,360432,0,0
2020-10-07,373802,0,0
2020-10-06,369584,0,0
2020-10-05,369120,0,0
2020-10-04,337140,1,0
2020-10-03,338230,1,0
2020-10-02,369260,0,0
2020-10-01,377009,0,0
2020-09-30,390493,0,0
2020-09-29,422852,0,0
2020-09-28,435307,0,0
2020-09-27,394631,1,0
2020-09-26,374133,1,0
2020-09-25,395374,0,0
2020-09-24,388222,0,0
2020-09-23,378242,0,0
2020-09-22,362793,0,0
2020-09-21,359453,0,0
2020-09-20,326551,1,0
2020-09-19,330142,1,0
2020-09-18,377325,0,0
2020-09-17,396564,0,0
2020-09-16,374388,0,0
2020-09-15,368274,0,0
2020-09-14,409808,0,0
2020-09-13,381824,1,0
2020-09-12,368403,1,0
2020-09-11,442151,0,0
2020-09-10,498260,0,0
2020-09-09,479793,0,0
2020-09-08,472367,0,0
2020-09-07,416752,0,1
2020-09-06,395508,1,0
2020-09-05,397321,1,0
2020-09-04,474323,0,0
2020-09-03,488441,0,0
2020-09-02,479008,0,0
2020-09-01,450704,0,0
2020-08-31,419440,0,0
2020-08-30,406151,1,0
2020-08-29,467998,1,0
2020-08-28,488871,0,0
2020-08-27,492221,0,0
2020-08-26,445425,0,0
2020-08-25,544676,0,0
2020-08-24,560478,0,0
2020-08-23,494350,1,0
2020-08-22,488545,1,0
2020-08-21,469932,0,0
2020-08-20,430165,0,0
2020-08-19,437148,0,0
2020-08-18,459762,0,0
2020-08-17,452051,0,0
2020-08-16,420784,1,0
2020-08-15,466205,1,0
2020-08-14,524632,0,0
2020-08-13,526121,0,0
2020-08-12,569205,0,0
2020-08-11,586464,0,0
2020-08-10,577610,0,0
2020-08-09,485315,1,0
2020-08-08,459416,1,0
2020-08-07,458152,0,0
2020-08-06,459526,0,0
2020-08-05,476606,0,0
2020-08-04,490292,0,0
2020-08-03,564260,0,0
2020-08-02,532933,1,0
2020-08-01,502101,1,0
2020-07-31,515962,0,0
2020-07-30,564827,0,0
2020-07-29,569606,0,0
2020-07-28,610363,0,0
2020-07-27,606105,0,0
2020-07-26,542869,1,0
2020-07-25,515492,1,0
2020-07-24,524058,0,0
2020-07-23,563358,0,0
2020-07-22,573146,0,0
2020-07-21,569133,0,0
2020-07-20,607949,0,0
2020-07-19,547632,1,0
2020-07-18,510991,1,0
2020-07-17,487883,0,0
2020-07-16,477647,0,0
2020-07-15,500716,0,0
2020-07-14,507747,0,0
2020-07-13,522728,0,0
2020-07-12,490645,1,0
2020-07-11,505563,1,0
2020-07-10,538624,0,0
2020-07-09,568242,0,0
2020-07-08,546111,0,0
2020-07-07,518063,0,0
2020-07-06,534612,0,0
2020-07-05,481033,1,0
2020-07-04,460584,1,1
2020-07-03,506370,0,1
2020-07-02,504550,0,0
2020-07-01,466835,0,0
2020-06-30,462231,0,0
2020-06-29,491415,0,0
2020-06-28,460176,1,0
2020-06-27,435377,1,0
2020-06-26,471196,0,0
2020-06-25,464667,0,0
2020-06-24,493863,0,0
2020-06-23,528120,0,0
2020-06-22,529362,0,0
2020-06-21,467528,1,0
2020-06-20,454682,1,0
2020-06-19,459477,0,0
2020-06-18,437800,0,0
2020-06-17,405260,0,0
2020-06-16,386066,0,0
2020-06-15,373907,0,0
2020-06-14,337827,1,0
2020-06-13,357046,1,0
2020-06-12,428356,0,0
2020-06-11,459278,0,0
2020-06-10,479478,0,0
2020-06-09,435300,0,0
2020-06-08,383467,0,0
2020-06-07,356636,1,0
2020-06-06,422362,1,0
2020-06-05,437673,0,0
2020-06-04,421995,0,0
2020-06-03,387358,0,0
2020-06-02,354817,0,0
2020-06-01,342877,0,0
2020-05-31,325062,1,0
2020-05-30,368260,1,0
2020-05-29,415414,0,0
2020-05-28,406851,0,0
2020-05-27,409021,0,0
2020-05-26,392903,0,0
2020-05-25,339453,0,1
2020-05-24,321627,1,0
2020-05-23,342404,1,0
2020-05-22,347239,0,0
2020-05-21,332967,0,0
2020-05-20,331513,0,0
2020-05-19,332387,0,0
2020-05-18,338796,0,0
2020-05-17,314957,1,0
2020-05-16,329775,1,0
2020-05-15,349492,0,0
2020-05-14,337978,0,0
2020-05-13,339307,0,0
2020-05-12,346632,0,0
2020-05-11,349356,0,0
2020-05-10,322396,1,0
2020-05-09,344123,1,0
2020-05-08,346524,0,0
2020-05-07,335328,0,0
2020-05-06,344727,0,0
2020-05-05,332300,0,0
2020-05-04,337291,0,0
2020-05-03,308151,1,0
2020-05-02,310851,1,0
2020-05-01,339664,0,0
2020-04-30,350924,0,0
2020-04-29,345988,0,0
2020-04-28,337534,0,0
2020-04-27,356112,0,0
2020-04-26,335571,1,0
2020-04-25,317807,1,0
2020-04-24,358646,0,0
2020-04-23,361849,0,0
2020-04-22,359643,0,0
2020-04-21,358177,0,0
2020-04-20,339649,0,0
2020-04-19,325658,1,0
2020-04-18,345884,1,0
2020-04-17,356150,0,0
2020-04-16,353853,0,0
2020-04-15,345929,0,0
2020-04-14,340531,0,0
2020-04-13,348042,0,0
2020-04-12,324822,1,0
2020-04-11,333834,1,0
2020-04-10,357981,0,0
2020-04-09,352504,0,0
2020-04-08,338419,0,0
2020-04-07,331020,0,0
2020-04-06,333526,0,0
2020-04-05,321898,1,0
2020-04-04,328054,1,0
2020-04-03,358318,0,0
2020-04-02,351628,0,0
2020-04-01,349971,0,0
2020-03-31,361358,0,0
2020-03-30,361216,0,0
2020-03-29,344658,1,0
2020-03-28,347609,1,0
2020-03-27,339755,0,0
2020-03-26,355344,0,0
2020-03-25,374212,0,0
2020-03-24,371179,0,0
2020-03-23,395706,0,0
2020-03-22,352376,1,0
2020-03-21,343949,1,0
2020-03-20,367884,0,0
2020-03-19,380107,0,0
2020-03-18,376854,0,0
2020-03-17,394858,0,0
2020-03-16,391246,0,0
2020-03-15,353826,1,0
2020-03-14,362292,1,0
2020-03-13,384709,0,0
2020-03-12,394063,0,0
2020-03-11,384731,0,0
2020-03-10,382426,0,0
2020-03-09,376289,0,0
2020-03-08,350689,1,0
2020-03-07,380774,1,0
2020-03-06,408751,0,0
2020-03-05,393813,0,0
2020-03-04,393351,0,0
2020-03-03,391910,0,0
2020-03-02,404208,0,0
2020-03-01,397138,1,0
2020-02-29,414052,1,0
2020-02-28,434930,0,0
2020-02-27,422754,0,0
2020-02-26,410856,0,0
2020-02-25,403968,0,0
2020-02-24,396988,0,0
2020-02-23,376711,1,0
2020-02-22,397737,1,0
2020-02-21,440743,0,0
2020-02-20,438932,0,0
2020-02-19,416059,0,0
2020-02-18,428817,0,0
2020-02-17,406172,0,1
2020-02-16,402422,1,0
2020-02-15,436670,1,0
2020-02-14,441719,0,0
2020-02-13,428721,0,0
2020-02-12,415697,0,0
2020-02-11,419608,0,0
2020-02-10,425057,0,0
2020-02-09,407441,1,0
2020-02-08,415093,1,0
2020-02-07,431139,0,0
2020-02-06,433669,0,0
2020-02-05,420674,0,0
2020-02-04,415349,0,0
2020-02-03,410942,0,0
2020-02-02,394120,1,0
2020-02-01,402350,1,0
2020-01-31,434227,0,0
2020-01-30,443703,0,0
2020-01-29,432528,0,0
2020-01-28,427454,0,0
2020-01-27,423957,0,0
2020-01-26,389926,1,0
2020-01-25,402991,1,0
2020-01-24,419874,0,0
2020-01-23,439472,0,0
2020-01-22,450860,0,0
2020-01-21,466474,0,0
2020-01-20,455573,0,1
2020-01-19,412874,1,0
2020-01-18,449093,1,0
2020-01-17,457882,0,0
2020-01-16,424414,0,0
2020-01-15,408105,0,0
2020-01-14,418257,0,0
2020-01-13,419733,0,0
2020-01-12,366821,1,0
2020-01-11,374525,1,0
2020-01-10,430162,0,0
2020-01-09,457121,0,0
2020-01-08,441775,0,0
2020-01-07,432730,0,0
2020-01-06,432354,0,0
2020-01-05,396540,1,0
2020-01-04,389879,1,0
2020-01-03,411481,0,0
2020-01-02,416985,0,0
2020-01-01,395316,0,1
2019-12-31,410989,0,0
2019-12-30,420037,0,0
2019-12-29,390901,1,0
2019-12-28,384433,1,0
2019-12-27,406015,0,0
2019-12-26,416436,0,0
2019-12-25,381509,0,1
2019-12-24,401197,0,0
2019-12-23,417803,0,0
2019-12-22,415524,1,0
2019-12-21,445670,1,0
2019-12-20,475219,0,0
2019-12-19,488773,0,0
2019-12-18,458175,0,0
2019-12-17,455122,0,0
2019-12-16,444484,0,0
2019-12-15,401094,1,0
2019-12-14,397589,1,0
2019-12-13,439592,0,0
2019-12-12,453983,0,0
2019-12-11,444287,0,0
2019-12-10,417917,0,0
2019-12-09,426759,0,0
2019-12-08,416972,1,0
2019-12-07,416930,1,0
2019-12-06,436053,0,0
2019-12-05,437644,0,0
2019-12-04,442241,0,0
2019-12-03,444219,0,0
2019-12-02,444670,0,0
2019-12-01,419349,1,0
2019-11-30,395083,1,0
2019-11-29,396538,0,0
2019-11-28,370764,0,1
2019-11-27,401617,0,0
2019-11-26,399668,0,0
2019-11-25,407014,0,0
2019-11-24,389949,1,0
2019-11-23,388442,1,0
2019-11-22,410947,0,0
2019-11-21,409803,0,0
2019-11-20,417518,0,0
2019-11-19,415591,0,0
2019-11-18,422602,0,0
2019-11-17,401676,1,0
2019-11-16,398339,1,0
2019-11-15,417488,0,0
2019-11-14,439091,0,0
2019-11-13,445451,0,0
2019-11-12,428531,0,0
2019-11-11,401249,0,1
2019-11-10,375466,1,0
2019-11-09,391010,1,0
2019-11-08,410561,0,0
2019-11-07,401733,0,0
2019-11-06,388790,0,0
2019-11-05,393352,0,0
2019-11-04,391960,0,0
2019-11-03,372188,1,0
2019-11-02,357401,1,0
2019-11-01,377189,0,0
2019-10-31,393599,0,0
2019-10-30,382339,0,0
2019-10-29,379117,0,0
2019-10-28,375033,0,0
2019-10-27,357475,1,0
2019-10-26,345991,1,0
2019-10-25,377915,0,0
2019-10-24,377616,0,0
2019-10-23,375388,0,0
2019-10-22,383682,0,0
2019-10-21,374033,0,0
2019-10-20,349105,1,0
2019-10-19,345036,1,0
2019-10-18,376861,0,0
2019-10-17,383884,0,0
2019-10-16,387485,0,0
2019-10-15,373121,0,0
2019-10-14,374757,0,1
2019-10-13,337120,1,0
2019-10-12,346871,1,0
2019-10-11,373051,0,0
2019-10-10,374313,0,0
2019-10-09,375706,0,0
2019-10-08,381102,0,0
2019-10-07,404951,0,0
2019-10-06,357494,1,0
2019-10-05,344158,1,0
2019-10-04,380829,0,0
2019-10-03,398683,0,0
2019-10-02,477769,0,0
2019-10-01,436791,0,0
2019-09-30,398565,0,0
2019-09-29,394523,1,0
2019-09-28,403157,1,0
2019-09-27,402049,0,0
2019-09-26,427676,0,0
2019-09-25,417633,0,0
2019-09-24,438845,0,0
2019-09-23,495446,0,0
2019-09-22,423138,1,0
2019-09-21,390800,1,0
2019-09-20,393247,0,0
2019-09-19,384102,0,0
2019-09-18,394704,0,0
2019-09-17,411403,0,0
2019-09-16,436715,0,0
2019-09-15,408141,1,0
2019-09-14,387703,1,0
2019-09-13,400333,0,0
2019-09-12,471662,0,0
2019-09-11,500305,0,0
2019-09-10,439508,0,0
2019-09-09,421923,0,0
2019-09-08,376016,1,0
2019-09-07,368853,1,0
2019-09-06,406304,0,0
2019-09-05,435505,0,0
2019-09-04,486913,0,0
2019-09-03,461425,0,0
2019-09-02,416378,0,1
2019-09-01,391214,1,0
2019-08-31,418030,1,0
2019-08-30,463536,0,0
2019-08-29,454316,0,0
2019-08-28,455077,0,0
2019-08-27,425515,0,0
2019-08-26,419277,0,0
2019-08-25,389630,1,0
2019-08-24,397988,1,0
2019-08-23,463728,0,0
2019-08-22,550494,0,0
2019-08-21,566678,0,0
2019-08-20,553410,0,0
2019-08-19,561179,0,0
2019-08-18,511775,1,0
2019-08-17,493631,1,0
2019-08-16,497246,0,0
2019-08-15,501944,0,0
2019-08-14,508574,0,0
2019-08-13,514012,0,0
2019-08-12,496781,0,0
2019-08-11,418250,1,0
2019-08-10,432456,1,0
2019-08-09,491352,0,0
2019-08-08,518298,0,0
2019-08-07,523769,0,0
2019-08-06,517874,0,0
2019-08-05,506903,0,0
2019-08-04,490162,1,0
2019-08-03,504834,1,0
2019-08-02,520257,0,0
2019-08-01,532177,0,0
2019-07-31,564008,0,0
2019-07-30,610357,0,0
2019-07-29,597530,0,0
2019-07-28,524477,1,0
2019-07-27,499964,1,0
2019-07-26,518082,0,0
2019-07-25,501069,0,0
2019-07-24,491442,0,0
2019-07-23,495549,0,0
2019-07-22,573743,0,0
2019-07-21,619522,1,0
2019-07-20,623345,1,0
2019-07-19,585590,0,0
2019-07-18,557719,0,0
2019-07-17,600695,0,0
2019-07-16,568548,0,0
2019-07-15,529616,0,0
2019-07-14,511471,1,0
2019-07-13,494597,1,0
2019-07-12,532634,0,0
2019-07-11,557833,0,0
2019-07-10,555834,0,0
2019-07-09,514796,0,0
2019-07-08,484622,0,0
2019-07-07,481989,1,0
2019-07-06,535650,1,0
2019-07-05,543277,0,0
2019-07-04,513572,0,1
2019-07-03,543460,0,0
2019-07-02,510042,0,0
2019-07-01,482845,0,0
2019-06-30,453125,1,0
2019-06-29,511425,1,0
2019-06-28,531718,0,0
2019-06-27,528393,0,0
2019-06-26,514580,0,0
2019-06-25,496433,0,0
2019-06-24,468299,0,0
2019-06-23,403423,1,0
2019-06-22,391602,1,0
2019-06-21,431014,0,0
2019-06-20,448406,0,0
2019-06-19,438571,0,0
2019-06-18,440296,0,0
2019-06-17,438278,0,0
2019-06-16,389609,1,0
2019-06-15,375909,1,0
2019-06-14,388608,0,0
2019-06-13,394619,0,0
2019-06-12,403418,0,0
2019-06-11,412942,0,0
2019-06-10,412262,0,0
2019-06-09,378039,1,0
2019-06-08,392216,1,0
2019-06-07,433666,0,0
2019-06-06,451560,0,0
2019-06-05,416778,0,0
2019-06-04,383231,0,0
2019-06-03,388387,0,0
2019-06-02,383548,1,0
2019-06-01,381974,1,0
2019-05-31,405886,0,0
2019-05-30,388162,0,0
2019-05-29,393607,0,0
2019-05-28,403083,0,0
2019-05-27,378610,0,1
2019-05-26,371149,1,0
2019-05-25,347374,1,0
2019-05-24,386320,0,0
2019-05-23,388415,0,0
2019-05-22,376159,0,0
2019-05-21,378589,0,0
2019-05-20,421140,0,0
2019-05-19,354391,1,0
2019-05-18,338167,1,0
2019-05-17,375950,0,0
2019-05-16,368350,0,0
2019-05-15,371303,0,0
2019-05-14,385783,0,0
2019-05-13,386684,0,0
2019-05-12,345036,1,0
2019-05-11,334942,1,0
2019-05-10,376560,0,0
2019-05-09,369421,0,0
2019-05-08,366332,0,0
2019-05-07,369243,0,0
2019-05-06,364361,0,0
2019-05-05,340667,1,0
2019-05-04,342662,1,0
2019-05-03,371225,0,0
2019-05-02,375043,0,0
2019-05-01,378242,0,0
2019-04-30,376362,0,0
2019-04-29,373049,0,0
2019-04-28,347093,1,0
2019-04-27,349211,1,0
2019-04-26,372012,0,0
2019-04-25,360822,0,0
2019-04-24,367934,0,0
2019-04-23,367688,0,0
2019-04-22,365800,0,0
2019-04-21,329326,1,0
2019-04-20,347640,1,0
2019-04-19,366325,0,0
2019-04-18,377087,0,0
2019-04-17,353112,0,0
2019-04-16,378545,0,0
2019-04-15,384732,0,0
2019-04-14,348911,1,0
2019-04-13,345097,1,0
2019-04-12,383076,0,0
2019-04-11,394846,0,0
2019-04-10,383628,0,0
2019-04-09,382374,0,0
2019-04-08,380201,0,0
2019-04-07,342894,1,0
2019-04-06,358681,1,0
2019-04-05,407645,0,0
2019-04-04,389377,0,0
2019-04-03,389110,0,0
2019-04-02,401551,0,0
2019-04-01,404557,0,0
2019-03-31,363898,1,0
2019-03-30,356906,1,0
2019-03-29,395234,0,0
2019-03-28,404631,0,0
2019-03-27,407059,0,0
2019-03-26,407183,0,0
2019-03-25,398399,0,0
2019-03-24,374385,1,0
2019-03-23,393653,1,0
2019-03-22,415350,0,0
2019-03-21,412089,0,0
2019-03-20,405318,0,0
2019-03-19,415063,0,0
2019-03-18,419589,0,0
2019-03-17,385942,1,0
2019-03-16,379843,1,0
2019-03-15,394628,0,0
2019-03-14,403167,0,0
2019-03-13,424655,0,0
2019-03-12,426132,0,0
2019-03-11,419295,0,0
2019-03-10,392016,1,0
2019-03-09,403772,1,0
2019-03-08,450122,0,0
2019-03-07,470917,0,0
2019-03-06,470853,0,0
2019-03-05,456776,0,0
2019-03-04,440819,0,0
2019-03-03,400924,1,0
2019-03-02,413601,1,0
2019-03-01,444787,0,0
2019-02-28,453558,0,0
2019-02-27,468948,0,0
2019-02-26,454746,0,0
2019-02-25,441767,0,0
2019-02-24,394968,1,0
2019-02-23,400131,1,0
2019-02-22,421860,0,0
2019-02-21,427322,0,0
2019-02-20,462907,0,0
2019-02-19,453814,0,0
2019-02-18,435976,0,1
2019-02-17,403316,1,0
2019-02-16,399493,1,0
2019-02-15,423845,0,0
2019-02-14,437086,0,0
2019-02-13,448395,0,0
2019-02-12,467361,0,0
2019-02-11,448233,0,0
2019-02-10,421858,1,0
2019-02-09,433634,1,0
2019-02-08,428577,0,0
2019-02-07,428102,0,0
2019-02-06,429215,0,0
2019-02-05,414351,0,0
2019-02-04,417144,0,0
2019-02-03,411533,1,0
2019-02-02,463806,1,0
2019-02-01,509951,0,0
2019-01-31,524262,0,0
2019-01-30,486581,0,0
2019-01-29,467725,0,0
2019-01-28,459961,0,0
2019-01-27,418584,1,0
2019-01-26,434167,1,0
2019-01-25,446931,0,0
2019-01-24,440886,0,0
2019-01-23,465207,0,0
2019-01-22,500869,0,0
2019-01-21,513742,0,1
2019-01-20,446246,1,0
2019-01-19,435027,1,0
2019-01-18,452381,0,0
2019-01-17,463038,0,0
2019-01-16,454576,0,0
2019-01-15,461729,0,0
2019-01-14,467628,0,0
2019-01-13,435061,1,0
2019-01-12,443034,1,0
2019-01-11,467493,0,0
2019-01-10,454472,0,0
2019-01-09,432395,0,0
2019-01-08,435613,0,0
2019-01-07,454153,0,0
2019-01-06,398117,1,0
2019-01-05,400156,1,0
2019-01-04,424798,0,0
2019-01-03,431709,0,0
2019-01-02,430733,0,0
2019-01-01,380514,0,1
